// mcLoadingScreen — 320x170 RGB565, generated by tools/png2rgb565.py
static const uint16_t mcLoadingScreenWidth  = 320;
static const uint16_t mcLoadingScreenHeight = 170;
static const uint16_t mcLoadingScreen[] PROGMEM = {
    0x5CE7, 0x3B64, 0x3B64, 0x5CE7, 0x3B64, 0x3B64, 0x5CE7, 0x5CE7, 0x5CE7, 0x3B64, 0x5CE7, 0x5CE7,
    0x5CE7, 0x5CE7, 0x5CE7, 0x5CE7, 0x5CE7, 0x3B64, 0x3B64, 0x5CE7, 0x3B64, 0x3B64, 0x5CE7, 0x5CE7,
    0x5CE7, 0x3B64, 0x5CE7, 0x5CE7, 0x5CE7, 0x5CE7, 0x5CE7, 0x5CE7, 0x5CE7, 0x3B64, 0x3B64, 0x5CE7,
    0x3B64, 0x3B64, 0x5CE7, 0x5CE7, 0x5CE7, 0x3B64, 0x5CE7, 0x5CE7, 0x5CE7, 0x5CE7, 0x5CE7, 0x5CE7,
    0x5CE7, 0x3B64, 0x3B64, 0x5CE7, 0x3B64, 0x3B64, 0x5CE7, 0x5CE7, 0x5CE7, 0x3B64, 0x5CE7, 0x5CE7,
    0x5CE7, 0x5CE7, 0x5CE7, 0x5CE7, 0x5CE7, 0x3B64, 0x3B64, 0x5CE7, 0x3B64, 0x3B64, 0x5CE7, 0x5CE7,
    0x5CE7, 0x3B64, 0x5CE7, 0x5CE7, 0x5CE7, 0x5CE7, 0x5CE7, 0x5CE7, 0x5CE7, 0x3B64, 0x3B64, 0x5CE7,
    0x3B64, 0x3B64, 0x5CE7, 0x5CE7, 0x5CE7, 0x3B64, 0x5CE7, 0x5CE7, 0x5CE7, 0x5CE7, 0x5CE7, 0x5CE7,
    0x5CE7, 0x3B64, 0x3B64, 0x5CE7, 0x3B64, 0x3B64, 0x5CE7, 0x5CE7, 0x5CE7, 0x3B64, 0x5CE7, 0x5CE7,
    0x5CE7, 0x5CE7, 0x5CE7, 0x5CE7, 0x5CE7, 0x3B64, 0x3B64, 0x5CE7, 0x3B64, 0x3B64, 0x5CE7, 0x5CE7,
    0x5CE7, 0x3B64, 0x5CE7, 0x5CE7, 0x5CE7, 0x5CE7, 0x5CE7, 0x5CE7, 0x5CE7, 0x3B64, 0x3B64, 0x5CE7,
    0x3B64, 0x3B64, 0x5CE7, 0x5CE7, 0x5CE7, 0x3B64, 0x5CE7, 0x5CE7, 0x5CE7, 0x5CE7, 0x5CE7, 0x5CE7,
    0x5CE7, 0x3B64, 0x3B64, 0x5CE7, 0x3B64, 0x3B64, 0x5CE7, 0x5CE7, 0x5CE7, 0x3B64, 0x5CE7, 0x5CE7,
    0x5CE7, 0x5CE7, 0x5CE7, 0x5CE7, 0x5CE7, 0x3B64, 0x3B64, 0x5CE7, 0x3B64, 0x3B64, 0x5CE7, 0x5CE7,
    0x5CE7, 0x3B64, 0x5CE7, 0x5CE7, 0x5CE7, 0x5CE7, 0x5CE7, 0x5CE7, 0x5CE7, 0x3B64, 0x3B64, 0x5CE7,
    0x3B64, 0x3B64, 0x5CE7, 0x5CE7, 0x5CE7, 0x3B64, 0x5CE7, 0x5CE7, 0x5CE7, 0x5CE7, 0x5CE7, 0x5CE7,
    0x5CE7, 0x3B64, 0x3B64, 0x5CE7, 0x3B64, 0x3B64, 0x5CE7, 0x5CE7, 0x5CE7, 0x3B64, 0x5CE7, 0x5CE7,
    0x5CE7, 0x5CE7, 0x5CE7, 0x5CE7, 0x5CE7, 0x3B64, 0x3B64, 0x5CE7, 0x3B64, 0x3B64, 0x5CE7, 0x5CE7,
    0x5CE7, 0x3B64, 0x5CE7, 0x5CE7, 0x5CE7, 0x5CE7, 0x5CE7, 0x5CE7, 0x5CE7, 0x3B64, 0x3B64, 0x5CE7,
    0x3B64, 0x3B64, 0x5CE7, 0x5CE7, 0x5CE7, 0x3B64, 0x5CE7, 0x5CE7, 0x5CE7, 0x5CE7, 0x5CE7, 0x5CE7,
    0x5CE7, 0x3B64, 0x3B64, 0x5CE7, 0x3B64, 0x3B64, 0x5CE7, 0x5CE7, 0x5CE7, 0x3B64, 0x5CE7, 0x5CE7,
    0x5CE7, 0x5CE7, 0x5CE7, 0x5CE7, 0x5CE7, 0x3B64, 0x3B64, 0x5CE7, 0x3B64, 0x3B64, 0x5CE7, 0x5CE7,
    0x5CE7, 0x3B64, 0x5CE7, 0x5CE7, 0x5CE7, 0x5CE7, 0x5CE7, 0x5CE7, 0x5CE7, 0x3B64, 0x3B64, 0x5CE7,
    0x3B64, 0x3B64, 0x5CE7, 0x5CE7, 0x5CE7, 0x3B64, 0x5CE7, 0x5CE7, 0x5CE7, 0x5CE7, 0x5CE7, 0x5CE7,
    0x5CE7, 0x3B64, 0x3B64, 0x5CE7, 0x3B64, 0x3B64, 0x5CE7, 0x5CE7, 0x5CE7, 0x3B64, 0x5CE7, 0x5CE7,
    0x5CE7, 0x5CE7, 0x5CE7, 0x5CE7, 0x5CE7, 0x3B64, 0x3B64, 0x5CE7, 0x3B64, 0x3B64, 0x5CE7, 0x5CE7,
    0x5CE7, 0x3B64, 0x5CE7, 0x5CE7, 0x5CE7, 0x5CE7, 0x5CE7, 0x5CE7, 0x5CE7, 0x3B64, 0x5CE7, 0x5CE7,
    0x5CE7, 0x3B64, 0x5CE7, 0x5CE7, 0x5CE7, 0x5CE7, 0x5CE7, 0x5CE7, 0x5CE7, 0x5CE7, 0x3B64, 0x5CE7,
    0x5CE7, 0x3B64, 0x5CE7, 0x5CE7, 0x5CE7, 0x3B64, 0x5CE7, 0x5CE7, 0x5CE7, 0x5CE7, 0x5CE7, 0x5CE7,
    0x5CE7, 0x5CE7, 0x3B64, 0x5CE7, 0x5CE7, 0x3B64, 0x5CE7, 0x5CE7, 0x5CE7, 0x3B64, 0x5CE7, 0x5CE7,
    0x5CE7, 0x5CE7, 0x5CE7, 0x5CE7, 0x5CE7, 0x5CE7, 0x3B64, 0x5CE7, 0x5CE7, 0x3B64, 0x5CE7, 0x5CE7,
    0x5CE7, 0x3B64, 0x5CE7, 0x5CE7, 0x5CE7, 0x5CE7, 0x5CE7, 0x5CE7, 0x5CE7, 0x5CE7, 0x3B64, 0x5CE7,
    0x5CE7, 0x3B64, 0x5CE7, 0x5CE7, 0x5CE7, 0x3B64, 0x5CE7, 0x5CE7, 0x5CE7, 0x5CE7, 0x5CE7, 0x5CE7,
    0x5CE7, 0x5CE7, 0x3B64, 0x5CE7, 0x5CE7, 0x3B64, 0x5CE7, 0x5CE7, 0x5CE7, 0x3B64, 0x5CE7, 0x5CE7,
    0x5CE7, 0x5CE7, 0x5CE7, 0x5CE7, 0x5CE7, 0x5CE7, 0x3B64, 0x5CE7, 0x5CE7, 0x3B64, 0x5CE7, 0x5CE7,
    0x5CE7, 0x3B64, 0x5CE7, 0x5CE7, 0x5CE7, 0x5CE7, 0x5CE7, 0x5CE7, 0x5CE7, 0x5CE7, 0x3B64, 0x5CE7,
    0x5CE7, 0x3B64, 0x5CE7, 0x5CE7, 0x5CE7, 0x3B64, 0x5CE7, 0x5CE7, 0x5CE7, 0x5CE7, 0x5CE7, 0x5CE7,
    0x5CE7, 0x5CE7, 0x3B64, 0x5CE7, 0x5CE7, 0x3B64, 0x5CE7, 0x5CE7, 0x5CE7, 0x3B64, 0x5CE7, 0x5CE7,
    0x5CE7, 0x5CE7, 0x5CE7, 0x5CE7, 0x5CE7, 0x5CE7, 0x3B64, 0x5CE7, 0x5CE7, 0x3B64, 0x5CE7, 0x5CE7,
    0x5CE7, 0x3B64, 0x5CE7, 0x5CE7, 0x5CE7, 0x5CE7, 0x5CE7, 0x5CE7, 0x5CE7, 0x5CE7, 0x3B64, 0x5CE7,
    0x5CE7, 0x3B64, 0x5CE7, 0x5CE7, 0x5CE7, 0x3B64, 0x5CE7, 0x5CE7, 0x5CE7, 0x5CE7, 0x5CE7, 0x5CE7,
    0x5CE7, 0x5CE7, 0x3B64, 0x5CE7, 0x5CE7, 0x3B64, 0x5CE7, 0x5CE7, 0x5CE7, 0x3B64, 0x5CE7, 0x5CE7,
    0x5CE7, 0x5CE7, 0x5CE7, 0x5CE7, 0x5CE7, 0x5CE7, 0x3B64, 0x5CE7, 0x5CE7, 0x3B64, 0x5CE7, 0x5CE7,
    0x5CE7, 0x3B64, 0x5CE7, 0x5CE7, 0x5CE7, 0x5CE7, 0x5CE7, 0x5CE7, 0x5CE7, 0x5CE7, 0x3B64, 0x5CE7,
    0x5CE7, 0x3B64, 0x5CE7, 0x5CE7, 0x5CE7, 0x3B64, 0x5CE7, 0x5CE7, 0x5CE7, 0x5CE7, 0x5CE7, 0x5CE7,
    0x5CE7, 0x5CE7, 0x3B64, 0x5CE7, 0x5CE7, 0x3B64, 0x5CE7, 0x5CE7, 0x5CE7, 0x3B64, 0x5CE7, 0x5CE7,
    0x5CE7, 0x5CE7, 0x5CE7, 0x5CE7, 0x5CE7, 0x5CE7, 0x3B64, 0x5CE7, 0x5CE7, 0x3B64, 0x5CE7, 0x5CE7,
    0x5CE7, 0x3B64, 0x5CE7, 0x5CE7, 0x5CE7, 0x5CE7, 0x5CE7, 0x5CE7, 0x5CE7, 0x5CE7, 0x3B64, 0x5CE7,
    0x5CE7, 0x3B64, 0x5CE7, 0x5CE7, 0x5CE7, 0x3B64, 0x5CE7, 0x5CE7, 0x5CE7, 0x5CE7, 0x5CE7, 0x5CE7,
    0x5CE7, 0x5CE7, 0x3B64, 0x5CE7, 0x5CE7, 0x3B64, 0x5CE7, 0x5CE7, 0x5CE7, 0x3B64, 0x5CE7, 0x5CE7,
    0x5CE7, 0x5CE7, 0x5CE7, 0x5CE7, 0x5CE7, 0x5CE7, 0x3B64, 0x5CE7, 0x5CE7, 0x3B64, 0x5CE7, 0x5CE7,
    0x5CE7, 0x3B64, 0x5CE7, 0x5CE7, 0x5CE7, 0x5CE7, 0x5CE7, 0x5CE7, 0x5CE7, 0x5CE7, 0x3B64, 0x5CE7,
    0x5CE7, 0x3B64, 0x5CE7, 0x5CE7, 0x5CE7, 0x3B64, 0x5CE7, 0x5CE7, 0x5CE7, 0x5CE7, 0x5CE7, 0x5CE7,
    0x5CE7, 0x5CE7, 0x3B64, 0x5CE7, 0x5CE7, 0x5CE7, 0x5CE7, 0x5CE7, 0x3B64, 0x5CE7, 0x5CE7, 0x3B64,
    0x3B64, 0x5CE7, 0x3B64, 0x5CE7, 0x5CE7, 0x5CE7, 0x5CE7, 0x5CE7, 0x5CE7, 0x5CE7, 0x5CE7, 0x5CE7,
    0x3B64, 0x5CE7, 0x5CE7, 0x3B64, 0x3B64, 0x5CE7, 0x3B64, 0x5CE7, 0x5CE7, 0x5CE7, 0x5CE7, 0x5CE7,
    0x5CE7, 0x5CE7, 0x5CE7, 0x5CE7, 0x3B64, 0x5CE7, 0x5CE7, 0x3B64, 0x3B64, 0x5CE7, 0x3B64, 0x5CE7,
    0x5CE7, 0x5CE7, 0x5CE7, 0x5CE7, 0x5CE7, 0x5CE7, 0x5CE7, 0x5CE7, 0x3B64, 0x5CE7, 0x5CE7, 0x3B64,
    0x3B64, 0x5CE7, 0x3B64, 0x5CE7, 0x5CE7, 0x5CE7, 0x5CE7, 0x5CE7, 0x5CE7, 0x5CE7, 0x5CE7, 0x5CE7,
    0x3B64, 0x5CE7, 0x5CE7, 0x3B64, 0x3B64, 0x5CE7, 0x3B64, 0x5CE7, 0x5CE7, 0x5CE7, 0x5CE7, 0x5CE7,
    0x5CE7, 0x5CE7, 0x5CE7, 0x5CE7, 0x3B64, 0x5CE7, 0x5CE7, 0x3B64, 0x3B64, 0x5CE7, 0x3B64, 0x5CE7,
    0x5CE7, 0x5CE7, 0x5CE7, 0x5CE7, 0x5CE7, 0x5CE7, 0x5CE7, 0x5CE7, 0x3B64, 0x5CE7, 0x5CE7, 0x3B64,
    0x3B64, 0x5CE7, 0x3B64, 0x5CE7, 0x5CE7, 0x5CE7, 0x5CE7, 0x5CE7, 0x5CE7, 0x5CE7, 0x5CE7, 0x5CE7,
    0x3B64, 0x5CE7, 0x5CE7, 0x3B64, 0x3B64, 0x5CE7, 0x3B64, 0x5CE7, 0x5CE7, 0x5CE7, 0x5CE7, 0x5CE7,
    0x5CE7, 0x5CE7, 0x5CE7, 0x5CE7, 0x3B64, 0x5CE7, 0x5CE7, 0x3B64, 0x3B64, 0x5CE7, 0x3B64, 0x5CE7,
    0x5CE7, 0x5CE7, 0x5CE7, 0x5CE7, 0x5CE7, 0x5CE7, 0x5CE7, 0x5CE7, 0x3B64, 0x5CE7, 0x5CE7, 0x3B64,
    0x3B64, 0x5CE7, 0x3B64, 0x5CE7, 0x5CE7, 0x5CE7, 0x5CE7, 0x5CE7, 0x5CE7, 0x5CE7, 0x5CE7, 0x5CE7,
    0x3B64, 0x5CE7, 0x5CE7, 0x3B64, 0x3B64, 0x5CE7, 0x3B64, 0x5CE7, 0x5CE7, 0x5CE7, 0x5CE7, 0x5CE7,
    0x5CE7, 0x5CE7, 0x5CE7, 0x5CE7, 0x3B64, 0x5CE7, 0x5CE7, 0x3B64, 0x3B64, 0x5CE7, 0x3B64, 0x5CE7,
    0x5CE7, 0x5CE7, 0x5CE7, 0x5CE7, 0x5CE7, 0x5CE7, 0x5CE7, 0x5CE7, 0x3B64, 0x5CE7, 0x5CE7, 0x3B64,
    0x3B64, 0x5CE7, 0x3B64, 0x5CE7, 0x5CE7, 0x5CE7, 0x5CE7, 0x5CE7, 0x5CE7, 0x5CE7, 0x5CE7, 0x5CE7,
    0x3B64, 0x5CE7, 0x5CE7, 0x3B64, 0x3B64, 0x5CE7, 0x3B64, 0x5CE7, 0x5CE7, 0x5CE7, 0x5CE7, 0x5CE7,
    0x5CE7, 0x5CE7, 0x5CE7, 0x5CE7, 0x3B64, 0x5CE7, 0x5CE7, 0x3B64, 0x3B64, 0x5CE7, 0x3B64, 0x5CE7,
    0x5CE7, 0x5CE7, 0x5CE7, 0x5CE7, 0x5CE7, 0x5CE7, 0x5CE7, 0x5CE7, 0x3B64, 0x5CE7, 0x5CE7, 0x3B64,
    0x3B64, 0x5CE7, 0x3B64, 0x5CE7, 0x5CE7, 0x5CE7, 0x5CE7, 0x5CE7, 0x5CE7, 0x5CE7, 0x5CE7, 0x5CE7,
    0x3B64, 0x5CE7, 0x5CE7, 0x3B64, 0x3B64, 0x5CE7, 0x3B64, 0x5CE7, 0x5CE7, 0x5CE7, 0x5CE7, 0x5CE7,
    0x5CE7, 0x5CE7, 0x5CE7, 0x5CE7, 0x3B64, 0x5CE7, 0x5CE7, 0x3B64, 0x3B64, 0x5CE7, 0x3B64, 0x5CE7,
    0x5CE7, 0x5CE7, 0x5CE7, 0x5CE7, 0x5CE7, 0x5CE7, 0x5CE7, 0x5CE7, 0x3B64, 0x5CE7, 0x5CE7, 0x3B64,
    0x3B64, 0x5CE7, 0x3B64, 0x5CE7, 0x5CE7, 0x5CE7, 0x5CE7, 0x5CE7, 0x5CE7, 0x5CE7, 0x5CE7, 0x5CE7,
    0x3B64, 0x5CE7, 0x5CE7, 0x3B64, 0x3B64, 0x5CE7, 0x3B64, 0x5CE7, 0x5CE7, 0x5CE7, 0x5CE7, 0x5CE7,
    0x5CE7, 0x5CE7, 0x5CE7, 0x5CE7, 0x3B64, 0x5CE7, 0x5CE7, 0x5CE7, 0x5CE7, 0x5CE7, 0x3B64, 0x5CE7,
    0x5CE7, 0x5CE7, 0x5CE7, 0x5CE7, 0x5CE7, 0x5CE7, 0x5CE7, 0x5CE7, 0x3B64, 0x5CE7, 0x5CE7, 0x5CE7,
    0x5CE7, 0x5CE7, 0x3B64, 0x5CE7, 0x5CE7, 0x5CE7, 0x5CE7, 0x5CE7, 0x5CE7, 0x5CE7, 0x5CE7, 0x5CE7,
    0x3B64, 0x5CE7, 0x5CE7, 0x5CE7, 0x5CE7, 0x5CE7, 0x3B64, 0x5CE7, 0x5CE7, 0x5CE7, 0x5CE7, 0x5CE7,
    0x5CE7, 0x5CE7, 0x5CE7, 0x5CE7, 0x3B64, 0x5CE7, 0x5CE7, 0x5CE7, 0x5CE7, 0x5CE7, 0x3B64, 0x5CE7,
    0x5CE7, 0x5CE7, 0x5CE7, 0x5CE7, 0x5CE7, 0x5CE7, 0x5CE7, 0x5CE7, 0x3B64, 0x5CE7, 0x5CE7, 0x5CE7,
    0x5CE7, 0x5CE7, 0x3B64, 0x5CE7, 0x5CE7, 0x5CE7, 0x5CE7, 0x5CE7, 0x5CE7, 0x5CE7, 0x5CE7, 0x5CE7,
    0x3B64, 0x5CE7, 0x5CE7, 0x5CE7, 0x5CE7, 0x5CE7, 0x3B64, 0x5CE7, 0x5CE7, 0x5CE7, 0x5CE7, 0x5CE7,
    0x5CE7, 0x5CE7, 0x5CE7, 0x5CE7, 0x3B64, 0x5CE7, 0x5CE7, 0x5CE7, 0x5CE7, 0x5CE7, 0x3B64, 0x5CE7,
    0x5CE7, 0x5CE7, 0x5CE7, 0x5CE7, 0x5CE7, 0x5CE7, 0x5CE7, 0x5CE7, 0x3B64, 0x5CE7, 0x5CE7, 0x5CE7,
    0x5CE7, 0x5CE7, 0x3B64, 0x5CE7, 0x5CE7, 0x5CE7, 0x5CE7, 0x5CE7, 0x5CE7, 0x5CE7, 0x5CE7, 0x5CE7,
    0x3B64, 0x5CE7, 0x5CE7, 0x5CE7, 0x5CE7, 0x5CE7, 0x3B64, 0x5CE7, 0x5CE7, 0x5CE7, 0x5CE7, 0x5CE7,
    0x5CE7, 0x5CE7, 0x5CE7, 0x5CE7, 0x3B64, 0x5CE7, 0x5CE7, 0x5CE7, 0x5CE7, 0x5CE7, 0x3B64, 0x5CE7,
    0x5CE7, 0x5CE7, 0x5CE7, 0x5CE7, 0x5CE7, 0x5CE7, 0x5CE7, 0x5CE7, 0x3B64, 0x5CE7, 0x5CE7, 0x5CE7,
    0x5CE7, 0x5CE7, 0x3B64, 0x5CE7, 0x5CE7, 0x5CE7, 0x5CE7, 0x5CE7, 0x5CE7, 0x5CE7, 0x5CE7, 0x5CE7,
    0x3B64, 0x5CE7, 0x5CE7, 0x5CE7, 0x5CE7, 0x5CE7, 0x3B64, 0x5CE7, 0x5CE7, 0x5CE7, 0x5CE7, 0x5CE7,
    0x5CE7, 0x5CE7, 0x5CE7, 0x5CE7, 0x3B64, 0x5CE7, 0x5CE7, 0x5CE7, 0x5CE7, 0x5CE7, 0x3B64, 0x5CE7,
    0x5CE7, 0x5CE7, 0x5CE7, 0x5CE7, 0x5CE7, 0x5CE7, 0x5CE7, 0x5CE7, 0x3B64, 0x5CE7, 0x5CE7, 0x5CE7,
    0x5CE7, 0x5CE7, 0x3B64, 0x5CE7, 0x5CE7, 0x5CE7, 0x5CE7, 0x5CE7, 0x5CE7, 0x5CE7, 0x5CE7, 0x5CE7,
    0x3B64, 0x5CE7, 0x5CE7, 0x5CE7, 0x5CE7, 0x5CE7, 0x3B64, 0x5CE7, 0x5CE7, 0x5CE7, 0x5CE7, 0x5CE7,
    0x5CE7, 0x5CE7, 0x5CE7, 0x5CE7, 0x3B64, 0x5CE7, 0x5CE7, 0x5CE7, 0x5CE7, 0x5CE7, 0x3B64, 0x5CE7,
    0x5CE7, 0x5CE7, 0x5CE7, 0x5CE7, 0x5CE7, 0x5CE7, 0x5CE7, 0x5CE7, 0x3B64, 0x5CE7, 0x5CE7, 0x5CE7,
    0x5CE7, 0x5CE7, 0x3B64, 0x5CE7, 0x5CE7, 0x5CE7, 0x5CE7, 0x5CE7, 0x5CE7, 0x5CE7, 0x5CE7, 0x5CE7,
    0x3B64, 0x5CE7, 0x5CE7, 0x5CE7, 0x5CE7, 0x5CE7, 0x3B64, 0x5CE7, 0x5CE7, 0x5CE7, 0x5CE7, 0x5CE7,
    0x5CE7, 0x5CE7, 0x5CE7, 0x5CE7, 0x3B64, 0x5CE7, 0x5CE7, 0x5CE7, 0x5CE7, 0x5CE7, 0x3B64, 0x5CE7,
    0x5CE7, 0x5CE7, 0x5CE7, 0x5CE7, 0x5CE7, 0x5CE7, 0x5CE7, 0x5CE7, 0x3B64, 0x5CE7, 0x5CE7, 0x5CE7,
    0x5CE7, 0x5CE7, 0x3B64, 0x5CE7, 0x5CE7, 0x5CE7, 0x5CE7, 0x5CE7, 0x5CE7, 0x5CE7, 0x5CE7, 0x3B64,
    0x5CE7, 0x3B64, 0x5CE7, 0x5CE7, 0x5CE7, 0x5CE7, 0x3B64, 0x3B64, 0x5CE7, 0x5CE7, 0x5CE7, 0x3B64,
    0x5CE7, 0x5CE7, 0x5CE7, 0x3B64, 0x5CE7, 0x3B64, 0x5CE7, 0x5CE7, 0x5CE7, 0x5CE7, 0x3B64, 0x3B64,
    0x5CE7, 0x5CE7, 0x5CE7, 0x3B64, 0x5CE7, 0x5CE7, 0x5CE7, 0x3B64, 0x5CE7, 0x3B64, 0x5CE7, 0x5CE7,
    0x5CE7, 0x5CE7, 0x3B64, 0x3B64, 0x5CE7, 0x5CE7, 0x5CE7, 0x3B64, 0x5CE7, 0x5CE7, 0x5CE7, 0x3B64,
    0x5CE7, 0x3B64, 0x5CE7, 0x5CE7, 0x5CE7, 0x5CE7, 0x3B64, 0x3B64, 0x5CE7, 0x5CE7, 0x5CE7, 0x3B64,
    0x5CE7, 0x5CE7, 0x5CE7, 0x3B64, 0x5CE7, 0x3B64, 0x5CE7, 0x5CE7, 0x5CE7, 0x5CE7, 0x3B64, 0x3B64,
    0x5CE7, 0x5CE7, 0x5CE7, 0x3B64, 0x5CE7, 0x5CE7, 0x5CE7, 0x3B64, 0x5CE7, 0x3B64, 0x5CE7, 0x5CE7,
    0x5CE7, 0x5CE7, 0x3B64, 0x3B64, 0x5CE7, 0x5CE7, 0x5CE7, 0x3B64, 0x5CE7, 0x5CE7, 0x5CE7, 0x3B64,
    0x5CE7, 0x3B64, 0x5CE7, 0x5CE7, 0x5CE7, 0x5CE7, 0x3B64, 0x3B64, 0x5CE7, 0x5CE7, 0x5CE7, 0x3B64,
    0x5CE7, 0x5CE7, 0x5CE7, 0x3B64, 0x5CE7, 0x3B64, 0x5CE7, 0x5CE7, 0x5CE7, 0x5CE7, 0x3B64, 0x3B64,
    0x5CE7, 0x5CE7, 0x5CE7, 0x3B64, 0x5CE7, 0x5CE7, 0x5CE7, 0x3B64, 0x5CE7, 0x3B64, 0x5CE7, 0x5CE7,
    0x5CE7, 0x5CE7, 0x3B64, 0x3B64, 0x5CE7, 0x5CE7, 0x5CE7, 0x3B64, 0x5CE7, 0x5CE7, 0x5CE7, 0x3B64,
    0x5CE7, 0x3B64, 0x5CE7, 0x5CE7, 0x5CE7, 0x5CE7, 0x3B64, 0x3B64, 0x5CE7, 0x5CE7, 0x5CE7, 0x3B64,
    0x5CE7, 0x5CE7, 0x5CE7, 0x3B64, 0x5CE7, 0x3B64, 0x5CE7, 0x5CE7, 0x5CE7, 0x5CE7, 0x3B64, 0x3B64,
    0x5CE7, 0x5CE7, 0x5CE7, 0x3B64, 0x5CE7, 0x5CE7, 0x5CE7, 0x3B64, 0x5CE7, 0x3B64, 0x5CE7, 0x5CE7,
    0x5CE7, 0x5CE7, 0x3B64, 0x3B64, 0x5CE7, 0x5CE7, 0x5CE7, 0x3B64, 0x5CE7, 0x5CE7, 0x5CE7, 0x3B64,
    0x5CE7, 0x3B64, 0x5CE7, 0x5CE7, 0x5CE7, 0x5CE7, 0x3B64, 0x3B64, 0x5CE7, 0x5CE7, 0x5CE7, 0x3B64,
    0x5CE7, 0x5CE7, 0x5CE7, 0x3B64, 0x5CE7, 0x3B64, 0x5CE7, 0x5CE7, 0x5CE7, 0x5CE7, 0x3B64, 0x3B64,
    0x5CE7, 0x5CE7, 0x5CE7, 0x3B64, 0x5CE7, 0x5CE7, 0x5CE7, 0x3B64, 0x5CE7, 0x3B64, 0x5CE7, 0x5CE7,
    0x5CE7, 0x5CE7, 0x3B64, 0x3B64, 0x5CE7, 0x5CE7, 0x5CE7, 0x3B64, 0x5CE7, 0x5CE7, 0x5CE7, 0x3B64,
    0x5CE7, 0x3B64, 0x5CE7, 0x5CE7, 0x5CE7, 0x5CE7, 0x3B64, 0x3B64, 0x5CE7, 0x5CE7, 0x5CE7, 0x3B64,
    0x5CE7, 0x5CE7, 0x5CE7, 0x3B64, 0x5CE7, 0x3B64, 0x5CE7, 0x5CE7, 0x5CE7, 0x5CE7, 0x3B64, 0x3B64,
    0x5CE7, 0x5CE7, 0x5CE7, 0x3B64, 0x5CE7, 0x5CE7, 0x5CE7, 0x3B64, 0x5CE7, 0x3B64, 0x5CE7, 0x5CE7,
    0x5CE7, 0x5CE7, 0x3B64, 0x3B64, 0x5CE7, 0x5CE7, 0x5CE7, 0x3B64, 0x5CE7, 0x5CE7, 0x5CE7, 0x3B64,
    0x5CE7, 0x3B64, 0x5CE7, 0x5CE7, 0x5CE7, 0x5CE7, 0x3B64, 0x3B64, 0x5CE7, 0x5CE7, 0x5CE7, 0x3B64,
    0x5CE7, 0x5CE7, 0x5CE7, 0x3B64, 0x5CE7, 0x3B64, 0x5CE7, 0x5CE7, 0x5CE7, 0x5CE7, 0x3B64, 0x3B64,
    0x5CE7, 0x5CE7, 0x5CE7, 0x3B64, 0x5CE7, 0x3B64, 0x5CE7, 0x5CE7, 0x5CE7, 0x5CE7, 0x5CE7, 0x5CE7,
    0x5CE7, 0x5CE7, 0x5CE7, 0x5CE7, 0x5CE7, 0x5CE7, 0x5CE7, 0x5CE7, 0x5CE7, 0x3B64, 0x5CE7, 0x5CE7,
    0x5CE7, 0x5CE7, 0x5CE7, 0x5CE7, 0x5CE7, 0x5CE7, 0x5CE7, 0x5CE7, 0x5CE7, 0x5CE7, 0x5CE7, 0x5CE7,
    0x5CE7, 0x3B64, 0x5CE7, 0x5CE7, 0x5CE7, 0x5CE7, 0x5CE7, 0x5CE7, 0x5CE7, 0x5CE7, 0x5CE7, 0x5CE7,
    0x5CE7, 0x5CE7, 0x5CE7, 0x5CE7, 0x5CE7, 0x3B64, 0x5CE7, 0x5CE7, 0x5CE7, 0x5CE7, 0x5CE7, 0x5CE7,
    0x5CE7, 0x5CE7, 0x5CE7, 0x5CE7, 0x5CE7, 0x5CE7, 0x5CE7, 0x5CE7, 0x5CE7, 0x3B64, 0x5CE7, 0x5CE7,
    0x5CE7, 0x5CE7, 0x5CE7, 0x5CE7, 0x5CE7, 0x5CE7, 0x5CE7, 0x5CE7, 0x5CE7, 0x5CE7, 0x5CE7, 0x5CE7,
    0x5CE7, 0x3B64, 0x5CE7, 0x5CE7, 0x5CE7, 0x5CE7, 0x5CE7, 0x5CE7, 0x5CE7, 0x5CE7, 0x5CE7, 0x5CE7,
    0x5CE7, 0x5CE7, 0x5CE7, 0x5CE7, 0x5CE7, 0x3B64, 0x5CE7, 0x5CE7, 0x5CE7, 0x5CE7, 0x5CE7, 0x5CE7,
    0x5CE7, 0x5CE7, 0x5CE7, 0x5CE7, 0x5CE7, 0x5CE7, 0x5CE7, 0x5CE7, 0x5CE7, 0x3B64, 0x5CE7, 0x5CE7,
    0x5CE7, 0x5CE7, 0x5CE7, 0x5CE7, 0x5CE7, 0x5CE7, 0x5CE7, 0x5CE7, 0x5CE7, 0x5CE7, 0x5CE7, 0x5CE7,
    0x5CE7, 0x3B64, 0x5CE7, 0x5CE7, 0x5CE7, 0x5CE7, 0x5CE7, 0x5CE7, 0x5CE7, 0x5CE7, 0x5CE7, 0x5CE7,
    0x5CE7, 0x5CE7, 0x5CE7, 0x5CE7, 0x5CE7, 0x3B64, 0x5CE7, 0x5CE7, 0x5CE7, 0x5CE7, 0x5CE7, 0x5CE7,
    0x5CE7, 0x5CE7, 0x5CE7, 0x5CE7, 0x5CE7, 0x5CE7, 0x5CE7, 0x5CE7, 0x5CE7, 0x3B64, 0x5CE7, 0x5CE7,
    0x5CE7, 0x5CE7, 0x5CE7, 0x5CE7, 0x5CE7, 0x5CE7, 0x5CE7, 0x5CE7, 0x5CE7, 0x5CE7, 0x5CE7, 0x5CE7,
    0x5CE7, 0x3B64, 0x5CE7, 0x5CE7, 0x5CE7, 0x5CE7, 0x5CE7, 0x5CE7, 0x5CE7, 0x5CE7, 0x5CE7, 0x5CE7,
    0x5CE7, 0x5CE7, 0x5CE7, 0x5CE7, 0x5CE7, 0x3B64, 0x5CE7, 0x5CE7, 0x5CE7, 0x5CE7, 0x5CE7, 0x5CE7,
    0x5CE7, 0x5CE7, 0x5CE7, 0x5CE7, 0x5CE7, 0x5CE7, 0x5CE7, 0x5CE7, 0x5CE7, 0x3B64, 0x5CE7, 0x5CE7,
    0x5CE7, 0x5CE7, 0x5CE7, 0x5CE7, 0x5CE7, 0x5CE7, 0x5CE7, 0x5CE7, 0x5CE7, 0x5CE7, 0x5CE7, 0x5CE7,
    0x5CE7, 0x3B64, 0x5CE7, 0x5CE7, 0x5CE7, 0x5CE7, 0x5CE7, 0x5CE7, 0x5CE7, 0x5CE7, 0x5CE7, 0x5CE7,
    0x5CE7, 0x5CE7, 0x5CE7, 0x5CE7, 0x5CE7, 0x3B64, 0x5CE7, 0x5CE7, 0x5CE7, 0x5CE7, 0x5CE7, 0x5CE7,
    0x5CE7, 0x5CE7, 0x5CE7, 0x5CE7, 0x5CE7, 0x5CE7, 0x5CE7, 0x5CE7, 0x5CE7, 0x3B64, 0x5CE7, 0x5CE7,
    0x5CE7, 0x5CE7, 0x5CE7, 0x5CE7, 0x5CE7, 0x5CE7, 0x5CE7, 0x5CE7, 0x5CE7, 0x5CE7, 0x5CE7, 0x5CE7,
    0x5CE7, 0x3B64, 0x5CE7, 0x5CE7, 0x5CE7, 0x5CE7, 0x5CE7, 0x5CE7, 0x5CE7, 0x5CE7, 0x5CE7, 0x5CE7,
    0x5CE7, 0x5CE7, 0x5CE7, 0x5CE7, 0x5CE7, 0x3B64, 0x5CE7, 0x5CE7, 0x5CE7, 0x5CE7, 0x5CE7, 0x5CE7,
    0x5CE7, 0x5CE7, 0x5CE7, 0x5CE7, 0x5CE7, 0x5CE7, 0x5CE7, 0x5CE7, 0x5CE7, 0x3B64, 0x5CE7, 0x5CE7,
    0x5CE7, 0x5CE7, 0x5CE7, 0x5CE7, 0x5CE7, 0x5CE7, 0x5CE7, 0x5CE7, 0x5CE7, 0x5CE7, 0x5CE7, 0x5CE7,
    0x5CE7, 0x5CE7, 0x5CE7, 0x5CE7, 0x3B64, 0x5CE7, 0x5CE7, 0x5CE7, 0x3B64, 0x5CE7, 0x5CE7, 0x3B64,
    0x3B64, 0x5CE7, 0x5CE7, 0x3B64, 0x5CE7, 0x5CE7, 0x5CE7, 0x5CE7, 0x3B64, 0x5CE7, 0x5CE7, 0x5CE7,
    0x3B64, 0x5CE7, 0x5CE7, 0x3B64, 0x3B64, 0x5CE7, 0x5CE7, 0x3B64, 0x5CE7, 0x5CE7, 0x5CE7, 0x5CE7,
    0x3B64, 0x5CE7, 0x5CE7, 0x5CE7, 0x3B64, 0x5CE7, 0x5CE7, 0x3B64, 0x3B64, 0x5CE7, 0x5CE7, 0x3B64,
    0x5CE7, 0x5CE7, 0x5CE7, 0x5CE7, 0x3B64, 0x5CE7, 0x5CE7, 0x5CE7, 0x3B64, 0x5CE7, 0x5CE7, 0x3B64,
    0x3B64, 0x5CE7, 0x5CE7, 0x3B64, 0x5CE7, 0x5CE7, 0x5CE7, 0x5CE7, 0x3B64, 0x5CE7, 0x5CE7, 0x5CE7,
    0x3B64, 0x5CE7, 0x5CE7, 0x3B64, 0x3B64, 0x5CE7, 0x5CE7, 0x3B64, 0x5CE7, 0x5CE7, 0x5CE7, 0x5CE7,
    0x3B64, 0x5CE7, 0x5CE7, 0x5CE7, 0x3B64, 0x5CE7, 0x5CE7, 0x3B64, 0x3B64, 0x5CE7, 0x5CE7, 0x3B64,
    0x5CE7, 0x5CE7, 0x5CE7, 0x5CE7, 0x3B64, 0x5CE7, 0x5CE7, 0x5CE7, 0x3B64, 0x5CE7, 0x5CE7, 0x3B64,
    0x3B64, 0x5CE7, 0x5CE7, 0x3B64, 0x5CE7, 0x5CE7, 0x5CE7, 0x5CE7, 0x3B64, 0x5CE7, 0x5CE7, 0x5CE7,
    0x3B64, 0x5CE7, 0x5CE7, 0x3B64, 0x3B64, 0x5CE7, 0x5CE7, 0x3B64, 0x5CE7, 0x5CE7, 0x5CE7, 0x5CE7,
    0x3B64, 0x5CE7, 0x5CE7, 0x5CE7, 0x3B64, 0x5CE7, 0x5CE7, 0x3B64, 0x3B64, 0x5CE7, 0x5CE7, 0x3B64,
    0x5CE7, 0x5CE7, 0x5CE7, 0x5CE7, 0x3B64, 0x5CE7, 0x5CE7, 0x5CE7, 0x3B64, 0x5CE7, 0x5CE7, 0x3B64,
    0x3B64, 0x5CE7, 0x5CE7, 0x3B64, 0x5CE7, 0x5CE7, 0x5CE7, 0x5CE7, 0x3B64, 0x5CE7, 0x5CE7, 0x5CE7,
    0x3B64, 0x5CE7, 0x5CE7, 0x3B64, 0x3B64, 0x5CE7, 0x5CE7, 0x3B64, 0x5CE7, 0x5CE7, 0x5CE7, 0x5CE7,
    0x3B64, 0x5CE7, 0x5CE7, 0x5CE7, 0x3B64, 0x5CE7, 0x5CE7, 0x3B64, 0x3B64, 0x5CE7, 0x5CE7, 0x3B64,
    0x5CE7, 0x5CE7, 0x5CE7, 0x5CE7, 0x3B64, 0x5CE7, 0x5CE7, 0x5CE7, 0x3B64, 0x5CE7, 0x5CE7, 0x3B64,
    0x3B64, 0x5CE7, 0x5CE7, 0x3B64, 0x5CE7, 0x5CE7, 0x5CE7, 0x5CE7, 0x3B64, 0x5CE7, 0x5CE7, 0x5CE7,
    0x3B64, 0x5CE7, 0x5CE7, 0x3B64, 0x3B64, 0x5CE7, 0x5CE7, 0x3B64, 0x5CE7, 0x5CE7, 0x5CE7, 0x5CE7,
    0x3B64, 0x5CE7, 0x5CE7, 0x5CE7, 0x3B64, 0x5CE7, 0x5CE7, 0x3B64, 0x3B64, 0x5CE7, 0x5CE7, 0x3B64,
    0x5CE7, 0x5CE7, 0x5CE7, 0x5CE7, 0x3B64, 0x5CE7, 0x5CE7, 0x5CE7, 0x3B64, 0x5CE7, 0x5CE7, 0x3B64,
    0x3B64, 0x5CE7, 0x5CE7, 0x3B64, 0x5CE7, 0x5CE7, 0x5CE7, 0x5CE7, 0x3B64, 0x5CE7, 0x5CE7, 0x5CE7,
    0x3B64, 0x5CE7, 0x5CE7, 0x3B64, 0x3B64, 0x5CE7, 0x5CE7, 0x3B64, 0x5CE7, 0x5CE7, 0x5CE7, 0x5CE7,
    0x3B64, 0x5CE7, 0x5CE7, 0x5CE7, 0x3B64, 0x5CE7, 0x5CE7, 0x3B64, 0x3B64, 0x5CE7, 0x5CE7, 0x3B64,
    0x5CE7, 0x5CE7, 0x5CE7, 0x5CE7, 0x3B64, 0x5CE7, 0x5CE7, 0x5CE7, 0x3B64, 0x5CE7, 0x5CE7, 0x3B64,
    0x3B64, 0x5CE7, 0x5CE7, 0x3B64, 0x5CE7, 0x5CE7, 0x5CE7, 0x5CE7, 0x3B64, 0x5CE7, 0x5CE7, 0x5CE7,
    0x3B64, 0x5CE7, 0x5CE7, 0x3B64, 0x3B64, 0x5CE7, 0x5CE7, 0x3B64, 0x3B64, 0x3B64, 0x5CE7, 0x3B64,
    0x3B64, 0x3B64, 0x5CE7, 0x3B64, 0x5CE7, 0x5CE7, 0x5CE7, 0x5CE7, 0x3B64, 0x5CE7, 0x5CE7, 0x3B64,
    0x3B64, 0x3B64, 0x5CE7, 0x3B64, 0x3B64, 0x3B64, 0x5CE7, 0x3B64, 0x5CE7, 0x5CE7, 0x5CE7, 0x5CE7,
    0x3B64, 0x5CE7, 0x5CE7, 0x3B64, 0x3B64, 0x3B64, 0x5CE7, 0x3B64, 0x3B64, 0x3B64, 0x5CE7, 0x3B64,
    0x5CE7, 0x5CE7, 0x5CE7, 0x5CE7, 0x3B64, 0x5CE7, 0x5CE7, 0x3B64, 0x3B64, 0x3B64, 0x5CE7, 0x3B64,
    0x3B64, 0x3B64, 0x5CE7, 0x3B64, 0x5CE7, 0x5CE7, 0x5CE7, 0x5CE7, 0x3B64, 0x5CE7, 0x5CE7, 0x3B64,
    0x3B64, 0x3B64, 0x5CE7, 0x3B64, 0x3B64, 0x3B64, 0x5CE7, 0x3B64, 0x5CE7, 0x5CE7, 0x5CE7, 0x5CE7,
    0x3B64, 0x5CE7, 0x5CE7, 0x3B64, 0x3B64, 0x3B64, 0x5CE7, 0x3B64, 0x3B64, 0x3B64, 0x5CE7, 0x3B64,
    0x5CE7, 0x5CE7, 0x5CE7, 0x5CE7, 0x3B64, 0x5CE7, 0x5CE7, 0x3B64, 0x3B64, 0x3B64, 0x5CE7, 0x3B64,
    0x3B64, 0x3B64, 0x5CE7, 0x3B64, 0x5CE7, 0x5CE7, 0x5CE7, 0x5CE7, 0x3B64, 0x5CE7, 0x5CE7, 0x3B64,
    0x3B64, 0x3B64, 0x5CE7, 0x3B64, 0x3B64, 0x3B64, 0x5CE7, 0x3B64, 0x5CE7, 0x5CE7, 0x5CE7, 0x5CE7,
    0x3B64, 0x5CE7, 0x5CE7, 0x3B64, 0x3B64, 0x3B64, 0x5CE7, 0x3B64, 0x3B64, 0x3B64, 0x5CE7, 0x3B64,
    0x5CE7, 0x5CE7, 0x5CE7, 0x5CE7, 0x3B64, 0x5CE7, 0x5CE7, 0x3B64, 0x3B64, 0x3B64, 0x5CE7, 0x3B64,
    0x3B64, 0x3B64, 0x5CE7, 0x3B64, 0x5CE7, 0x5CE7, 0x5CE7, 0x5CE7, 0x3B64, 0x5CE7, 0x5CE7, 0x3B64,
    0x3B64, 0x3B64, 0x5CE7, 0x3B64, 0x3B64, 0x3B64, 0x5CE7, 0x3B64, 0x5CE7, 0x5CE7, 0x5CE7, 0x5CE7,
    0x3B64, 0x5CE7, 0x5CE7, 0x3B64, 0x3B64, 0x3B64, 0x5CE7, 0x3B64, 0x3B64, 0x3B64, 0x5CE7, 0x3B64,
    0x5CE7, 0x5CE7, 0x5CE7, 0x5CE7, 0x3B64, 0x5CE7, 0x5CE7, 0x3B64, 0x3B64, 0x3B64, 0x5CE7, 0x3B64,
    0x3B64, 0x3B64, 0x5CE7, 0x3B64, 0x5CE7, 0x5CE7, 0x5CE7, 0x5CE7, 0x3B64, 0x5CE7, 0x5CE7, 0x3B64,
    0x3B64, 0x3B64, 0x5CE7, 0x3B64, 0x3B64, 0x3B64, 0x5CE7, 0x3B64, 0x5CE7, 0x5CE7, 0x5CE7, 0x5CE7,
    0x3B64, 0x5CE7, 0x5CE7, 0x3B64, 0x3B64, 0x3B64, 0x5CE7, 0x3B64, 0x3B64, 0x3B64, 0x5CE7, 0x3B64,
    0x5CE7, 0x5CE7, 0x5CE7, 0x5CE7, 0x3B64, 0x5CE7, 0x5CE7, 0x3B64, 0x3B64, 0x3B64, 0x5CE7, 0x3B64,
    0x3B64, 0x3B64, 0x5CE7, 0x3B64, 0x5CE7, 0x5CE7, 0x5CE7, 0x5CE7, 0x3B64, 0x5CE7, 0x5CE7, 0x3B64,
    0x3B64, 0x3B64, 0x5CE7, 0x3B64, 0x3B64, 0x3B64, 0x5CE7, 0x3B64, 0x5CE7, 0x5CE7, 0x5CE7, 0x5CE7,
    0x3B64, 0x5CE7, 0x5CE7, 0x3B64, 0x3B64, 0x3B64, 0x5CE7, 0x3B64, 0x3B64, 0x3B64, 0x5CE7, 0x3B64,
    0x5CE7, 0x5CE7, 0x5CE7, 0x5CE7, 0x3B64, 0x5CE7, 0x5CE7, 0x3B64, 0x3B64, 0x3B64, 0x5CE7, 0x3B64,
    0x3B64, 0x3B64, 0x5CE7, 0x3B64, 0x5CE7, 0x5CE7, 0x5CE7, 0x5CE7, 0x3B64, 0x5CE7, 0x5CE7, 0x3B64,
    0x3B64, 0x3B64, 0x5CE7, 0x3B64, 0x3B64, 0x3B64, 0x5CE7, 0x3B64, 0x5CE7, 0x5CE7, 0x5CE7, 0x5CE7,
    0x3B64, 0x5CE7, 0x5CE7, 0x3B64, 0x59E5, 0x8308, 0x59E5, 0x59E5, 0x8308, 0x8308, 0x8308, 0x59E5,
    0x8308, 0x59E5, 0x59E5, 0x59E5, 0x8308, 0x59E5, 0x59E5, 0x8308, 0x59E5, 0x8308, 0x59E5, 0x59E5,
    0x8308, 0x8308, 0x8308, 0x59E5, 0x8308, 0x59E5, 0x59E5, 0x59E5, 0x8308, 0x59E5, 0x59E5, 0x8308,
    0x59E5, 0x8308, 0x59E5, 0x59E5, 0x8308, 0x8308, 0x8308, 0x59E5, 0x8308, 0x59E5, 0x59E5, 0x59E5,
    0x8308, 0x59E5, 0x59E5, 0x8308, 0x59E5, 0x8308, 0x59E5, 0x59E5, 0x8308, 0x8308, 0x8308, 0x59E5,
    0x8308, 0x59E5, 0x59E5, 0x59E5, 0x8308, 0x59E5, 0x59E5, 0x8308, 0x59E5, 0x8308, 0x59E5, 0x59E5,
    0x8308, 0x8308, 0x8308, 0x59E5, 0x8308, 0x59E5, 0x59E5, 0x59E5, 0x8308, 0x59E5, 0x59E5, 0x8308,
    0x59E5, 0x8308, 0x59E5, 0x59E5, 0x8308, 0x8308, 0x8308, 0x59E5, 0x8308, 0x59E5, 0x59E5, 0x59E5,
    0x8308, 0x59E5, 0x59E5, 0x8308, 0x59E5, 0x8308, 0x59E5, 0x59E5, 0x8308, 0x8308, 0x8308, 0x59E5,
    0x8308, 0x59E5, 0x59E5, 0x59E5, 0x8308, 0x59E5, 0x59E5, 0x8308, 0x59E5, 0x8308, 0x59E5, 0x59E5,
    0x8308, 0x8308, 0x8308, 0x59E5, 0x8308, 0x59E5, 0x59E5, 0x59E5, 0x8308, 0x59E5, 0x59E5, 0x8308,
    0x59E5, 0x8308, 0x59E5, 0x59E5, 0x8308, 0x8308, 0x8308, 0x59E5, 0x8308, 0x59E5, 0x59E5, 0x59E5,
    0x8308, 0x59E5, 0x59E5, 0x8308, 0x59E5, 0x8308, 0x59E5, 0x59E5, 0x8308, 0x8308, 0x8308, 0x59E5,
    0x8308, 0x59E5, 0x59E5, 0x59E5, 0x8308, 0x59E5, 0x59E5, 0x8308, 0x59E5, 0x8308, 0x59E5, 0x59E5,
    0x8308, 0x8308, 0x8308, 0x59E5, 0x8308, 0x59E5, 0x59E5, 0x59E5, 0x8308, 0x59E5, 0x59E5, 0x8308,
    0x59E5, 0x8308, 0x59E5, 0x59E5, 0x8308, 0x8308, 0x8308, 0x59E5, 0x8308, 0x59E5, 0x59E5, 0x59E5,
    0x8308, 0x59E5, 0x59E5, 0x8308, 0x59E5, 0x8308, 0x59E5, 0x59E5, 0x8308, 0x8308, 0x8308, 0x59E5,
    0x8308, 0x59E5, 0x59E5, 0x59E5, 0x8308, 0x59E5, 0x59E5, 0x8308, 0x59E5, 0x8308, 0x59E5, 0x59E5,
    0x8308, 0x8308, 0x8308, 0x59E5, 0x8308, 0x59E5, 0x59E5, 0x59E5, 0x8308, 0x59E5, 0x59E5, 0x8308,
    0x59E5, 0x8308, 0x59E5, 0x59E5, 0x8308, 0x8308, 0x8308, 0x59E5, 0x8308, 0x59E5, 0x59E5, 0x59E5,
    0x8308, 0x59E5, 0x59E5, 0x8308, 0x59E5, 0x8308, 0x59E5, 0x59E5, 0x8308, 0x8308, 0x8308, 0x59E5,
    0x8308, 0x59E5, 0x59E5, 0x59E5, 0x8308, 0x59E5, 0x59E5, 0x8308, 0x59E5, 0x8308, 0x59E5, 0x59E5,
    0x8308, 0x8308, 0x8308, 0x59E5, 0x8308, 0x59E5, 0x59E5, 0x59E5, 0x8308, 0x59E5, 0x59E5, 0x8308,
    0x59E5, 0x8308, 0x59E5, 0x59E5, 0x8308, 0x8308, 0x8308, 0x59E5, 0x8308, 0x59E5, 0x59E5, 0x59E5,
    0x8308, 0x59E5, 0x59E5, 0x8308, 0x59E5, 0x8308, 0x59E5, 0x59E5, 0x8308, 0x8308, 0x8308, 0x59E5,
    0x8308, 0x59E5, 0x59E5, 0x59E5, 0x8308, 0x59E5, 0x59E5, 0x8308, 0x59E5, 0x8308, 0x59E5, 0x59E5,
    0x8308, 0x8308, 0x8308, 0x59E5, 0x8308, 0x59E5, 0x59E5, 0x59E5, 0x8308, 0x59E5, 0x59E5, 0x8308,
    0x8308, 0x59E5, 0x8308, 0x8308, 0x8308, 0x8308, 0x8308, 0x8308, 0x59E5, 0x59E5, 0x59E5, 0x8308,
    0x8308, 0x8308, 0x59E5, 0x8308, 0x8308, 0x59E5, 0x8308, 0x8308, 0x8308, 0x8308, 0x8308, 0x8308,
    0x59E5, 0x59E5, 0x59E5, 0x8308, 0x8308, 0x8308, 0x59E5, 0x8308, 0x8308, 0x59E5, 0x8308, 0x8308,
    0x8308, 0x8308, 0x8308, 0x8308, 0x59E5, 0x59E5, 0x59E5, 0x8308, 0x8308, 0x8308, 0x59E5, 0x8308,
    0x8308, 0x59E5, 0x8308, 0x8308, 0x8308, 0x8308, 0x8308, 0x8308, 0x59E5, 0x59E5, 0x59E5, 0x8308,
    0x8308, 0x8308, 0x59E5, 0x8308, 0x8308, 0x59E5, 0x8308, 0x8308, 0x8308, 0x8308, 0x8308, 0x8308,
    0x59E5, 0x59E5, 0x59E5, 0x8308, 0x8308, 0x8308, 0x59E5, 0x8308, 0x8308, 0x59E5, 0x8308, 0x8308,
    0x8308, 0x8308, 0x8308, 0x8308, 0x59E5, 0x59E5, 0x59E5, 0x8308, 0x8308, 0x8308, 0x59E5, 0x8308,
    0x8308, 0x59E5, 0x8308, 0x8308, 0x8308, 0x8308, 0x8308, 0x8308, 0x59E5, 0x59E5, 0x59E5, 0x8308,
    0x8308, 0x8308, 0x59E5, 0x8308, 0x8308, 0x59E5, 0x8308, 0x8308, 0x8308, 0x8308, 0x8308, 0x8308,
    0x59E5, 0x59E5, 0x59E5, 0x8308, 0x8308, 0x8308, 0x59E5, 0x8308, 0x8308, 0x59E5, 0x8308, 0x8308,
    0x8308, 0x8308, 0x8308, 0x8308, 0x59E5, 0x59E5, 0x59E5, 0x8308, 0x8308, 0x8308, 0x59E5, 0x8308,
    0x8308, 0x59E5, 0x8308, 0x8308, 0x8308, 0x8308, 0x8308, 0x8308, 0x59E5, 0x59E5, 0x59E5, 0x8308,
    0x8308, 0x8308, 0x59E5, 0x8308, 0x8308, 0x59E5, 0x8308, 0x8308, 0x8308, 0x8308, 0x8308, 0x8308,
    0x59E5, 0x59E5, 0x59E5, 0x8308, 0x8308, 0x8308, 0x59E5, 0x8308, 0x8308, 0x59E5, 0x8308, 0x8308,
    0x8308, 0x8308, 0x8308, 0x8308, 0x59E5, 0x59E5, 0x59E5, 0x8308, 0x8308, 0x8308, 0x59E5, 0x8308,
    0x8308, 0x59E5, 0x8308, 0x8308, 0x8308, 0x8308, 0x8308, 0x8308, 0x59E5, 0x59E5, 0x59E5, 0x8308,
    0x8308, 0x8308, 0x59E5, 0x8308, 0x8308, 0x59E5, 0x8308, 0x8308, 0x8308, 0x8308, 0x8308, 0x8308,
    0x59E5, 0x59E5, 0x59E5, 0x8308, 0x8308, 0x8308, 0x59E5, 0x8308, 0x8308, 0x59E5, 0x8308, 0x8308,
    0x8308, 0x8308, 0x8308, 0x8308, 0x59E5, 0x59E5, 0x59E5, 0x8308, 0x8308, 0x8308, 0x59E5, 0x8308,
    0x8308, 0x59E5, 0x8308, 0x8308, 0x8308, 0x8308, 0x8308, 0x8308, 0x59E5, 0x59E5, 0x59E5, 0x8308,
    0x8308, 0x8308, 0x59E5, 0x8308, 0x8308, 0x59E5, 0x8308, 0x8308, 0x8308, 0x8308, 0x8308, 0x8308,
    0x59E5, 0x59E5, 0x59E5, 0x8308, 0x8308, 0x8308, 0x59E5, 0x8308, 0x8308, 0x59E5, 0x8308, 0x8308,
    0x8308, 0x8308, 0x8308, 0x8308, 0x59E5, 0x59E5, 0x59E5, 0x8308, 0x8308, 0x8308, 0x59E5, 0x8308,
    0x8308, 0x59E5, 0x8308, 0x8308, 0x8308, 0x8308, 0x8308, 0x8308, 0x59E5, 0x59E5, 0x59E5, 0x8308,
    0x8308, 0x8308, 0x59E5, 0x8308, 0x8308, 0x59E5, 0x8308, 0x8308, 0x8308, 0x8308, 0x8308, 0x8308,
    0x59E5, 0x59E5, 0x59E5, 0x8308, 0x8308, 0x8308, 0x59E5, 0x8308, 0x8308, 0x8308, 0x8308, 0x8308,
    0x59E5, 0x8308, 0x8308, 0x8308, 0x8308, 0x8308, 0x8308, 0x8308, 0x8308, 0x8308, 0x8308, 0x8308,
    0x8308, 0x8308, 0x8308, 0x8308, 0x59E5, 0x8308, 0x8308, 0x8308, 0x8308, 0x8308, 0x8308, 0x8308,
    0x8308, 0x8308, 0x8308, 0x8308, 0x8308, 0x8308, 0x8308, 0x8308, 0x59E5, 0x8308, 0x8308, 0x8308,
    0x8308, 0x8308, 0x8308, 0x8308, 0x8308, 0x8308, 0x8308, 0x8308, 0x8308, 0x8308, 0x8308, 0x8308,
    0x59E5, 0x8308, 0x8308, 0x8308, 0x8308, 0x8308, 0x8308, 0x8308, 0x8308, 0x8308, 0x8308, 0x8308,
    0x8308, 0x8308, 0x8308, 0x8308, 0x59E5, 0x8308, 0x8308, 0x8308, 0x8308, 0x8308, 0x8308, 0x8308,
    0x8308, 0x8308, 0x8308, 0x8308, 0x8308, 0x8308, 0x8308, 0x8308, 0x59E5, 0x8308, 0x8308, 0x8308,
    0x8308, 0x8308, 0x8308, 0x8308, 0x8308, 0x8308, 0x8308, 0x8308, 0x8308, 0x8308, 0x8308, 0x8308,
    0x59E5, 0x8308, 0x8308, 0x8308, 0x8308, 0x8308, 0x8308, 0x8308, 0x8308, 0x8308, 0x8308, 0x8308,
    0x8308, 0x8308, 0x8308, 0x8308, 0x59E5, 0x8308, 0x8308, 0x8308, 0x8308, 0x8308, 0x8308, 0x8308,
    0x8308, 0x8308, 0x8308, 0x8308, 0x8308, 0x8308, 0x8308, 0x8308, 0x59E5, 0x8308, 0x8308, 0x8308,
    0x8308, 0x8308, 0x8308, 0x8308, 0x8308, 0x8308, 0x8308, 0x8308, 0x8308, 0x8308, 0x8308, 0x8308,
    0x59E5, 0x8308, 0x8308, 0x8308, 0x8308, 0x8308, 0x8308, 0x8308, 0x8308, 0x8308, 0x8308, 0x8308,
    0x8308, 0x8308, 0x8308, 0x8308, 0x59E5, 0x8308, 0x8308, 0x8308, 0x8308, 0x8308, 0x8308, 0x8308,
    0x8308, 0x8308, 0x8308, 0x8308, 0x8308, 0x8308, 0x8308, 0x8308, 0x59E5, 0x8308, 0x8308, 0x8308,
    0x8308, 0x8308, 0x8308, 0x8308, 0x8308, 0x8308, 0x8308, 0x8308, 0x8308, 0x8308, 0x8308, 0x8308,
    0x59E5, 0x8308, 0x8308, 0x8308, 0x8308, 0x8308, 0x8308, 0x8308, 0x8308, 0x8308, 0x8308, 0x8308,
    0x8308, 0x8308, 0x8308, 0x8308, 0x59E5, 0x8308, 0x8308, 0x8308, 0x8308, 0x8308, 0x8308, 0x8308,
    0x8308, 0x8308, 0x8308, 0x8308, 0x8308, 0x8308, 0x8308, 0x8308, 0x59E5, 0x8308, 0x8308, 0x8308,
    0x8308, 0x8308, 0x8308, 0x8308, 0x8308, 0x8308, 0x8308, 0x8308, 0x8308, 0x8308, 0x8308, 0x8308,
    0x59E5, 0x8308, 0x8308, 0x8308, 0x8308, 0x8308, 0x8308, 0x8308, 0x8308, 0x8308, 0x8308, 0x8308,
    0x8308, 0x8308, 0x8308, 0x8308, 0x59E5, 0x8308, 0x8308, 0x8308, 0x8308, 0x8308, 0x8308, 0x8308,
    0x8308, 0x8308, 0x8308, 0x8308, 0x8308, 0x8308, 0x8308, 0x8308, 0x59E5, 0x8308, 0x8308, 0x8308,
    0x8308, 0x8308, 0x8308, 0x8308, 0x8308, 0x8308, 0x8308, 0x8308, 0x8308, 0x8308, 0x8308, 0x8308,
    0x59E5, 0x8308, 0x8308, 0x8308, 0x8308, 0x8308, 0x8308, 0x8308, 0x8308, 0x8308, 0x8308, 0x8308,
    0x8308, 0x8308, 0x8308, 0x8308, 0x59E5, 0x8308, 0x8308, 0x8308, 0x8308, 0x8308, 0x8308, 0x8308,
    0x8308, 0x8308, 0x8308, 0x8308, 0x8308, 0x8308, 0x8308, 0x8308, 0x8308, 0x8308, 0x8308, 0x8308,
    0x59E5, 0x8308, 0x8308, 0x8308, 0x8308, 0x8308, 0x8308, 0x8308, 0x8308, 0x8308, 0x8308, 0x8308,
    0x8308, 0x8308, 0x8308, 0x8308, 0x59E5, 0x8308, 0x8308, 0x8308, 0x8308, 0x8308, 0x8308, 0x8308,
    0x8308, 0x8308, 0x8308, 0x8308, 0x8308, 0x8308, 0x8308, 0x8308, 0x59E5, 0x8308, 0x8308, 0x8308,
    0x8308, 0x8308, 0x8308, 0x8308, 0x8308, 0x8308, 0x8308, 0x8308, 0x8308, 0x8308, 0x8308, 0x8308,
    0x59E5, 0x8308, 0x8308, 0x8308, 0x8308, 0x8308, 0x8308, 0x8308, 0x8308, 0x8308, 0x8308, 0x8308,
    0x8308, 0x8308, 0x8308, 0x8308, 0x59E5, 0x8308, 0x8308, 0x8308, 0x8308, 0x8308, 0x8308, 0x8308,
    0x8308, 0x8308, 0x8308, 0x8308, 0x8308, 0x8308, 0x8308, 0x8308, 0x59E5, 0x8308, 0x8308, 0x8308,
    0x8308, 0x8308, 0x8308, 0x8308, 0x8308, 0x8308, 0x8308, 0x8308, 0x8308, 0x8308, 0x8308, 0x8308,
    0x59E5, 0x8308, 0x8308, 0x8308, 0x8308, 0x8308, 0x8308, 0x8308, 0x8308, 0x8308, 0x8308, 0x8308,
    0x8308, 0x8308, 0x8308, 0x8308, 0x59E5, 0x8308, 0x8308, 0x8308, 0x8308, 0x8308, 0x8308, 0x8308,
    0x8308, 0x8308, 0x8308, 0x8308, 0x8308, 0x8308, 0x8308, 0x8308, 0x59E5, 0x8308, 0x8308, 0x8308,
    0x8308, 0x8308, 0x8308, 0x8308, 0x8308, 0x8308, 0x8308, 0x8308, 0x8308, 0x8308, 0x8308, 0x8308,
    0x59E5, 0x8308, 0x8308, 0x8308, 0x8308, 0x8308, 0x8308, 0x8308, 0x8308, 0x8308, 0x8308, 0x8308,
    0x8308, 0x8308, 0x8308, 0x8308, 0x59E5, 0x8308, 0x8308, 0x8308, 0x8308, 0x8308, 0x8308, 0x8308,
    0x8308, 0x8308, 0x8308, 0x8308, 0x8308, 0x8308, 0x8308, 0x8308, 0x59E5, 0x8308, 0x8308, 0x8308,
    0x8308, 0x8308, 0x8308, 0x8308, 0x8308, 0x8308, 0x8308, 0x8308, 0x8308, 0x8308, 0x8308, 0x8308,
    0x59E5, 0x8308, 0x8308, 0x8308, 0x8308, 0x8308, 0x8308, 0x8308, 0x8308, 0x8308, 0x8308, 0x8308,
    0x8308, 0x8308, 0x8308, 0x8308, 0x59E5, 0x8308, 0x8308, 0x8308, 0x8308, 0x8308, 0x8308, 0x8308,
    0x8308, 0x8308, 0x8308, 0x8308, 0x8308, 0x8308, 0x8308, 0x8308, 0x59E5, 0x8308, 0x8308, 0x8308,
    0x8308, 0x8308, 0x8308, 0x8308, 0x8308, 0x8308, 0x8308, 0x8308, 0x8308, 0x8308, 0x8308, 0x8308,
    0x59E5, 0x8308, 0x8308, 0x8308, 0x8308, 0x8308, 0x8308, 0x8308, 0x8308, 0x8308, 0x8308, 0x8308,
    0x8308, 0x8308, 0x8308, 0x8308, 0x59E5, 0x8308, 0x8308, 0x8308, 0x8308, 0x8308, 0x8308, 0x8308,
    0x8308, 0x8308, 0x8308, 0x8308, 0x8308, 0x8308, 0x8308, 0x8308, 0x59E5, 0x8308, 0x8308, 0x8308,
    0x8308, 0x8308, 0x8308, 0x8308, 0x8308, 0x8308, 0x8308, 0x8308, 0x8308, 0x8308, 0x8308, 0x8308,
    0x59E5, 0x8308, 0x8308, 0x8308, 0x8308, 0x8308, 0x8308, 0x8308, 0x8308, 0x8308, 0x8308, 0x8308,
    0x8308, 0x8308, 0x8308, 0x8308, 0x59E5, 0x8308, 0x8308, 0x8308, 0x8308, 0x8308, 0x8308, 0x8308,
    0x8308, 0x8308, 0x59E5, 0x8308, 0x59E5, 0x8308, 0x8308, 0x59E5, 0x8308, 0x8308, 0x8308, 0x8308,
    0x59E5, 0x59E5, 0x8308, 0x8308, 0x8308, 0x8308, 0x59E5, 0x8308, 0x59E5, 0x8308, 0x8308, 0x59E5,
    0x8308, 0x8308, 0x8308, 0x8308, 0x59E5, 0x59E5, 0x8308, 0x8308, 0x8308, 0x8308, 0x59E5, 0x8308,
    0x59E5, 0x8308, 0x8308, 0x59E5, 0x8308, 0x8308, 0x8308, 0x8308, 0x59E5, 0x59E5, 0x8308, 0x8308,
    0x8308, 0x8308, 0x59E5, 0x8308, 0x59E5, 0x8308, 0x8308, 0x59E5, 0x8308, 0x8308, 0x8308, 0x8308,
    0x59E5, 0x59E5, 0x8308, 0x8308, 0x8308, 0x8308, 0x59E5, 0x8308, 0x59E5, 0x8308, 0x8308, 0x59E5,
    0x8308, 0x8308, 0x8308, 0x8308, 0x59E5, 0x59E5, 0x8308, 0x8308, 0x8308, 0x8308, 0x59E5, 0x8308,
    0x59E5, 0x8308, 0x8308, 0x59E5, 0x8308, 0x8308, 0x8308, 0x8308, 0x59E5, 0x59E5, 0x8308, 0x8308,
    0x8308, 0x8308, 0x59E5, 0x8308, 0x59E5, 0x8308, 0x8308, 0x59E5, 0x8308, 0x8308, 0x8308, 0x8308,
    0x59E5, 0x59E5, 0x8308, 0x8308, 0x8308, 0x8308, 0x59E5, 0x8308, 0x59E5, 0x8308, 0x8308, 0x59E5,
    0x8308, 0x8308, 0x8308, 0x8308, 0x59E5, 0x59E5, 0x8308, 0x8308, 0x8308, 0x8308, 0x59E5, 0x8308,
    0x59E5, 0x8308, 0x8308, 0x59E5, 0x8308, 0x8308, 0x8308, 0x8308, 0x59E5, 0x59E5, 0x8308, 0x8308,
    0x8308, 0x8308, 0x59E5, 0x8308, 0x59E5, 0x8308, 0x8308, 0x59E5, 0x8308, 0x8308, 0x8308, 0x8308,
    0x59E5, 0x59E5, 0x8308, 0x8308, 0x8308, 0x8308, 0x59E5, 0x8308, 0x59E5, 0x8308, 0x8308, 0x59E5,
    0x8308, 0x8308, 0x8308, 0x8308, 0x59E5, 0x59E5, 0x8308, 0x8308, 0x8308, 0x8308, 0x59E5, 0x8308,
    0x59E5, 0x8308, 0x8308, 0x59E5, 0x8308, 0x8308, 0x8308, 0x8308, 0x59E5, 0x59E5, 0x8308, 0x8308,
    0x8308, 0x8308, 0x59E5, 0x8308, 0x59E5, 0x8308, 0x8308, 0x59E5, 0x8308, 0x8308, 0x8308, 0x8308,
    0x59E5, 0x59E5, 0x8308, 0x8308, 0x8308, 0x8308, 0x59E5, 0x8308, 0x59E5, 0x8308, 0x8308, 0x59E5,
    0x8308, 0x8308, 0x8308, 0x8308, 0x59E5, 0x59E5, 0x8308, 0x8308, 0x8308, 0x8308, 0x59E5, 0x8308,
    0x59E5, 0x8308, 0x8308, 0x59E5, 0x8308, 0x8308, 0x8308, 0x8308, 0x59E5, 0x59E5, 0x8308, 0x8308,
    0x8308, 0x8308, 0x59E5, 0x8308, 0x59E5, 0x8308, 0x8308, 0x59E5, 0x8308, 0x8308, 0x8308, 0x8308,
    0x59E5, 0x59E5, 0x8308, 0x8308, 0x8308, 0x8308, 0x59E5, 0x8308, 0x59E5, 0x8308, 0x8308, 0x59E5,
    0x8308, 0x8308, 0x8308, 0x8308, 0x59E5, 0x59E5, 0x8308, 0x8308, 0x8308, 0x8308, 0x59E5, 0x8308,
    0x59E5, 0x8308, 0x8308, 0x59E5, 0x8308, 0x8308, 0x8308, 0x8308, 0x59E5, 0x59E5, 0x8308, 0x8308,
    0x8308, 0x8308, 0x59E5, 0x8308, 0x59E5, 0x8308, 0x8308, 0x59E5, 0x8308, 0x8308, 0x8308, 0x8308,
    0x59E5, 0x59E5, 0x8308, 0x8308, 0x8308, 0x8308, 0x59E5, 0x8308, 0x59E5, 0x8308, 0x8308, 0x59E5,
    0x8308, 0x8308, 0x8308, 0x8308, 0x59E5, 0x59E5, 0x8308, 0x8308, 0x59E5, 0x59E5, 0x8308, 0x8308,
    0x8308, 0x8308, 0x8308, 0x8308, 0x59E5, 0x8308, 0x8308, 0x8308, 0x8308, 0x8308, 0x8308, 0x8308,
    0x59E5, 0x59E5, 0x8308, 0x8308, 0x8308, 0x8308, 0x8308, 0x8308, 0x59E5, 0x8308, 0x8308, 0x8308,
    0x8308, 0x8308, 0x8308, 0x8308, 0x59E5, 0x59E5, 0x8308, 0x8308, 0x8308, 0x8308, 0x8308, 0x8308,
    0x59E5, 0x8308, 0x8308, 0x8308, 0x8308, 0x8308, 0x8308, 0x8308, 0x59E5, 0x59E5, 0x8308, 0x8308,
    0x8308, 0x8308, 0x8308, 0x8308, 0x59E5, 0x8308, 0x8308, 0x8308, 0x8308, 0x8308, 0x8308, 0x8308,
    0x59E5, 0x59E5, 0x8308, 0x8308, 0x8308, 0x8308, 0x8308, 0x8308, 0x59E5, 0x8308, 0x8308, 0x8308,
    0x8308, 0x8308, 0x8308, 0x8308, 0x59E5, 0x59E5, 0x8308, 0x8308, 0x8308, 0x8308, 0x8308, 0x8308,
    0x59E5, 0x8308, 0x8308, 0x8308, 0x8308, 0x8308, 0x8308, 0x8308, 0x59E5, 0x59E5, 0x8308, 0x8308,
    0x8308, 0x8308, 0x8308, 0x8308, 0x59E5, 0x8308, 0x8308, 0x8308, 0x8308, 0x8308, 0x8308, 0x8308,
    0x59E5, 0x59E5, 0x8308, 0x8308, 0x8308, 0x8308, 0x8308, 0x8308, 0x59E5, 0x8308, 0x8308, 0x8308,
    0x8308, 0x8308, 0x8308, 0x8308, 0x59E5, 0x59E5, 0x8308, 0x8308, 0x8308, 0x8308, 0x8308, 0x8308,
    0x59E5, 0x8308, 0x8308, 0x8308, 0x8308, 0x8308, 0x8308, 0x8308, 0x59E5, 0x59E5, 0x8308, 0x8308,
    0x8308, 0x8308, 0x8308, 0x8308, 0x59E5, 0x8308, 0x8308, 0x8308, 0x8308, 0x8308, 0x8308, 0x8308,
    0x59E5, 0x59E5, 0x8308, 0x8308, 0x8308, 0x8308, 0x8308, 0x8308, 0x59E5, 0x8308, 0x8308, 0x8308,
    0x8308, 0x8308, 0x8308, 0x8308, 0x59E5, 0x59E5, 0x8308, 0x8308, 0x8308, 0x8308, 0x8308, 0x8308,
    0x59E5, 0x8308, 0x8308, 0x8308, 0x8308, 0x8308, 0x8308, 0x8308, 0x59E5, 0x59E5, 0x8308, 0x8308,
    0x8308, 0x8308, 0x8308, 0x8308, 0x59E5, 0x8308, 0x8308, 0x8308, 0x8308, 0x8308, 0x8308, 0x8308,
    0x59E5, 0x59E5, 0x8308, 0x8308, 0x8308, 0x8308, 0x8308, 0x8308, 0x59E5, 0x8308, 0x8308, 0x8308,
    0x8308, 0x8308, 0x8308, 0x8308, 0x59E5, 0x59E5, 0x8308, 0x8308, 0x8308, 0x8308, 0x8308, 0x8308,
    0x59E5, 0x8308, 0x8308, 0x8308, 0x8308, 0x8308, 0x8308, 0x8308, 0x59E5, 0x59E5, 0x8308, 0x8308,
    0x8308, 0x8308, 0x8308, 0x8308, 0x59E5, 0x8308, 0x8308, 0x8308, 0x8308, 0x8308, 0x8308, 0x8308,
    0x59E5, 0x59E5, 0x8308, 0x8308, 0x8308, 0x8308, 0x8308, 0x8308, 0x59E5, 0x8308, 0x8308, 0x8308,
    0x8308, 0x8308, 0x8308, 0x8308, 0x59E5, 0x59E5, 0x8308, 0x8308, 0x8308, 0x8308, 0x8308, 0x8308,
    0x59E5, 0x8308, 0x8308, 0x8308, 0x8308, 0x8308, 0x8308, 0x8308, 0x59E5, 0x59E5, 0x8308, 0x8308,
    0x8308, 0x8308, 0x8308, 0x8308, 0x59E5, 0x8308, 0x8308, 0x8308, 0x8308, 0x8308, 0x8308, 0x8308,
    0x59E5, 0x59E5, 0x8308, 0x8308, 0x8308, 0x8308, 0x8308, 0x8308, 0x59E5, 0x8308, 0x8308, 0x8308,
    0x8308, 0x8308, 0x8308, 0x8308, 0x59E5, 0x8308, 0x8308, 0x8308, 0x8308, 0x8308, 0x59E5, 0x59E5,
    0x8308, 0x59E5, 0x59E5, 0x8308, 0x8308, 0x8308, 0x8308, 0x8308, 0x59E5, 0x8308, 0x8308, 0x8308,
    0x8308, 0x8308, 0x59E5, 0x59E5, 0x8308, 0x59E5, 0x59E5, 0x8308, 0x8308, 0x8308, 0x8308, 0x8308,
    0x59E5, 0x8308, 0x8308, 0x8308, 0x8308, 0x8308, 0x59E5, 0x59E5, 0x8308, 0x59E5, 0x59E5, 0x8308,
    0x8308, 0x8308, 0x8308, 0x8308, 0x59E5, 0x8308, 0x8308, 0x8308, 0x8308, 0x8308, 0x59E5, 0x59E5,
    0x8308, 0x59E5, 0x59E5, 0x8308, 0x8308, 0x8308, 0x8308, 0x8308, 0x59E5, 0x8308, 0x8308, 0x8308,
    0x8308, 0x8308, 0x59E5, 0x59E5, 0x8308, 0x59E5, 0x59E5, 0x8308, 0x8308, 0x8308, 0x8308, 0x8308,
    0x59E5, 0x8308, 0x8308, 0x8308, 0x8308, 0x8308, 0x59E5, 0x59E5, 0x8308, 0x59E5, 0x59E5, 0x8308,
    0x8308, 0x8308, 0x8308, 0x8308, 0x59E5, 0x8308, 0x8308, 0x8308, 0x8308, 0x8308, 0x59E5, 0x59E5,
    0x8308, 0x59E5, 0x59E5, 0x8308, 0x8308, 0x8308, 0x8308, 0x8308, 0x59E5, 0x8308, 0x8308, 0x8308,
    0x8308, 0x8308, 0x59E5, 0x59E5, 0x8308, 0x59E5, 0x59E5, 0x8308, 0x8308, 0x8308, 0x8308, 0x8308,
    0x59E5, 0x8308, 0x8308, 0x8308, 0x8308, 0x8308, 0x59E5, 0x59E5, 0x8308, 0x59E5, 0x59E5, 0x8308,
    0x8308, 0x8308, 0x8308, 0x8308, 0x59E5, 0x8308, 0x8308, 0x8308, 0x8308, 0x8308, 0x59E5, 0x59E5,
    0x8308, 0x59E5, 0x59E5, 0x8308, 0x8308, 0x8308, 0x8308, 0x8308, 0x59E5, 0x8308, 0x8308, 0x8308,
    0x8308, 0x8308, 0x59E5, 0x59E5, 0x8308, 0x59E5, 0x59E5, 0x8308, 0x8308, 0x8308, 0x8308, 0x8308,
    0x59E5, 0x8308, 0x8308, 0x8308, 0x8308, 0x8308, 0x59E5, 0x59E5, 0x8308, 0x59E5, 0x59E5, 0x8308,
    0x8308, 0x8308, 0x8308, 0x8308, 0x59E5, 0x8308, 0x8308, 0x8308, 0x8308, 0x8308, 0x59E5, 0x59E5,
    0x8308, 0x59E5, 0x59E5, 0x8308, 0x8308, 0x8308, 0x8308, 0x8308, 0x59E5, 0x8308, 0x8308, 0x8308,
    0x8308, 0x8308, 0x59E5, 0x59E5, 0x8308, 0x59E5, 0x59E5, 0x8308, 0x8308, 0x8308, 0x8308, 0x8308,
    0x59E5, 0x8308, 0x8308, 0x8308, 0x8308, 0x8308, 0x59E5, 0x59E5, 0x8308, 0x59E5, 0x59E5, 0x8308,
    0x8308, 0x8308, 0x8308, 0x8308, 0x59E5, 0x8308, 0x8308, 0x8308, 0x8308, 0x8308, 0x59E5, 0x59E5,
    0x8308, 0x59E5, 0x59E5, 0x8308, 0x8308, 0x8308, 0x8308, 0x8308, 0x59E5, 0x8308, 0x8308, 0x8308,
    0x8308, 0x8308, 0x59E5, 0x59E5, 0x8308, 0x59E5, 0x59E5, 0x8308, 0x8308, 0x8308, 0x8308, 0x8308,
    0x59E5, 0x8308, 0x8308, 0x8308, 0x8308, 0x8308, 0x59E5, 0x59E5, 0x8308, 0x59E5, 0x59E5, 0x8308,
    0x8308, 0x8308, 0x8308, 0x8308, 0x59E5, 0x8308, 0x8308, 0x8308, 0x8308, 0x8308, 0x59E5, 0x59E5,
    0x8308, 0x59E5, 0x59E5, 0x8308, 0x8308, 0x8308, 0x8308, 0x8308, 0x59E5, 0x8308, 0x8308, 0x8308,
    0x8308, 0x8308, 0x59E5, 0x59E5, 0x8308, 0x59E5, 0x59E5, 0x8308, 0x8308, 0x8308, 0x8308, 0x8308,
    0x8308, 0x8308, 0x59E5, 0x59E5, 0x8308, 0x59E5, 0x8308, 0x8308, 0x8308, 0x8308, 0x59E5, 0x59E5,
    0x8308, 0x59E5, 0x8308, 0x59E5, 0x8308, 0x8308, 0x59E5, 0x59E5, 0x8308, 0x59E5, 0x8308, 0x8308,
    0x8308, 0x8308, 0x59E5, 0x59E5, 0x8308, 0x59E5, 0x8308, 0x59E5, 0x8308, 0x8308, 0x59E5, 0x59E5,
    0x8308, 0x59E5, 0x8308, 0x8308, 0x8308, 0x8308, 0x59E5, 0x59E5, 0x8308, 0x59E5, 0x8308, 0x59E5,
    0x8308, 0x8308, 0x59E5, 0x59E5, 0x8308, 0x59E5, 0x8308, 0x8308, 0x8308, 0x8308, 0x59E5, 0x59E5,
    0x8308, 0x59E5, 0x8308, 0x59E5, 0x8308, 0x8308, 0x59E5, 0x59E5, 0x8308, 0x59E5, 0x8308, 0x8308,
    0x8308, 0x8308, 0x59E5, 0x59E5, 0x8308, 0x59E5, 0x8308, 0x59E5, 0x8308, 0x8308, 0x59E5, 0x59E5,
    0x8308, 0x59E5, 0x8308, 0x8308, 0x8308, 0x8308, 0x59E5, 0x59E5, 0x8308, 0x59E5, 0x8308, 0x59E5,
    0x8308, 0x8308, 0x59E5, 0x59E5, 0x8308, 0x59E5, 0x8308, 0x8308, 0x8308, 0x8308, 0x59E5, 0x59E5,
    0x8308, 0x59E5, 0x8308, 0x59E5, 0x8308, 0x8308, 0x59E5, 0x59E5, 0x8308, 0x59E5, 0x8308, 0x8308,
    0x8308, 0x8308, 0x59E5, 0x59E5, 0x8308, 0x59E5, 0x8308, 0x59E5, 0x8308, 0x8308, 0x59E5, 0x59E5,
    0x8308, 0x59E5, 0x8308, 0x8308, 0x8308, 0x8308, 0x59E5, 0x59E5, 0x8308, 0x59E5, 0x8308, 0x59E5,
    0x8308, 0x8308, 0x59E5, 0x59E5, 0x8308, 0x59E5, 0x8308, 0x8308, 0x8308, 0x8308, 0x59E5, 0x59E5,
    0x8308, 0x59E5, 0x8308, 0x59E5, 0x8308, 0x8308, 0x59E5, 0x59E5, 0x8308, 0x59E5, 0x8308, 0x8308,
    0x8308, 0x8308, 0x59E5, 0x59E5, 0x8308, 0x59E5, 0x8308, 0x59E5, 0x8308, 0x8308, 0x59E5, 0x59E5,
    0x8308, 0x59E5, 0x8308, 0x8308, 0x8308, 0x8308, 0x59E5, 0x59E5, 0x8308, 0x59E5, 0x8308, 0x59E5,
    0x8308, 0x8308, 0x59E5, 0x59E5, 0x8308, 0x59E5, 0x8308, 0x8308, 0x8308, 0x8308, 0x59E5, 0x59E5,
    0x8308, 0x59E5, 0x8308, 0x59E5, 0x8308, 0x8308, 0x59E5, 0x59E5, 0x8308, 0x59E5, 0x8308, 0x8308,
    0x8308, 0x8308, 0x59E5, 0x59E5, 0x8308, 0x59E5, 0x8308, 0x59E5, 0x8308, 0x8308, 0x59E5, 0x59E5,
    0x8308, 0x59E5, 0x8308, 0x8308, 0x8308, 0x8308, 0x59E5, 0x59E5, 0x8308, 0x59E5, 0x8308, 0x59E5,
    0x8308, 0x8308, 0x59E5, 0x59E5, 0x8308, 0x59E5, 0x8308, 0x8308, 0x8308, 0x8308, 0x59E5, 0x59E5,
    0x8308, 0x59E5, 0x8308, 0x59E5, 0x8308, 0x8308, 0x59E5, 0x59E5, 0x8308, 0x59E5, 0x8308, 0x8308,
    0x8308, 0x8308, 0x59E5, 0x59E5, 0x8308, 0x59E5, 0x8308, 0x59E5, 0x8308, 0x8308, 0x59E5, 0x59E5,
    0x8308, 0x59E5, 0x8308, 0x8308, 0x8308, 0x8308, 0x59E5, 0x59E5, 0x8308, 0x59E5, 0x8308, 0x59E5,
    0x8308, 0x8308, 0x59E5, 0x59E5, 0x8308, 0x59E5, 0x8308, 0x8308, 0x8308, 0x8308, 0x59E5, 0x59E5,
    0x8308, 0x59E5, 0x8308, 0x59E5, 0x8308, 0x8308, 0x59E5, 0x59E5, 0x8308, 0x59E5, 0x8308, 0x8308,
    0x8308, 0x8308, 0x59E5, 0x59E5, 0x8308, 0x59E5, 0x8308, 0x59E5, 0x8308, 0x8308, 0x8308, 0x8308,
    0x8308, 0x8308, 0x59E5, 0x8308, 0x8308, 0x8308, 0x59E5, 0x8308, 0x59E5, 0x8308, 0x8308, 0x59E5,
    0x8308, 0x8308, 0x8308, 0x8308, 0x8308, 0x8308, 0x59E5, 0x8308, 0x8308, 0x8308, 0x59E5, 0x8308,
    0x59E5, 0x8308, 0x8308, 0x59E5, 0x8308, 0x8308, 0x8308, 0x8308, 0x8308, 0x8308, 0x59E5, 0x8308,
    0x8308, 0x8308, 0x59E5, 0x8308, 0x59E5, 0x8308, 0x8308, 0x59E5, 0x8308, 0x8308, 0x8308, 0x8308,
    0x8308, 0x8308, 0x59E5, 0x8308, 0x8308, 0x8308, 0x59E5, 0x8308, 0x59E5, 0x8308, 0x8308, 0x59E5,
    0x8308, 0x8308, 0x8308, 0x8308, 0x8308, 0x8308, 0x59E5, 0x8308, 0x8308, 0x8308, 0x59E5, 0x8308,
    0x59E5, 0x8308, 0x8308, 0x59E5, 0x8308, 0x8308, 0x8308, 0x8308, 0x8308, 0x8308, 0x59E5, 0x8308,
    0x8308, 0x8308, 0x59E5, 0x8308, 0x59E5, 0x8308, 0x8308, 0x59E5, 0x8308, 0x8308, 0x8308, 0x8308,
    0x8308, 0x8308, 0x59E5, 0x8308, 0x8308, 0x8308, 0x59E5, 0x8308, 0x59E5, 0x8308, 0x8308, 0x59E5,
    0x8308, 0x8308, 0x8308, 0x8308, 0x8308, 0x8308, 0x59E5, 0x8308, 0x8308, 0x8308, 0x59E5, 0x8308,
    0x59E5, 0x8308, 0x8308, 0x59E5, 0x8308, 0x8308, 0x8308, 0x8308, 0x8308, 0x8308, 0x59E5, 0x8308,
    0x8308, 0x8308, 0x59E5, 0x8308, 0x59E5, 0x8308, 0x8308, 0x59E5, 0x8308, 0x8308, 0x8308, 0x8308,
    0x8308, 0x8308, 0x59E5, 0x8308, 0x8308, 0x8308, 0x59E5, 0x8308, 0x59E5, 0x8308, 0x8308, 0x59E5,
    0x8308, 0x8308, 0x8308, 0x8308, 0x8308, 0x8308, 0x59E5, 0x8308, 0x8308, 0x8308, 0x59E5, 0x8308,
    0x59E5, 0x8308, 0x8308, 0x59E5, 0x8308, 0x8308, 0x8308, 0x8308, 0x8308, 0x8308, 0x59E5, 0x8308,
    0x8308, 0x8308, 0x59E5, 0x8308, 0x59E5, 0x8308, 0x8308, 0x59E5, 0x8308, 0x8308, 0x8308, 0x8308,
    0x8308, 0x8308, 0x59E5, 0x8308, 0x8308, 0x8308, 0x59E5, 0x8308, 0x59E5, 0x8308, 0x8308, 0x59E5,
    0x8308, 0x8308, 0x8308, 0x8308, 0x8308, 0x8308, 0x59E5, 0x8308, 0x8308, 0x8308, 0x59E5, 0x8308,
    0x59E5, 0x8308, 0x8308, 0x59E5, 0x8308, 0x8308, 0x8308, 0x8308, 0x8308, 0x8308, 0x59E5, 0x8308,
    0x8308, 0x8308, 0x59E5, 0x8308, 0x59E5, 0x8308, 0x8308, 0x59E5, 0x8308, 0x8308, 0x8308, 0x8308,
    0x8308, 0x8308, 0x59E5, 0x8308, 0x8308, 0x8308, 0x59E5, 0x8308, 0x59E5, 0x8308, 0x8308, 0x59E5,
    0x8308, 0x8308, 0x8308, 0x8308, 0x8308, 0x8308, 0x59E5, 0x8308, 0x8308, 0x8308, 0x59E5, 0x8308,
    0x59E5, 0x8308, 0x8308, 0x59E5, 0x8308, 0x8308, 0x8308, 0x8308, 0x8308, 0x8308, 0x59E5, 0x8308,
    0x8308, 0x8308, 0x59E5, 0x8308, 0x59E5, 0x8308, 0x8308, 0x59E5, 0x8308, 0x8308, 0x8308, 0x8308,
    0x8308, 0x8308, 0x59E5, 0x8308, 0x8308, 0x8308, 0x59E5, 0x8308, 0x59E5, 0x8308, 0x8308, 0x59E5,
    0x8308, 0x8308, 0x8308, 0x8308, 0x8308, 0x8308, 0x59E5, 0x8308, 0x8308, 0x8308, 0x59E5, 0x8308,
    0x59E5, 0x8308, 0x8308, 0x59E5, 0x8308, 0x8308, 0x8308, 0x8308, 0x59E5, 0x59E5, 0x8308, 0x59E5,
    0x59E5, 0x59E5, 0x59E5, 0x8308, 0x8308, 0x8308, 0x8308, 0x8308, 0x8308, 0x8308, 0x8308, 0x8308,
    0x59E5, 0x59E5, 0x8308, 0x59E5, 0x59E5, 0x59E5, 0x59E5, 0x8308, 0x8308, 0x8308, 0x8308, 0x8308,
    0x8308, 0x8308, 0x8308, 0x8308, 0x59E5, 0x59E5, 0x8308, 0x59E5, 0x59E5, 0x59E5, 0x59E5, 0x8308,
    0x8308, 0x8308, 0x8308, 0x8308, 0x8308, 0x8308, 0x8308, 0x8308, 0x59E5, 0x59E5, 0x8308, 0x59E5,
    0x59E5, 0x59E5, 0x59E5, 0x8308, 0x8308, 0x8308, 0x8308, 0x8308, 0x8308, 0x8308, 0x8308, 0x8308,
    0x59E5, 0x59E5, 0x8308, 0x59E5, 0x59E5, 0x59E5, 0x59E5, 0x8308, 0x8308, 0x8308, 0x8308, 0x8308,
    0x8308, 0x8308, 0x8308, 0x8308, 0x59E5, 0x59E5, 0x8308, 0x59E5, 0x59E5, 0x59E5, 0x59E5, 0x8308,
    0x8308, 0x8308, 0x8308, 0x8308, 0x8308, 0x8308, 0x8308, 0x8308, 0x59E5, 0x59E5, 0x8308, 0x59E5,
    0x59E5, 0x59E5, 0x59E5, 0x8308, 0x8308, 0x8308, 0x8308, 0x8308, 0x8308, 0x8308, 0x8308, 0x8308,
    0x59E5, 0x59E5, 0x8308, 0x59E5, 0x59E5, 0x59E5, 0x59E5, 0x8308, 0x8308, 0x8308, 0x8308, 0x8308,
    0x8308, 0x8308, 0x8308, 0x8308, 0x59E5, 0x59E5, 0x8308, 0x59E5, 0x59E5, 0x59E5, 0x59E5, 0x8308,
    0x8308, 0x8308, 0x8308, 0x8308, 0x8308, 0x8308, 0x8308, 0x8308, 0x59E5, 0x59E5, 0x8308, 0x59E5,
    0x59E5, 0x59E5, 0x59E5, 0x8308, 0x8308, 0x8308, 0x8308, 0x8308, 0x8308, 0x8308, 0x8308, 0x8308,
    0x59E5, 0x59E5, 0x8308, 0x59E5, 0x59E5, 0x59E5, 0x59E5, 0x8308, 0x8308, 0x8308, 0x8308, 0x8308,
    0x8308, 0x8308, 0x8308, 0x8308, 0x59E5, 0x59E5, 0x8308, 0x59E5, 0x59E5, 0x59E5, 0x59E5, 0x8308,
    0x8308, 0x8308, 0x8308, 0x8308, 0x8308, 0x8308, 0x8308, 0x8308, 0x59E5, 0x59E5, 0x8308, 0x59E5,
    0x59E5, 0x59E5, 0x59E5, 0x8308, 0x8308, 0x8308, 0x8308, 0x8308, 0x8308, 0x8308, 0x8308, 0x8308,
    0x59E5, 0x59E5, 0x8308, 0x59E5, 0x59E5, 0x59E5, 0x59E5, 0x8308, 0x8308, 0x8308, 0x8308, 0x8308,
    0x8308, 0x8308, 0x8308, 0x8308, 0x59E5, 0x59E5, 0x8308, 0x59E5, 0x59E5, 0x59E5, 0x59E5, 0x8308,
    0x8308, 0x8308, 0x8308, 0x8308, 0x8308, 0x8308, 0x8308, 0x8308, 0x59E5, 0x59E5, 0x8308, 0x59E5,
    0x59E5, 0x59E5, 0x59E5, 0x8308, 0x8308, 0x8308, 0x8308, 0x8308, 0x8308, 0x8308, 0x8308, 0x8308,
    0x59E5, 0x59E5, 0x8308, 0x59E5, 0x59E5, 0x59E5, 0x59E5, 0x8308, 0x8308, 0x8308, 0x8308, 0x8308,
    0x8308, 0x8308, 0x8308, 0x8308, 0x59E5, 0x59E5, 0x8308, 0x59E5, 0x59E5, 0x59E5, 0x59E5, 0x8308,
    0x8308, 0x8308, 0x8308, 0x8308, 0x8308, 0x8308, 0x8308, 0x8308, 0x59E5, 0x59E5, 0x8308, 0x59E5,
    0x59E5, 0x59E5, 0x59E5, 0x8308, 0x8308, 0x8308, 0x8308, 0x8308, 0x8308, 0x8308, 0x8308, 0x8308,
    0x59E5, 0x59E5, 0x8308, 0x59E5, 0x59E5, 0x59E5, 0x59E5, 0x8308, 0x8308, 0x8308, 0x8308, 0x8308,
    0x8308, 0x8308, 0x8308, 0x59E5, 0x8308, 0x8308, 0x8308, 0x8308, 0x8308, 0x59E5, 0x59E5, 0x59E5,
    0x8308, 0x8308, 0x8308, 0x8308, 0x8308, 0x8308, 0x8308, 0x59E5, 0x8308, 0x8308, 0x8308, 0x8308,
    0x8308, 0x59E5, 0x59E5, 0x59E5, 0x8308, 0x8308, 0x8308, 0x8308, 0x8308, 0x8308, 0x8308, 0x59E5,
    0x8308, 0x8308, 0x8308, 0x8308, 0x8308, 0x59E5, 0x59E5, 0x59E5, 0x8308, 0x8308, 0x8308, 0x8308,
    0x8308, 0x8308, 0x8308, 0x59E5, 0x8308, 0x8308, 0x8308, 0x8308, 0x8308, 0x59E5, 0x59E5, 0x59E5,
    0x8308, 0x8308, 0x8308, 0x8308, 0x8308, 0x8308, 0x8308, 0x59E5, 0x8308, 0x8308, 0x8308, 0x8308,
    0x8308, 0x59E5, 0x59E5, 0x59E5, 0x8308, 0x8308, 0x8308, 0x8308, 0x8308, 0x8308, 0x8308, 0x59E5,
    0x8308, 0x8308, 0x8308, 0x8308, 0x8308, 0x59E5, 0x59E5, 0x59E5, 0x8308, 0x8308, 0x8308, 0x8308,
    0x8308, 0x8308, 0x8308, 0x59E5, 0x8308, 0x8308, 0x8308, 0x8308, 0x8308, 0x59E5, 0x59E5, 0x59E5,
    0x8308, 0x8308, 0x8308, 0x8308, 0x8308, 0x8308, 0x8308, 0x59E5, 0x8308, 0x8308, 0x8308, 0x8308,
    0x8308, 0x59E5, 0x59E5, 0x59E5, 0x8308, 0x8308, 0x8308, 0x8308, 0x8308, 0x8308, 0x8308, 0x59E5,
    0x8308, 0x8308, 0x8308, 0x8308, 0x8308, 0x59E5, 0x59E5, 0x59E5, 0x8308, 0x8308, 0x8308, 0x8308,
    0x8308, 0x8308, 0x8308, 0x59E5, 0x8308, 0x8308, 0x8308, 0x8308, 0x8308, 0x59E5, 0x59E5, 0x59E5,
    0x8308, 0x8308, 0x8308, 0x8308, 0x8308, 0x8308, 0x8308, 0x59E5, 0x8308, 0x8308, 0x8308, 0x8308,
    0x8308, 0x59E5, 0x59E5, 0x59E5, 0x8308, 0x8308, 0x8308, 0x8308, 0x8308, 0x8308, 0x8308, 0x59E5,
    0x8308, 0x8308, 0x8308, 0x8308, 0x8308, 0x59E5, 0x59E5, 0x59E5, 0x8308, 0x8308, 0x8308, 0x8308,
    0x8308, 0x8308, 0x8308, 0x59E5, 0x8308, 0x8308, 0x8308, 0x8308, 0x8308, 0x59E5, 0x59E5, 0x59E5,
    0x8308, 0x8308, 0x8308, 0x8308, 0x8308, 0x8308, 0x8308, 0x59E5, 0x8308, 0x8308, 0x8308, 0x8308,
    0x8308, 0x59E5, 0x59E5, 0x59E5, 0x8308, 0x8308, 0x8308, 0x8308, 0x8308, 0x8308, 0x8308, 0x59E5,
    0x8308, 0x8308, 0x8308, 0x8308, 0x8308, 0x59E5, 0x59E5, 0x59E5, 0x8308, 0x8308, 0x8308, 0x8308,
    0x8308, 0x8308, 0x8308, 0x59E5, 0x8308, 0x8308, 0x8308, 0x8308, 0x8308, 0x59E5, 0x59E5, 0x59E5,
    0x8308, 0x8308, 0x8308, 0x8308, 0x8308, 0x8308, 0x8308, 0x59E5, 0x8308, 0x8308, 0x8308, 0x8308,
    0x8308, 0x59E5, 0x59E5, 0x59E5, 0x8308, 0x8308, 0x8308, 0x8308, 0x8308, 0x8308, 0x8308, 0x59E5,
    0x8308, 0x8308, 0x8308, 0x8308, 0x8308, 0x59E5, 0x59E5, 0x59E5, 0x8308, 0x8308, 0x8308, 0x8308,
    0x8308, 0x8308, 0x8308, 0x59E5, 0x8308, 0x8308, 0x8308, 0x8308, 0x8308, 0x59E5, 0x59E5, 0x59E5,
    0x8308, 0x8308, 0x8308, 0x8308, 0x8308, 0x8308, 0x8308, 0x59E5, 0x8308, 0x8308, 0x8308, 0x8308,
    0x8308, 0x59E5, 0x59E5, 0x59E5, 0x8308, 0x8308, 0x8308, 0x8308, 0x8308, 0x8308, 0x59E5, 0x59E5,
    0x8308, 0x8308, 0x8308, 0x8308, 0x59E5, 0x8308, 0x8308, 0x59E5, 0x59E5, 0x8308, 0x8308, 0x8308,
    0x8308, 0x8308, 0x59E5, 0x59E5, 0x8308, 0x8308, 0x8308, 0x8308, 0x59E5, 0x8308, 0x8308, 0x59E5,
    0x59E5, 0x8308, 0x8308, 0x8308, 0x8308, 0x8308, 0x59E5, 0x59E5, 0x8308, 0x8308, 0x8308, 0x8308,
    0x59E5, 0x8308, 0x8308, 0x59E5, 0x59E5, 0x8308, 0x8308, 0x8308, 0x8308, 0x8308, 0x59E5, 0x59E5,
    0x8308, 0x8308, 0x8308, 0x8308, 0x59E5, 0x8308, 0x8308, 0x59E5, 0x59E5, 0x8308, 0x8308, 0x8308,
    0x8308, 0x8308, 0x59E5, 0x59E5, 0x8308, 0x8308, 0x8308, 0x8308, 0x59E5, 0x8308, 0x8308, 0x59E5,
    0x59E5, 0x8308, 0x8308, 0x8308, 0x8308, 0x8308, 0x59E5, 0x59E5, 0x8308, 0x8308, 0x8308, 0x8308,
    0x59E5, 0x8308, 0x8308, 0x59E5, 0x59E5, 0x8308, 0x8308, 0x8308, 0x8308, 0x8308, 0x59E5, 0x59E5,
    0x8308, 0x8308, 0x8308, 0x8308, 0x59E5, 0x8308, 0x8308, 0x59E5, 0x59E5, 0x8308, 0x8308, 0x8308,
    0x8308, 0x8308, 0x59E5, 0x59E5, 0x8308, 0x8308, 0x8308, 0x8308, 0x59E5, 0x8308, 0x8308, 0x59E5,
    0x59E5, 0x8308, 0x8308, 0x8308, 0x8308, 0x8308, 0x59E5, 0x59E5, 0x8308, 0x8308, 0x8308, 0x8308,
    0x59E5, 0x8308, 0x8308, 0x59E5, 0x59E5, 0x8308, 0x8308, 0x8308, 0x8308, 0x8308, 0x59E5, 0x59E5,
    0x8308, 0x8308, 0x8308, 0x8308, 0x59E5, 0x8308, 0x8308, 0x59E5, 0x59E5, 0x8308, 0x8308, 0x8308,
    0x8308, 0x8308, 0x59E5, 0x59E5, 0x8308, 0x8308, 0x8308, 0x8308, 0x59E5, 0x8308, 0x8308, 0x59E5,
    0x59E5, 0x8308, 0x8308, 0x8308, 0x8308, 0x8308, 0x59E5, 0x59E5, 0x8308, 0x8308, 0x8308, 0x8308,
    0x59E5, 0x8308, 0x8308, 0x59E5, 0x59E5, 0x8308, 0x8308, 0x8308, 0x8308, 0x8308, 0x59E5, 0x59E5,
    0x8308, 0x8308, 0x8308, 0x8308, 0x59E5, 0x8308, 0x8308, 0x59E5, 0x59E5, 0x8308, 0x8308, 0x8308,
    0x8308, 0x8308, 0x59E5, 0x59E5, 0x8308, 0x8308, 0x8308, 0x8308, 0x59E5, 0x8308, 0x8308, 0x59E5,
    0x59E5, 0x8308, 0x8308, 0x8308, 0x8308, 0x8308, 0x59E5, 0x59E5, 0x8308, 0x8308, 0x8308, 0x8308,
    0x59E5, 0x8308, 0x8308, 0x59E5, 0x59E5, 0x8308, 0x8308, 0x8308, 0x8308, 0x8308, 0x59E5, 0x59E5,
    0x8308, 0x8308, 0x8308, 0x8308, 0x59E5, 0x8308, 0x8308, 0x59E5, 0x59E5, 0x8308, 0x8308, 0x8308,
    0x8308, 0x8308, 0x59E5, 0x59E5, 0x8308, 0x8308, 0x8308, 0x8308, 0x59E5, 0x8308, 0x8308, 0x59E5,
    0x59E5, 0x8308, 0x8308, 0x8308, 0x8308, 0x8308, 0x59E5, 0x59E5, 0x8308, 0x8308, 0x8308, 0x8308,
    0x59E5, 0x8308, 0x8308, 0x59E5, 0x59E5, 0x8308, 0x8308, 0x8308, 0x8308, 0x8308, 0x59E5, 0x59E5,
    0x8308, 0x8308, 0x8308, 0x8308, 0x59E5, 0x8308, 0x8308, 0x59E5, 0x59E5, 0x8308, 0x8308, 0x8308,
    0x8308, 0x8308, 0x59E5, 0x59E5, 0x8308, 0x8308, 0x8308, 0x8308, 0x59E5, 0x8308, 0x8308, 0x59E5,
    0x59E5, 0x8308, 0x8308, 0x8308, 0x59E5, 0x59E5, 0x59E5, 0x59E5, 0x8308, 0x59E5, 0x8308, 0x8308,
    0x59E5, 0x8308, 0x59E5, 0x8308, 0x59E5, 0x8308, 0x59E5, 0x59E5, 0x59E5, 0x59E5, 0x59E5, 0x59E5,
    0x8308, 0x59E5, 0x8308, 0x8308, 0x59E5, 0x8308, 0x59E5, 0x8308, 0x59E5, 0x8308, 0x59E5, 0x59E5,
    0x59E5, 0x59E5, 0x59E5, 0x59E5, 0x8308, 0x59E5, 0x8308, 0x8308, 0x59E5, 0x8308, 0x59E5, 0x8308,
    0x59E5, 0x8308, 0x59E5, 0x59E5, 0x59E5, 0x59E5, 0x59E5, 0x59E5, 0x8308, 0x59E5, 0x8308, 0x8308,
    0x59E5, 0x8308, 0x59E5, 0x8308, 0x59E5, 0x8308, 0x59E5, 0x59E5, 0x59E5, 0x59E5, 0x59E5, 0x59E5,
    0x8308, 0x59E5, 0x8308, 0x8308, 0x59E5, 0x8308, 0x59E5, 0x8308, 0x59E5, 0x8308, 0x59E5, 0x59E5,
    0x59E5, 0x59E5, 0x59E5, 0x59E5, 0x8308, 0x59E5, 0x8308, 0x8308, 0x59E5, 0x8308, 0x59E5, 0x8308,
    0x59E5, 0x8308, 0x59E5, 0x59E5, 0x59E5, 0x59E5, 0x59E5, 0x59E5, 0x8308, 0x59E5, 0x8308, 0x8308,
    0x59E5, 0x8308, 0x59E5, 0x8308, 0x59E5, 0x8308, 0x59E5, 0x59E5, 0x59E5, 0x59E5, 0x59E5, 0x59E5,
    0x8308, 0x59E5, 0x8308, 0x8308, 0x59E5, 0x8308, 0x59E5, 0x8308, 0x59E5, 0x8308, 0x59E5, 0x59E5,
    0x59E5, 0x59E5, 0x59E5, 0x59E5, 0x8308, 0x59E5, 0x8308, 0x8308, 0x59E5, 0x8308, 0x59E5, 0x8308,
    0x59E5, 0x8308, 0x59E5, 0x59E5, 0x59E5, 0x59E5, 0x59E5, 0x59E5, 0x8308, 0x59E5, 0x8308, 0x8308,
    0x59E5, 0x8308, 0x59E5, 0x8308, 0x59E5, 0x8308, 0x59E5, 0x59E5, 0x59E5, 0x59E5, 0x59E5, 0x59E5,
    0x8308, 0x59E5, 0x8308, 0x8308, 0x59E5, 0x8308, 0x59E5, 0x8308, 0x59E5, 0x8308, 0x59E5, 0x59E5,
    0x59E5, 0x59E5, 0x59E5, 0x59E5, 0x8308, 0x59E5, 0x8308, 0x8308, 0x59E5, 0x8308, 0x59E5, 0x8308,
    0x59E5, 0x8308, 0x59E5, 0x59E5, 0x59E5, 0x59E5, 0x59E5, 0x59E5, 0x8308, 0x59E5, 0x8308, 0x8308,
    0x59E5, 0x8308, 0x59E5, 0x8308, 0x59E5, 0x8308, 0x59E5, 0x59E5, 0x59E5, 0x59E5, 0x59E5, 0x59E5,
    0x8308, 0x59E5, 0x8308, 0x8308, 0x59E5, 0x8308, 0x59E5, 0x8308, 0x59E5, 0x8308, 0x59E5, 0x59E5,
    0x59E5, 0x59E5, 0x59E5, 0x59E5, 0x8308, 0x59E5, 0x8308, 0x8308, 0x59E5, 0x8308, 0x59E5, 0x8308,
    0x59E5, 0x8308, 0x59E5, 0x59E5, 0x59E5, 0x59E5, 0x59E5, 0x59E5, 0x8308, 0x59E5, 0x8308, 0x8308,
    0x59E5, 0x8308, 0x59E5, 0x8308, 0x59E5, 0x8308, 0x59E5, 0x59E5, 0x59E5, 0x59E5, 0x59E5, 0x59E5,
    0x8308, 0x59E5, 0x8308, 0x8308, 0x59E5, 0x8308, 0x59E5, 0x8308, 0x59E5, 0x8308, 0x59E5, 0x59E5,
    0x59E5, 0x59E5, 0x59E5, 0x59E5, 0x8308, 0x59E5, 0x8308, 0x8308, 0x59E5, 0x8308, 0x59E5, 0x8308,
    0x59E5, 0x8308, 0x59E5, 0x59E5, 0x59E5, 0x59E5, 0x59E5, 0x59E5, 0x8308, 0x59E5, 0x8308, 0x8308,
    0x59E5, 0x8308, 0x59E5, 0x8308, 0x59E5, 0x8308, 0x59E5, 0x59E5, 0x59E5, 0x59E5, 0x59E5, 0x59E5,
    0x8308, 0x59E5, 0x8308, 0x8308, 0x59E5, 0x8308, 0x59E5, 0x8308, 0x59E5, 0x8308, 0x59E5, 0x59E5,
    0x8308, 0x8308, 0x8308, 0x8308, 0x59E5, 0x8308, 0x8308, 0x8308, 0x59E5, 0x8308, 0x59E5, 0x59E5,
    0x8308, 0x8308, 0x59E5, 0x59E5, 0x8308, 0x8308, 0x8308, 0x8308, 0x59E5, 0x8308, 0x8308, 0x8308,
    0x59E5, 0x8308, 0x59E5, 0x59E5, 0x8308, 0x8308, 0x59E5, 0x59E5, 0x8308, 0x8308, 0x8308, 0x8308,
    0x59E5, 0x8308, 0x8308, 0x8308, 0x59E5, 0x8308, 0x59E5, 0x59E5, 0x8308, 0x8308, 0x59E5, 0x59E5,
    0x8308, 0x8308, 0x8308, 0x8308, 0x59E5, 0x8308, 0x8308, 0x8308, 0x59E5, 0x8308, 0x59E5, 0x59E5,
    0x8308, 0x8308, 0x59E5, 0x59E5, 0x8308, 0x8308, 0x8308, 0x8308, 0x59E5, 0x8308, 0x8308, 0x8308,
    0x59E5, 0x8308, 0x59E5, 0x59E5, 0x8308, 0x8308, 0x59E5, 0x59E5, 0x8308, 0x8308, 0x8308, 0x8308,
    0x59E5, 0x8308, 0x8308, 0x8308, 0x59E5, 0x8308, 0x59E5, 0x59E5, 0x8308, 0x8308, 0x59E5, 0x59E5,
    0x8308, 0x8308, 0x8308, 0x8308, 0x59E5, 0x8308, 0x8308, 0x8308, 0x59E5, 0x8308, 0x59E5, 0x59E5,
    0x8308, 0x8308, 0x59E5, 0x59E5, 0x8308, 0x8308, 0x8308, 0x8308, 0x59E5, 0x8308, 0x8308, 0x8308,
    0x59E5, 0x8308, 0x59E5, 0x59E5, 0x8308, 0x8308, 0x59E5, 0x59E5, 0x8308, 0x8308, 0x8308, 0x8308,
    0x59E5, 0x8308, 0x8308, 0x8308, 0x59E5, 0x8308, 0x59E5, 0x59E5, 0x8308, 0x8308, 0x59E5, 0x59E5,
    0x8308, 0x8308, 0x8308, 0x8308, 0x59E5, 0x8308, 0x8308, 0x8308, 0x59E5, 0x8308, 0x59E5, 0x59E5,
    0x8308, 0x8308, 0x59E5, 0x59E5, 0x8308, 0x8308, 0x8308, 0x8308, 0x59E5, 0x8308, 0x8308, 0x8308,
    0x59E5, 0x8308, 0x59E5, 0x59E5, 0x8308, 0x8308, 0x59E5, 0x59E5, 0x8308, 0x8308, 0x8308, 0x8308,
    0x59E5, 0x8308, 0x8308, 0x8308, 0x59E5, 0x8308, 0x59E5, 0x59E5, 0x8308, 0x8308, 0x59E5, 0x59E5,
    0x8308, 0x8308, 0x8308, 0x8308, 0x59E5, 0x8308, 0x8308, 0x8308, 0x59E5, 0x8308, 0x59E5, 0x59E5,
    0x8308, 0x8308, 0x59E5, 0x59E5, 0x8308, 0x8308, 0x8308, 0x8308, 0x59E5, 0x8308, 0x8308, 0x8308,
    0x59E5, 0x8308, 0x59E5, 0x59E5, 0x8308, 0x8308, 0x59E5, 0x59E5, 0x8308, 0x8308, 0x8308, 0x8308,
    0x59E5, 0x8308, 0x8308, 0x8308, 0x59E5, 0x8308, 0x59E5, 0x59E5, 0x8308, 0x8308, 0x59E5, 0x59E5,
    0x8308, 0x8308, 0x8308, 0x8308, 0x59E5, 0x8308, 0x8308, 0x8308, 0x59E5, 0x8308, 0x59E5, 0x59E5,
    0x8308, 0x8308, 0x59E5, 0x59E5, 0x8308, 0x8308, 0x8308, 0x8308, 0x59E5, 0x8308, 0x8308, 0x8308,
    0x59E5, 0x8308, 0x59E5, 0x59E5, 0x8308, 0x8308, 0x59E5, 0x59E5, 0x8308, 0x8308, 0x8308, 0x8308,
    0x59E5, 0x8308, 0x8308, 0x8308, 0x59E5, 0x8308, 0x59E5, 0x59E5, 0x8308, 0x8308, 0x59E5, 0x59E5,
    0x8308, 0x8308, 0x8308, 0x8308, 0x59E5, 0x8308, 0x8308, 0x8308, 0x59E5, 0x8308, 0x59E5, 0x59E5,
    0x8308, 0x8308, 0x59E5, 0x59E5, 0x8308, 0x8308, 0x8308, 0x8308, 0x59E5, 0x8308, 0x8308, 0x8308,
    0x59E5, 0x8308, 0x59E5, 0x59E5, 0x8308, 0x8308, 0x59E5, 0x59E5, 0x59E5, 0x8308, 0x59E5, 0x8308,
    0x8308, 0x8308, 0x8308, 0x8308, 0x8308, 0x8308, 0x59E5, 0x59E5, 0x8308, 0x8308, 0x59E5, 0x59E5,
    0x59E5, 0x8308, 0x59E5, 0x8308, 0x8308, 0x8308, 0x8308, 0x8308, 0x8308, 0x8308, 0x59E5, 0x59E5,
    0x8308, 0x8308, 0x59E5, 0x59E5, 0x59E5, 0x8308, 0x59E5, 0x8308, 0x8308, 0x8308, 0x8308, 0x8308,
    0x8308, 0x8308, 0x59E5, 0x59E5, 0x8308, 0x8308, 0x59E5, 0x59E5, 0x59E5, 0x8308, 0x59E5, 0x8308,
    0x8308, 0x8308, 0x8308, 0x8308, 0x8308, 0x8308, 0x59E5, 0x59E5, 0x8308, 0x8308, 0x59E5, 0x59E5,
    0x59E5, 0x8308, 0x59E5, 0x8308, 0x8308, 0x8308, 0x8308, 0x8308, 0x8308, 0x8308, 0x59E5, 0x59E5,
    0x8308, 0x8308, 0x59E5, 0x59E5, 0x59E5, 0x8308, 0x59E5, 0x8308, 0x8308, 0x8308, 0x8308, 0x8308,
    0x8308, 0x8308, 0x59E5, 0x59E5, 0x8308, 0x8308, 0x59E5, 0x59E5, 0x59E5, 0x8308, 0x59E5, 0x8308,
    0x8308, 0x8308, 0x8308, 0x8308, 0x8308, 0x8308, 0x59E5, 0x59E5, 0x8308, 0x8308, 0x59E5, 0x59E5,
    0x59E5, 0x8308, 0x59E5, 0x8308, 0x8308, 0x8308, 0x8308, 0x8308, 0x8308, 0x8308, 0x59E5, 0x59E5,
    0x8308, 0x8308, 0x59E5, 0x59E5, 0x59E5, 0x8308, 0x59E5, 0x8308, 0x8308, 0x8308, 0x8308, 0x8308,
    0x8308, 0x8308, 0x59E5, 0x59E5, 0x8308, 0x8308, 0x59E5, 0x59E5, 0x59E5, 0x8308, 0x59E5, 0x8308,
    0x8308, 0x8308, 0x8308, 0x8308, 0x8308, 0x8308, 0x59E5, 0x59E5, 0x8308, 0x8308, 0x59E5, 0x59E5,
    0x59E5, 0x8308, 0x59E5, 0x8308, 0x8308, 0x8308, 0x8308, 0x8308, 0x8308, 0x8308, 0x59E5, 0x59E5,
    0x8308, 0x8308, 0x59E5, 0x59E5, 0x59E5, 0x8308, 0x59E5, 0x8308, 0x8308, 0x8308, 0x8308, 0x8308,
    0x8308, 0x8308, 0x59E5, 0x59E5, 0x8308, 0x8308, 0x59E5, 0x59E5, 0x59E5, 0x8308, 0x59E5, 0x8308,
    0x8308, 0x8308, 0x8308, 0x8308, 0x8308, 0x8308, 0x59E5, 0x59E5, 0x8308, 0x8308, 0x59E5, 0x59E5,
    0x59E5, 0x8308, 0x59E5, 0x8308, 0x8308, 0x8308, 0x8308, 0x8308, 0x8308, 0x8308, 0x59E5, 0x59E5,
    0x8308, 0x8308, 0x59E5, 0x59E5, 0x59E5, 0x8308, 0x59E5, 0x8308, 0x8308, 0x8308, 0x8308, 0x8308,
    0x8308, 0x8308, 0x59E5, 0x59E5, 0x8308, 0x8308, 0x59E5, 0x59E5, 0x59E5, 0x8308, 0x59E5, 0x8308,
    0x8308, 0x8308, 0x8308, 0x8308, 0x8308, 0x8308, 0x59E5, 0x59E5, 0x8308, 0x8308, 0x59E5, 0x59E5,
    0x59E5, 0x8308, 0x59E5, 0x8308, 0x8308, 0x8308, 0x8308, 0x8308, 0x8308, 0x8308, 0x59E5, 0x59E5,
    0x8308, 0x8308, 0x59E5, 0x59E5, 0x59E5, 0x8308, 0x59E5, 0x8308, 0x8308, 0x8308, 0x8308, 0x8308,
    0x8308, 0x8308, 0x59E5, 0x59E5, 0x8308, 0x8308, 0x59E5, 0x59E5, 0x59E5, 0x8308, 0x59E5, 0x8308,
    0x8308, 0x8308, 0x8308, 0x8308, 0x8308, 0x8308, 0x59E5, 0x59E5, 0x8308, 0x8308, 0x59E5, 0x59E5,
    0x59E5, 0x8308, 0x59E5, 0x8308, 0x8308, 0x8308, 0x8308, 0x8308, 0x8308, 0x8308, 0x59E5, 0x59E5,
    0x8308, 0x8308, 0x59E5, 0x59E5, 0x8308, 0x8308, 0x59E5, 0x8308, 0x8308, 0x8308, 0x8308, 0x59E5,
    0x59E5, 0x8308, 0x59E5, 0x8308, 0x59E5, 0x8308, 0x8308, 0x59E5, 0x8308, 0x8308, 0x59E5, 0x8308,
    0x8308, 0x8308, 0x8308, 0x59E5, 0x59E5, 0x8308, 0x59E5, 0x8308, 0x59E5, 0x8308, 0x8308, 0x59E5,
    0x8308, 0x8308, 0x59E5, 0x8308, 0x8308, 0x8308, 0x8308, 0x59E5, 0x59E5, 0x8308, 0x59E5, 0x8308,
    0x59E5, 0x8308, 0x8308, 0x59E5, 0x8308, 0x8308, 0x59E5, 0x8308, 0x8308, 0x8308, 0x8308, 0x59E5,
    0x59E5, 0x8308, 0x59E5, 0x8308, 0x59E5, 0x8308, 0x8308, 0x59E5, 0x8308, 0x8308, 0x59E5, 0x8308,
    0x8308, 0x8308, 0x8308, 0x59E5, 0x59E5, 0x8308, 0x59E5, 0x8308, 0x59E5, 0x8308, 0x8308, 0x59E5,
    0x8308, 0x8308, 0x59E5, 0x8308, 0x8308, 0x8308, 0x8308, 0x59E5, 0x59E5, 0x8308, 0x59E5, 0x8308,
    0x59E5, 0x8308, 0x8308, 0x59E5, 0x8308, 0x8308, 0x59E5, 0x8308, 0x8308, 0x8308, 0x8308, 0x59E5,
    0x59E5, 0x8308, 0x59E5, 0x8308, 0x59E5, 0x8308, 0x8308, 0x59E5, 0x8308, 0x8308, 0x59E5, 0x8308,
    0x8308, 0x8308, 0x8308, 0x59E5, 0x59E5, 0x8308, 0x59E5, 0x8308, 0x59E5, 0x8308, 0x8308, 0x59E5,
    0x8308, 0x8308, 0x59E5, 0x8308, 0x8308, 0x8308, 0x8308, 0x59E5, 0x59E5, 0x8308, 0x59E5, 0x8308,
    0x59E5, 0x8308, 0x8308, 0x59E5, 0x8308, 0x8308, 0x59E5, 0x8308, 0x8308, 0x8308, 0x8308, 0x59E5,
    0x59E5, 0x8308, 0x59E5, 0x8308, 0x59E5, 0x8308, 0x8308, 0x59E5, 0x8308, 0x8308, 0x59E5, 0x8308,
    0x8308, 0x8308, 0x8308, 0x59E5, 0x59E5, 0x8308, 0x59E5, 0x8308, 0x59E5, 0x8308, 0x8308, 0x59E5,
    0x8308, 0x8308, 0x59E5, 0x8308, 0x8308, 0x8308, 0x8308, 0x59E5, 0x59E5, 0x8308, 0x59E5, 0x8308,
    0x59E5, 0x8308, 0x8308, 0x59E5, 0x8308, 0x8308, 0x59E5, 0x8308, 0x8308, 0x8308, 0x8308, 0x59E5,
    0x59E5, 0x8308, 0x59E5, 0x8308, 0x59E5, 0x8308, 0x8308, 0x59E5, 0x8308, 0x8308, 0x59E5, 0x8308,
    0x8308, 0x8308, 0x8308, 0x59E5, 0x59E5, 0x8308, 0x59E5, 0x8308, 0x59E5, 0x8308, 0x8308, 0x59E5,
    0x8308, 0x8308, 0x59E5, 0x8308, 0x8308, 0x8308, 0x8308, 0x59E5, 0x59E5, 0x8308, 0x59E5, 0x8308,
    0x59E5, 0x8308, 0x8308, 0x59E5, 0x8308, 0x8308, 0x59E5, 0x8308, 0x8308, 0x8308, 0x8308, 0x59E5,
    0x59E5, 0x8308, 0x59E5, 0x8308, 0x59E5, 0x8308, 0x8308, 0x59E5, 0x8308, 0x8308, 0x59E5, 0x8308,
    0x8308, 0x8308, 0x8308, 0x59E5, 0x59E5, 0x8308, 0x59E5, 0x8308, 0x59E5, 0x8308, 0x8308, 0x59E5,
    0x8308, 0x8308, 0x59E5, 0x8308, 0x8308, 0x8308, 0x8308, 0x59E5, 0x59E5, 0x8308, 0x59E5, 0x8308,
    0x59E5, 0x8308, 0x8308, 0x59E5, 0x8308, 0x8308, 0x59E5, 0x8308, 0x8308, 0x8308, 0x8308, 0x59E5,
    0x59E5, 0x8308, 0x59E5, 0x8308, 0x59E5, 0x8308, 0x8308, 0x59E5, 0x8308, 0x8308, 0x59E5, 0x8308,
    0x8308, 0x8308, 0x8308, 0x59E5, 0x59E5, 0x8308, 0x59E5, 0x8308, 0x59E5, 0x8308, 0x8308, 0x59E5,
    0x59E5, 0x8308, 0x59E5, 0x59E5, 0x8308, 0x8308, 0x8308, 0x59E5, 0x8308, 0x59E5, 0x59E5, 0x59E5,
    0x8308, 0x59E5, 0x59E5, 0x8308, 0x59E5, 0x8308, 0x59E5, 0x59E5, 0x8308, 0x8308, 0x8308, 0x59E5,
    0x8308, 0x59E5, 0x59E5, 0x59E5, 0x8308, 0x59E5, 0x59E5, 0x8308, 0x59E5, 0x8308, 0x59E5, 0x59E5,
    0x8308, 0x8308, 0x8308, 0x59E5, 0x8308, 0x59E5, 0x59E5, 0x59E5, 0x8308, 0x59E5, 0x59E5, 0x8308,
    0x59E5, 0x8308, 0x59E5, 0x59E5, 0x8308, 0x8308, 0x8308, 0x59E5, 0x8308, 0x59E5, 0x59E5, 0x59E5,
    0x8308, 0x59E5, 0x59E5, 0x8308, 0x59E5, 0x8308, 0x59E5, 0x59E5, 0x8308, 0x8308, 0x8308, 0x59E5,
    0x8308, 0x59E5, 0x59E5, 0x59E5, 0x8308, 0x59E5, 0x59E5, 0x8308, 0x59E5, 0x8308, 0x59E5, 0x59E5,
    0x8308, 0x8308, 0x8308, 0x59E5, 0x8308, 0x59E5, 0x59E5, 0x59E5, 0x8308, 0x59E5, 0x59E5, 0x8308,
    0x59E5, 0x8308, 0x59E5, 0x59E5, 0x8308, 0x8308, 0x8308, 0x59E5, 0x8308, 0x59E5, 0x59E5, 0x59E5,
    0x8308, 0x59E5, 0x59E5, 0x8308, 0x59E5, 0x8308, 0x59E5, 0x59E5, 0x8308, 0x8308, 0x8308, 0x59E5,
    0x8308, 0x59E5, 0x59E5, 0x59E5, 0x8308, 0x59E5, 0x59E5, 0x8308, 0x59E5, 0x8308, 0x59E5, 0x59E5,
    0x8308, 0x8308, 0x8308, 0x59E5, 0x8308, 0x59E5, 0x59E5, 0x59E5, 0x8308, 0x59E5, 0x59E5, 0x8308,
    0x59E5, 0x8308, 0x59E5, 0x59E5, 0x8308, 0x8308, 0x8308, 0x59E5, 0x8308, 0x59E5, 0x59E5, 0x59E5,
    0x8308, 0x59E5, 0x59E5, 0x8308, 0x59E5, 0x8308, 0x59E5, 0x59E5, 0x8308, 0x8308, 0x8308, 0x59E5,
    0x8308, 0x59E5, 0x59E5, 0x59E5, 0x8308, 0x59E5, 0x59E5, 0x8308, 0x59E5, 0x8308, 0x59E5, 0x59E5,
    0x8308, 0x8308, 0x8308, 0x59E5, 0x8308, 0x59E5, 0x59E5, 0x59E5, 0x8308, 0x59E5, 0x59E5, 0x8308,
    0x59E5, 0x8308, 0x59E5, 0x59E5, 0x8308, 0x8308, 0x8308, 0x59E5, 0x8308, 0x59E5, 0x59E5, 0x59E5,
    0x8308, 0x59E5, 0x59E5, 0x8308, 0x59E5, 0x8308, 0x59E5, 0x59E5, 0x8308, 0x8308, 0x8308, 0x59E5,
    0x8308, 0x59E5, 0x59E5, 0x59E5, 0x8308, 0x59E5, 0x59E5, 0x8308, 0x59E5, 0x8308, 0x59E5, 0x59E5,
    0x8308, 0x8308, 0x8308, 0x59E5, 0x8308, 0x59E5, 0x59E5, 0x59E5, 0x8308, 0x59E5, 0x59E5, 0x8308,
    0x59E5, 0x8308, 0x59E5, 0x59E5, 0x8308, 0x8308, 0x8308, 0x59E5, 0x8308, 0x59E5, 0x59E5, 0x59E5,
    0x8308, 0x59E5, 0x59E5, 0x8308, 0x59E5, 0x8308, 0x59E5, 0x59E5, 0x8308, 0x8308, 0x8308, 0x59E5,
    0x8308, 0x59E5, 0x59E5, 0x59E5, 0x8308, 0x59E5, 0x59E5, 0x8308, 0x59E5, 0x8308, 0x59E5, 0x59E5,
    0x8308, 0x8308, 0x8308, 0x59E5, 0x8308, 0x59E5, 0x59E5, 0x59E5, 0x8308, 0x59E5, 0x59E5, 0x8308,
    0x59E5, 0x8308, 0x59E5, 0x59E5, 0x8308, 0x8308, 0x8308, 0x59E5, 0x8308, 0x59E5, 0x59E5, 0x59E5,
    0x8308, 0x59E5, 0x59E5, 0x8308, 0x59E5, 0x8308, 0x59E5, 0x59E5, 0x8308, 0x8308, 0x8308, 0x59E5,
    0x8308, 0x59E5, 0x59E5, 0x59E5, 0x8308, 0x59E5, 0x59E5, 0x8308, 0x8308, 0x59E5, 0x8308, 0x8308,
    0x8308, 0x8308, 0x8308, 0x8308, 0x59E5, 0x59E5, 0x59E5, 0x8308, 0x8308, 0x8308, 0x59E5, 0x8308,
    0x8308, 0x59E5, 0x8308, 0x8308, 0x8308, 0x8308, 0x8308, 0x8308, 0x59E5, 0x59E5, 0x59E5, 0x8308,
    0x8308, 0x8308, 0x59E5, 0x8308, 0x8308, 0x59E5, 0x8308, 0x8308, 0x8308, 0x8308, 0x8308, 0x8308,
    0x59E5, 0x59E5, 0x59E5, 0x8308, 0x8308, 0x8308, 0x59E5, 0x8308, 0x8308, 0x59E5, 0x8308, 0x8308,
    0x8308, 0x8308, 0x8308, 0x8308, 0x59E5, 0x59E5, 0x59E5, 0x8308, 0x8308, 0x8308, 0x59E5, 0x8308,
    0x8308, 0x59E5, 0x8308, 0x8308, 0x8308, 0x8308, 0x8308, 0x8308, 0x59E5, 0x59E5, 0x59E5, 0x8308,
    0x8308, 0x8308, 0x59E5, 0x8308, 0x8308, 0x59E5, 0x8308, 0x8308, 0x8308, 0x8308, 0x8308, 0x8308,
    0x59E5, 0x59E5, 0x59E5, 0x8308, 0x8308, 0x8308, 0x59E5, 0x8308, 0x8308, 0x59E5, 0x8308, 0x8308,
    0x8308, 0x8308, 0x8308, 0x8308, 0x59E5, 0x59E5, 0x59E5, 0x8308, 0x8308, 0x8308, 0x59E5, 0x8308,
    0x8308, 0x59E5, 0x8308, 0x8308, 0x8308, 0x8308, 0x8308, 0x8308, 0x59E5, 0x59E5, 0x59E5, 0x8308,
    0x8308, 0x8308, 0x59E5, 0x8308, 0x8308, 0x59E5, 0x8308, 0x8308, 0x8308, 0x8308, 0x8308, 0x8308,
    0x59E5, 0x59E5, 0x59E5, 0x8308, 0x8308, 0x8308, 0x59E5, 0x8308, 0x8308, 0x59E5, 0x8308, 0x8308,
    0x8308, 0x8308, 0x8308, 0x8308, 0x59E5, 0x59E5, 0x59E5, 0x8308, 0x8308, 0x8308, 0x59E5, 0x8308,
    0x8308, 0x59E5, 0x8308, 0x8308, 0x8308, 0x8308, 0x8308, 0x8308, 0x59E5, 0x59E5, 0x59E5, 0x8308,
    0x8308, 0x8308, 0x59E5, 0x8308, 0x8308, 0x59E5, 0x8308, 0x8308, 0x8308, 0x8308, 0x8308, 0x8308,
    0x59E5, 0x59E5, 0x59E5, 0x8308, 0x8308, 0x8308, 0x59E5, 0x8308, 0x8308, 0x59E5, 0x8308, 0x8308,
    0x8308, 0x8308, 0x8308, 0x8308, 0x59E5, 0x59E5, 0x59E5, 0x8308, 0x8308, 0x8308, 0x59E5, 0x8308,
    0x8308, 0x59E5, 0x8308, 0x8308, 0x8308, 0x8308, 0x8308, 0x8308, 0x59E5, 0x59E5, 0x59E5, 0x8308,
    0x8308, 0x8308, 0x59E5, 0x8308, 0x8308, 0x59E5, 0x8308, 0x8308, 0x8308, 0x8308, 0x8308, 0x8308,
    0x59E5, 0x59E5, 0x59E5, 0x8308, 0x8308, 0x8308, 0x59E5, 0x8308, 0x8308, 0x59E5, 0x8308, 0x8308,
    0x8308, 0x8308, 0x8308, 0x8308, 0x59E5, 0x59E5, 0x59E5, 0x8308, 0x8308, 0x8308, 0x59E5, 0x8308,
    0x8308, 0x59E5, 0x8308, 0x8308, 0x8308, 0x8308, 0x8308, 0x8308, 0x59E5, 0x59E5, 0x59E5, 0x8308,
    0x8308, 0x8308, 0x59E5, 0x8308, 0x8308, 0x59E5, 0x8308, 0x8308, 0x8308, 0x8308, 0x8308, 0x8308,
    0x59E5, 0x59E5, 0x59E5, 0x8308, 0x8308, 0x8308, 0x59E5, 0x8308, 0x8308, 0x59E5, 0x8308, 0x8308,
    0x8308, 0x8308, 0x8308, 0x8308, 0x59E5, 0x59E5, 0x59E5, 0x8308, 0x8308, 0x8308, 0x59E5, 0x8308,
    0x8308, 0x59E5, 0x8308, 0x8308, 0x8308, 0x8308, 0x8308, 0x8308, 0x59E5, 0x59E5, 0x59E5, 0x8308,
    0x8308, 0x8308, 0x59E5, 0x8308, 0x8308, 0x8308, 0x8308, 0x8308, 0x59E5, 0x8308, 0x8308, 0x8308,
    0x8308, 0x8308, 0x8308, 0x8308, 0x8308, 0x8308, 0x8308, 0x8308, 0x8308, 0x8308, 0x8308, 0x8308,
    0x59E5, 0x8308, 0x8308, 0x8308, 0x8308, 0x8308, 0x8308, 0x8308, 0x8308, 0x8308, 0x8308, 0x8308,
    0x8308, 0x8308, 0x8308, 0x8308, 0x59E5, 0x8308, 0x8308, 0x8308, 0x8308, 0x8308, 0x8308, 0x8308,
    0x8308, 0x8308, 0x8308, 0x8308, 0x8308, 0x8308, 0x8308, 0x8308, 0x59E5, 0x8308, 0x8308, 0x8308,
    0x8308, 0x8308, 0x8308, 0x8308, 0x8308, 0x8308, 0x8308, 0x8308, 0x8308, 0x8308, 0x8308, 0x8308,
    0x59E5, 0x8308, 0x8308, 0x8308, 0x8308, 0x8308, 0x8308, 0x8308, 0x8308, 0x8308, 0x8308, 0x8308,
    0x8308, 0x8308, 0x8308, 0x8308, 0x59E5, 0x8308, 0x8308, 0x8308, 0x8308, 0x8308, 0x8308, 0x8308,
    0x8308, 0x8308, 0x8308, 0x8308, 0x8308, 0x8308, 0x8308, 0x8308, 0x59E5, 0x8308, 0x8308, 0x8308,
    0x8308, 0x8308, 0x8308, 0x8308, 0x8308, 0x8308, 0x8308, 0x8308, 0x8308, 0x8308, 0x8308, 0x8308,
    0x59E5, 0x8308, 0x8308, 0x8308, 0x8308, 0x8308, 0x8308, 0x8308, 0x8308, 0x8308, 0x8308, 0x8308,
    0x8308, 0x8308, 0x8308, 0x8308, 0x59E5, 0x8308, 0x8308, 0x8308, 0x8308, 0x8308, 0x8308, 0x8308,
    0x8308, 0x8308, 0x8308, 0x8308, 0x8308, 0x8308, 0x8308, 0x8308, 0x59E5, 0x8308, 0x8308, 0x8308,
    0x8308, 0x8308, 0x8308, 0x8308, 0x8308, 0x8308, 0x8308, 0x8308, 0x8308, 0x8308, 0x8308, 0x8308,
    0x59E5, 0x8308, 0x8308, 0x8308, 0x8308, 0x8308, 0x8308, 0x8308, 0x8308, 0x8308, 0x8308, 0x8308,
    0x8308, 0x8308, 0x8308, 0x8308, 0x59E5, 0x8308, 0x8308, 0x8308, 0x8308, 0x8308, 0x8308, 0x8308,
    0x8308, 0x8308, 0x8308, 0x8308, 0x8308, 0x8308, 0x8308, 0x8308, 0x59E5, 0x8308, 0x8308, 0x8308,
    0x8308, 0x8308, 0x8308, 0x8308, 0x8308, 0x8308, 0x8308, 0x8308, 0x8308, 0x8308, 0x8308, 0x8308,
    0x59E5, 0x8308, 0x8308, 0x8308, 0x8308, 0x8308, 0x8308, 0x8308, 0x8308, 0x8308, 0x8308, 0x8308,
    0x8308, 0x8308, 0x8308, 0x8308, 0x59E5, 0x8308, 0x8308, 0x8308, 0x8308, 0x8308, 0x8308, 0x8308,
    0x8308, 0x8308, 0x8308, 0x8308, 0x8308, 0x8308, 0x8308, 0x8308, 0x59E5, 0x8308, 0x8308, 0x8308,
    0x8308, 0x8308, 0x8308, 0x8308, 0x8308, 0x8308, 0x8308, 0x8308, 0x8308, 0x8308, 0x8308, 0x8308,
    0x59E5, 0x8308, 0x8308, 0x8308, 0x8308, 0x8308, 0x8308, 0x8308, 0x8308, 0x8308, 0x8308, 0x8308,
    0x8308, 0x8308, 0x8308, 0x8308, 0x59E5, 0x8308, 0x8308, 0x8308, 0x8308, 0x8308, 0x8308, 0x8308,
    0x8308, 0x8308, 0x8308, 0x8308, 0x8308, 0x8308, 0x8308, 0x8308, 0x59E5, 0x8308, 0x8308, 0x8308,
    0x8308, 0x8308, 0x8308, 0x8308, 0x8308, 0x8308, 0x8308, 0x8308, 0x8308, 0x8308, 0x8308, 0x8308,
    0x59E5, 0x8308, 0x8308, 0x8308, 0x8308, 0x8308, 0x8308, 0x8308, 0x8308, 0x8308, 0x8308, 0x8308,
    0x8308, 0x8308, 0x8308, 0x8308, 0x8308, 0x8308, 0x8308, 0x8308, 0x59E5, 0x8308, 0x8308, 0x8308,
    0x8308, 0x8308, 0x8308, 0x8308, 0x8308, 0x8308, 0x8308, 0x8308, 0x8308, 0x8308, 0x8308, 0x8308,
    0x59E5, 0x8308, 0x8308, 0x8308, 0x8308, 0x8308, 0x8308, 0x8308, 0x8308, 0x8308, 0x8308, 0x8308,
    0x8308, 0x8308, 0x8308, 0x8308, 0x59E5, 0x8308, 0x8308, 0x8308, 0x8308, 0x8308, 0x8308, 0x8308,
    0x8308, 0x8308, 0x8308, 0x8308, 0x8308, 0x8308, 0x8308, 0x8308, 0x59E5, 0x8308, 0x8308, 0x8308,
    0x8308, 0x8308, 0x8308, 0x8308, 0x8308, 0x8308, 0x8308, 0x8308, 0x8308, 0x8308, 0x8308, 0x8308,
    0x59E5, 0x8308, 0x8308, 0x8308, 0x8308, 0x8308, 0x8308, 0x8308, 0x8308, 0x8308, 0x8308, 0x8308,
    0x8308, 0x8308, 0x8308, 0x8308, 0x59E5, 0x8308, 0x8308, 0x8308, 0x8308, 0x8308, 0x8308, 0x8308,
    0x8308, 0x8308, 0x8308, 0x8308, 0x8308, 0x8308, 0x8308, 0x8308, 0x59E5, 0x8308, 0x8308, 0x8308,
    0x8308, 0x8308, 0x8308, 0x8308, 0x8308, 0x8308, 0x8308, 0x8308, 0x8308, 0x8308, 0x8308, 0x8308,
    0x59E5, 0x8308, 0x8308, 0x8308, 0x8308, 0x8308, 0x8308, 0x8308, 0x8308, 0x8308, 0x8308, 0x8308,
    0x8308, 0x8308, 0x8308, 0x8308, 0x59E5, 0x8308, 0x8308, 0x8308, 0x8308, 0x8308, 0x8308, 0x8308,
    0x8308, 0x8308, 0x8308, 0x8308, 0x8308, 0x8308, 0x8308, 0x8308, 0x59E5, 0x8308, 0x8308, 0x8308,
    0x8308, 0x8308, 0x8308, 0x8308, 0x8308, 0x8308, 0x8308, 0x8308, 0x8308, 0x8308, 0x8308, 0x8308,
    0x59E5, 0x8308, 0x8308, 0x8308, 0x8308, 0x8308, 0x8308, 0x8308, 0x8308, 0x8308, 0x8308, 0x8308,
    0x8308, 0x8308, 0x8308, 0x8308, 0x59E5, 0x8308, 0x8308, 0x8308, 0x8308, 0x8308, 0x8308, 0x8308,
    0x8308, 0x8308, 0x8308, 0x8308, 0x8308, 0x8308, 0x8308, 0x8308, 0x59E5, 0x8308, 0x8308, 0x8308,
    0x8308, 0x8308, 0x8308, 0x8308, 0x8308, 0x8308, 0x8308, 0x8308, 0x8308, 0x8308, 0x8308, 0x8308,
    0x59E5, 0x8308, 0x8308, 0x8308, 0x8308, 0x8308, 0x8308, 0x8308, 0x8308, 0x8308, 0x8308, 0x8308,
    0x8308, 0x8308, 0x8308, 0x8308, 0x59E5, 0x8308, 0x8308, 0x8308, 0x8308, 0x8308, 0x8308, 0x8308,
    0x8308, 0x8308, 0x8308, 0x8308, 0x8308, 0x8308, 0x8308, 0x8308, 0x59E5, 0x8308, 0x8308, 0x8308,
    0x8308, 0x8308, 0x8308, 0x8308, 0x8308, 0x8308, 0x8308, 0x8308, 0x8308, 0x8308, 0x8308, 0x8308,
    0x59E5, 0x8308, 0x8308, 0x8308, 0x8308, 0x8308, 0x8308, 0x8308, 0x8308, 0x8308, 0x8308, 0x8308,
    0x8308, 0x8308, 0x8308, 0x8308, 0x59E5, 0x8308, 0x8308, 0x8308, 0x8308, 0x8308, 0x8308, 0x8308,
    0x8308, 0x8308, 0x8308, 0x8308, 0x8308, 0x8308, 0x8308, 0x8308, 0x59E5, 0x8308, 0x8308, 0x8308,
    0x8308, 0x8308, 0x8308, 0x8308, 0x8308, 0x8308, 0x8308, 0x8308, 0x8308, 0x8308, 0x8308, 0x8308,
    0x59E5, 0x8308, 0x8308, 0x8308, 0x8308, 0x8308, 0x8308, 0x8308, 0x8308, 0x8308, 0x59E5, 0x8308,
    0x59E5, 0x8308, 0x8308, 0x59E5, 0x8308, 0x8308, 0x8308, 0x8308, 0x59E5, 0x59E5, 0x8308, 0x8308,
    0x8308, 0x8308, 0x59E5, 0x8308, 0x59E5, 0x8308, 0x8308, 0x59E5, 0x8308, 0x8308, 0x8308, 0x8308,
    0x59E5, 0x59E5, 0x8308, 0x8308, 0x8308, 0x8308, 0x59E5, 0x8308, 0x59E5, 0x8308, 0x8308, 0x59E5,
    0x8308, 0x8308, 0x8308, 0x8308, 0x59E5, 0x59E5, 0x8308, 0x8308, 0x8308, 0x8308, 0x59E5, 0x8308,
    0x59E5, 0x8308, 0x8308, 0x59E5, 0x8308, 0x8308, 0x8308, 0x8308, 0x59E5, 0x59E5, 0x8308, 0x8308,
    0x8308, 0x8308, 0x59E5, 0x8308, 0x59E5, 0x8308, 0x8308, 0x59E5, 0x8308, 0x8308, 0x8308, 0x8308,
    0x59E5, 0x59E5, 0x8308, 0x8308, 0x8308, 0x8308, 0x59E5, 0x8308, 0x59E5, 0x8308, 0x8308, 0x59E5,
    0x8308, 0x8308, 0x8308, 0x8308, 0x59E5, 0x59E5, 0x8308, 0x8308, 0x8308, 0x8308, 0x59E5, 0x8308,
    0x59E5, 0x8308, 0x8308, 0x59E5, 0x8308, 0x8308, 0x8308, 0x8308, 0x59E5, 0x59E5, 0x8308, 0x8308,
    0x8308, 0x8308, 0x59E5, 0x8308, 0x59E5, 0x8308, 0x8308, 0x59E5, 0x8308, 0x8308, 0x8308, 0x8308,
    0x59E5, 0x59E5, 0x8308, 0x8308, 0x8308, 0x8308, 0x59E5, 0x8308, 0x59E5, 0x8308, 0x8308, 0x59E5,
    0x8308, 0x8308, 0x8308, 0x8308, 0x59E5, 0x59E5, 0x8308, 0x8308, 0x8308, 0x8308, 0x59E5, 0x8308,
    0x59E5, 0x8308, 0x8308, 0x59E5, 0x8308, 0x8308, 0x8308, 0x8308, 0x59E5, 0x59E5, 0x8308, 0x8308,
    0x8308, 0x8308, 0x59E5, 0x8308, 0x59E5, 0x8308, 0x8308, 0x59E5, 0x8308, 0x8308, 0x8308, 0x8308,
    0x59E5, 0x59E5, 0x8308, 0x8308, 0x8308, 0x8308, 0x59E5, 0x8308, 0x59E5, 0x8308, 0x8308, 0x59E5,
    0x8308, 0x8308, 0x8308, 0x8308, 0x59E5, 0x59E5, 0x8308, 0x8308, 0x8308, 0x8308, 0x59E5, 0x8308,
    0x59E5, 0x8308, 0x8308, 0x59E5, 0x8308, 0x8308, 0x8308, 0x8308, 0x59E5, 0x59E5, 0x8308, 0x8308,
    0x8308, 0x8308, 0x59E5, 0x8308, 0x59E5, 0x8308, 0x8308, 0x59E5, 0x8308, 0x8308, 0x8308, 0x8308,
    0x59E5, 0x59E5, 0x8308, 0x8308, 0x8308, 0x8308, 0x59E5, 0x8308, 0x59E5, 0x8308, 0x8308, 0x59E5,
    0x8308, 0x8308, 0x8308, 0x8308, 0x59E5, 0x59E5, 0x8308, 0x8308, 0x8308, 0x8308, 0x59E5, 0x8308,
    0x59E5, 0x8308, 0x8308, 0x59E5, 0x8308, 0x8308, 0x8308, 0x8308, 0x59E5, 0x59E5, 0x8308, 0x8308,
    0x8308, 0x8308, 0x59E5, 0x8308, 0x59E5, 0x8308, 0x8308, 0x59E5, 0x8308, 0x8308, 0x8308, 0x8308,
    0x59E5, 0x59E5, 0x8308, 0x8308, 0x8308, 0x8308, 0x59E5, 0x8308, 0x59E5, 0x8308, 0x8308, 0x59E5,
    0x8308, 0x8308, 0x8308, 0x8308, 0x59E5, 0x59E5, 0x8308, 0x8308, 0x8308, 0x8308, 0x59E5, 0x8308,
    0x59E5, 0x8308, 0x8308, 0x59E5, 0x8308, 0x8308, 0x8308, 0x8308, 0x59E5, 0x59E5, 0x8308, 0x8308,
    0x8308, 0x8308, 0x59E5, 0x8308, 0x59E5, 0x8308, 0x8308, 0x59E5, 0x8308, 0x8308, 0x8308, 0x8308,
    0x59E5, 0x59E5, 0x8308, 0x8308, 0x59E5, 0x59E5, 0x8308, 0x8308, 0x8308, 0x8308, 0x8308, 0x8308,
    0x59E5, 0x8308, 0x8308, 0x8308, 0x8308, 0x8308, 0x8308, 0x8308, 0x59E5, 0x59E5, 0x8308, 0x8308,
    0x8308, 0x8308, 0x8308, 0x8308, 0x59E5, 0x8308, 0x8308, 0x8308, 0x8308, 0x8308, 0x8308, 0x8308,
    0x59E5, 0x59E5, 0x8308, 0x8308, 0x8308, 0x8308, 0x8308, 0x8308, 0x59E5, 0x8308, 0x8308, 0x8308,
    0x8308, 0x8308, 0x8308, 0x8308, 0x59E5, 0x59E5, 0x8308, 0x8308, 0x8308, 0x8308, 0x8308, 0x8308,
    0x59E5, 0x8308, 0x8308, 0x8308, 0x8308, 0x8308, 0x8308, 0x8308, 0x59E5, 0x59E5, 0x8308, 0x8308,
    0x8308, 0x8308, 0x8308, 0x8308, 0x59E5, 0x8308, 0x8308, 0x8308, 0x8308, 0x8308, 0x8308, 0x8308,
    0x59E5, 0x59E5, 0x8308, 0x8308, 0x8308, 0x8308, 0x8308, 0x8308, 0x59E5, 0x8308, 0x8308, 0x8308,
    0x8308, 0x8308, 0x8308, 0x8308, 0x59E5, 0x59E5, 0x8308, 0x8308, 0x8308, 0x8308, 0x8308, 0x8308,
    0x59E5, 0x8308, 0x8308, 0x8308, 0x8308, 0x8308, 0x8308, 0x8308, 0x59E5, 0x59E5, 0x8308, 0x8308,
    0x8308, 0x8308, 0x8308, 0x8308, 0x59E5, 0x8308, 0x8308, 0x8308, 0x8308, 0x8308, 0x8308, 0x8308,
    0x59E5, 0x59E5, 0x8308, 0x8308, 0x8308, 0x8308, 0x8308, 0x8308, 0x59E5, 0x8308, 0x8308, 0x8308,
    0x8308, 0x8308, 0x8308, 0x8308, 0x59E5, 0x59E5, 0x8308, 0x8308, 0x8308, 0x8308, 0x8308, 0x8308,
    0x59E5, 0x8308, 0x8308, 0x8308, 0x8308, 0x8308, 0x8308, 0x8308, 0x59E5, 0x59E5, 0x8308, 0x8308,
    0x8308, 0x8308, 0x8308, 0x8308, 0x59E5, 0x8308, 0x8308, 0x8308, 0x8308, 0x8308, 0x8308, 0x8308,
    0x59E5, 0x59E5, 0x8308, 0x8308, 0x8308, 0x8308, 0x8308, 0x8308, 0x59E5, 0x8308, 0x8308, 0x8308,
    0x8308, 0x8308, 0x8308, 0x8308, 0x59E5, 0x59E5, 0x8308, 0x8308, 0x8308, 0x8308, 0x8308, 0x8308,
    0x59E5, 0x8308, 0x8308, 0x8308, 0x8308, 0x8308, 0x8308, 0x8308, 0x59E5, 0x59E5, 0x8308, 0x8308,
    0x8308, 0x8308, 0x8308, 0x8308, 0x59E5, 0x8308, 0x8308, 0x8308, 0x8308, 0x8308, 0x8308, 0x8308,
    0x59E5, 0x59E5, 0x8308, 0x8308, 0x8308, 0x8308, 0x8308, 0x8308, 0x59E5, 0x8308, 0x8308, 0x8308,
    0x8308, 0x8308, 0x8308, 0x8308, 0x59E5, 0x59E5, 0x8308, 0x8308, 0x8308, 0x8308, 0x8308, 0x8308,
    0x59E5, 0x8308, 0x8308, 0x8308, 0x8308, 0x8308, 0x8308, 0x8308, 0x59E5, 0x59E5, 0x8308, 0x8308,
    0x8308, 0x8308, 0x8308, 0x8308, 0x59E5, 0x8308, 0x8308, 0x8308, 0x8308, 0x8308, 0x8308, 0x8308,
    0x59E5, 0x59E5, 0x8308, 0x8308, 0x8308, 0x8308, 0x8308, 0x8308, 0x59E5, 0x8308, 0x8308, 0x8308,
    0x8308, 0x8308, 0x8308, 0x8308, 0x59E5, 0x59E5, 0x8308, 0x8308, 0x8308, 0x8308, 0x8308, 0x8308,
    0x59E5, 0x8308, 0x8308, 0x8308, 0x8308, 0x8308, 0x8308, 0x8308, 0x59E5, 0x59E5, 0x8308, 0x8308,
    0x8308, 0x8308, 0x8308, 0x8308, 0x59E5, 0x8308, 0x8308, 0x8308, 0x8308, 0x8308, 0x8308, 0x8308,
    0x59E5, 0x8308, 0x8308, 0x8308, 0x8308, 0x8308, 0x59E5, 0x59E5, 0x8308, 0x59E5, 0x59E5, 0x8308,
    0x8308, 0x8308, 0x8308, 0x8308, 0x59E5, 0x8308, 0x8308, 0x8308, 0x8308, 0x8308, 0x59E5, 0x59E5,
    0x8308, 0x59E5, 0x59E5, 0x8308, 0x8308, 0x8308, 0x8308, 0x8308, 0x59E5, 0x8308, 0x8308, 0x8308,
    0x8308, 0x8308, 0x59E5, 0x59E5, 0x8308, 0x59E5, 0x59E5, 0x8308, 0x8308, 0x8308, 0x8308, 0x8308,
    0x59E5, 0x8308, 0x8308, 0x8308, 0x8308, 0x8308, 0x59E5, 0x59E5, 0x8308, 0x59E5, 0x59E5, 0x8308,
    0x8308, 0x8308, 0x8308, 0x8308, 0x59E5, 0x8308, 0x8308, 0x8308, 0x8308, 0x8308, 0x59E5, 0x59E5,
    0x8308, 0x59E5, 0x59E5, 0x8308, 0x8308, 0x8308, 0x8308, 0x8308, 0x59E5, 0x8308, 0x8308, 0x8308,
    0x8308, 0x8308, 0x59E5, 0x59E5, 0x8308, 0x59E5, 0x59E5, 0x8308, 0x8308, 0x8308, 0x8308, 0x8308,
    0x59E5, 0x8308, 0x8308, 0x8308, 0x8308, 0x8308, 0x59E5, 0x59E5, 0x8308, 0x59E5, 0x59E5, 0x8308,
    0x8308, 0x8308, 0x8308, 0x8308, 0x59E5, 0x8308, 0x8308, 0x8308, 0x8308, 0x8308, 0x59E5, 0x59E5,
    0x8308, 0x59E5, 0x59E5, 0x8308, 0x8308, 0x8308, 0x8308, 0x8308, 0x59E5, 0x8308, 0x8308, 0x8308,
    0x8308, 0x8308, 0x59E5, 0x59E5, 0x8308, 0x59E5, 0x59E5, 0x8308, 0x8308, 0x8308, 0x8308, 0x8308,
    0x59E5, 0x8308, 0x8308, 0x8308, 0x8308, 0x8308, 0x59E5, 0x59E5, 0x8308, 0x59E5, 0x59E5, 0x8308,
    0x8308, 0x8308, 0x8308, 0x8308, 0x59E5, 0x8308, 0x8308, 0x8308, 0x8308, 0x8308, 0x59E5, 0x59E5,
    0x8308, 0x59E5, 0x59E5, 0x8308, 0x8308, 0x8308, 0x8308, 0x8308, 0x59E5, 0x8308, 0x8308, 0x8308,
    0x8308, 0x8308, 0x59E5, 0x59E5, 0x8308, 0x59E5, 0x59E5, 0x8308, 0x8308, 0x8308, 0x8308, 0x8308,
    0x59E5, 0x8308, 0x8308, 0x8308, 0x8308, 0x8308, 0x59E5, 0x59E5, 0x8308, 0x59E5, 0x59E5, 0x8308,
    0x8308, 0x8308, 0x8308, 0x8308, 0x59E5, 0x8308, 0x8308, 0x8308, 0x8308, 0x8308, 0x59E5, 0x59E5,
    0x8308, 0x59E5, 0x59E5, 0x8308, 0x8308, 0x8308, 0x8308, 0x8308, 0x59E5, 0x8308, 0x8308, 0x8308,
    0x8308, 0x8308, 0x59E5, 0x59E5, 0x8308, 0x59E5, 0x59E5, 0x8308, 0x8308, 0x8308, 0x8308, 0x8308,
    0x59E5, 0x8308, 0x8308, 0x8308, 0x8308, 0x8308, 0x59E5, 0x59E5, 0x8308, 0x59E5, 0x59E5, 0x8308,
    0x8308, 0x8308, 0x8308, 0x8308, 0x59E5, 0x8308, 0x8308, 0x8308, 0x8308, 0x8308, 0x59E5, 0x59E5,
    0x8308, 0x59E5, 0x59E5, 0x8308, 0x8308, 0x8308, 0x8308, 0x8308, 0x59E5, 0x8308, 0x8308, 0x8308,
    0x8308, 0x8308, 0x59E5, 0x59E5, 0x8308, 0x59E5, 0x59E5, 0x8308, 0x8308, 0x8308, 0x8308, 0x8308,
    0x59E5, 0x8308, 0x8308, 0x8308, 0x8308, 0x8308, 0x59E5, 0x59E5, 0x8308, 0x59E5, 0x59E5, 0x8308,
    0x8308, 0x8308, 0x8308, 0x8308, 0x59E5, 0x8308, 0x8308, 0x8308, 0x8308, 0x8308, 0x59E5, 0x59E5,
    0x8308, 0x59E5, 0x59E5, 0x8308, 0x8308, 0x8308, 0x8308, 0x8308, 0x8308, 0x8308, 0x59E5, 0x59E5,
    0x8308, 0x59E5, 0x8308, 0x8308, 0x8308, 0x8308, 0x59E5, 0x59E5, 0x8308, 0x59E5, 0x8308, 0x59E5,
    0x8308, 0x8308, 0x59E5, 0x59E5, 0x8308, 0x59E5, 0x8308, 0x8308, 0x8308, 0x8308, 0x59E5, 0x59E5,
    0x8308, 0x59E5, 0x8308, 0x59E5, 0x8308, 0x8308, 0x59E5, 0x59E5, 0x8308, 0x59E5, 0x8308, 0x8308,
    0x8308, 0x8308, 0x59E5, 0x59E5, 0x8308, 0x59E5, 0x8308, 0x59E5, 0x8308, 0x8308, 0x59E5, 0x59E5,
    0x8308, 0x59E5, 0x8308, 0x8308, 0x8308, 0x8308, 0x59E5, 0x59E5, 0x8308, 0x59E5, 0x8308, 0x59E5,
    0x8308, 0x8308, 0x59E5, 0x59E5, 0x8308, 0x59E5, 0x8308, 0x8308, 0x8308, 0x8308, 0x59E5, 0x59E5,
    0x8308, 0x59E5, 0x8308, 0x59E5, 0x8308, 0x8308, 0x59E5, 0x59E5, 0x8308, 0x59E5, 0x8308, 0x8308,
    0x8308, 0x8308, 0x59E5, 0x59E5, 0x8308, 0x59E5, 0x8308, 0x59E5, 0x8308, 0x8308, 0x59E5, 0x59E5,
    0x8308, 0x59E5, 0x8308, 0x8308, 0x8308, 0x8308, 0x59E5, 0x59E5, 0x8308, 0x59E5, 0x8308, 0x59E5,
    0x8308, 0x8308, 0x59E5, 0x59E5, 0x8308, 0x59E5, 0x8308, 0x8308, 0x8308, 0x8308, 0x59E5, 0x59E5,
    0x8308, 0x59E5, 0x8308, 0x59E5, 0x8308, 0x8308, 0x59E5, 0x59E5, 0x8308, 0x59E5, 0x8308, 0x8308,
    0x8308, 0x8308, 0x59E5, 0x59E5, 0x8308, 0x59E5, 0x8308, 0x59E5, 0x8308, 0x8308, 0x59E5, 0x59E5,
    0x8308, 0x59E5, 0x8308, 0x8308, 0x8308, 0x8308, 0x59E5, 0x59E5, 0x8308, 0x59E5, 0x8308, 0x59E5,
    0x8308, 0x8308, 0x59E5, 0x59E5, 0x8308, 0x59E5, 0x8308, 0x8308, 0x8308, 0x8308, 0x59E5, 0x59E5,
    0x8308, 0x59E5, 0x8308, 0x59E5, 0x8308, 0x8308, 0x59E5, 0x59E5, 0x8308, 0x59E5, 0x8308, 0x8308,
    0x8308, 0x8308, 0x59E5, 0x59E5, 0x8308, 0x59E5, 0x8308, 0x59E5, 0x8308, 0x8308, 0x59E5, 0x59E5,
    0x8308, 0x59E5, 0x8308, 0x8308, 0x8308, 0x8308, 0x59E5, 0x59E5, 0x8308, 0x59E5, 0x8308, 0x59E5,
    0x8308, 0x8308, 0x59E5, 0x59E5, 0x8308, 0x59E5, 0x8308, 0x8308, 0x8308, 0x8308, 0x59E5, 0x59E5,
    0x8308, 0x59E5, 0x8308, 0x59E5, 0x8308, 0x8308, 0x59E5, 0x59E5, 0x8308, 0x59E5, 0x8308, 0x8308,
    0x8308, 0x8308, 0x59E5, 0x59E5, 0x8308, 0x59E5, 0x8308, 0x59E5, 0x8308, 0x8308, 0x59E5, 0x59E5,
    0x8308, 0x59E5, 0x8308, 0x8308, 0x8308, 0x8308, 0x59E5, 0x59E5, 0x8308, 0x59E5, 0x8308, 0x59E5,
    0x8308, 0x8308, 0x59E5, 0x59E5, 0x8308, 0x59E5, 0x8308, 0x8308, 0x8308, 0x8308, 0x59E5, 0x59E5,
    0x8308, 0x59E5, 0x8308, 0x59E5, 0x8308, 0x8308, 0x59E5, 0x59E5, 0x8308, 0x59E5, 0x8308, 0x8308,
    0x8308, 0x8308, 0x59E5, 0x59E5, 0x8308, 0x59E5, 0x8308, 0x59E5, 0x8308, 0x8308, 0x59E5, 0x59E5,
    0x8308, 0x59E5, 0x8308, 0x8308, 0x8308, 0x8308, 0x59E5, 0x59E5, 0x8308, 0x59E5, 0x8308, 0x59E5,
    0x8308, 0x8308, 0x59E5, 0x59E5, 0x8308, 0x59E5, 0x8308, 0x8308, 0x8308, 0x8308, 0x59E5, 0x59E5,
    0x8308, 0x59E5, 0x8308, 0x59E5, 0x8308, 0x8308, 0x8308, 0x8308, 0x8308, 0x8308, 0x59E5, 0x8308,
    0x8308, 0x8308, 0x59E5, 0x8308, 0x59E5, 0x8308, 0x8308, 0x59E5, 0x8308, 0x8308, 0x8308, 0x8308,
    0x8308, 0x8308, 0x59E5, 0x8308, 0x8308, 0x8308, 0x59E5, 0x8308, 0x59E5, 0x8308, 0x8308, 0x59E5,
    0x8308, 0x8308, 0x8308, 0x8308, 0x8308, 0x8308, 0x59E5, 0x8308, 0x8308, 0x8308, 0x59E5, 0x8308,
    0x59E5, 0x8308, 0x8308, 0x59E5, 0x8308, 0x8308, 0x8308, 0x8308, 0x8308, 0x8308, 0x59E5, 0x8308,
    0x8308, 0x8308, 0x59E5, 0x8308, 0x59E5, 0x8308, 0x8308, 0x59E5, 0x8308, 0x8308, 0x8308, 0x8308,
    0x8308, 0x8308, 0x59E5, 0x8308, 0x8308, 0x8308, 0x59E5, 0x8308, 0x59E5, 0x8308, 0x8308, 0x59E5,
    0x8308, 0x8308, 0x8308, 0x8308, 0x8308, 0x8308, 0x59E5, 0x8308, 0x8308, 0x8308, 0x59E5, 0x8308,
    0x59E5, 0x8308, 0x8308, 0x59E5, 0x8308, 0x8308, 0x8308, 0x8308, 0x8308, 0x8308, 0x59E5, 0x8308,
    0x8308, 0x8308, 0x59E5, 0x8308, 0x59E5, 0x8308, 0x8308, 0x59E5, 0x8308, 0x8308, 0x8308, 0x8308,
    0x8308, 0x8308, 0x59E5, 0x8308, 0x8308, 0x8308, 0x59E5, 0x8308, 0x59E5, 0x8308, 0x8308, 0x59E5,
    0x8308, 0x8308, 0x8308, 0x8308, 0x8308, 0x8308, 0x59E5, 0x8308, 0x8308, 0x8308, 0x59E5, 0x8308,
    0x59E5, 0x8308, 0x8308, 0x59E5, 0x8308, 0x8308, 0x8308, 0x8308, 0x8308, 0x8308, 0x59E5, 0x8308,
    0x8308, 0x8308, 0x59E5, 0x8308, 0x59E5, 0x8308, 0x8308, 0x59E5, 0x8308, 0x8308, 0x8308, 0x8308,
    0x8308, 0x8308, 0x59E5, 0x8308, 0x8308, 0x8308, 0x59E5, 0x8308, 0x59E5, 0x8308, 0x8308, 0x59E5,
    0x8308, 0x8308, 0x8308, 0x8308, 0x8308, 0x8308, 0x59E5, 0x8308, 0x8308, 0x8308, 0x59E5, 0x8308,
    0x59E5, 0x8308, 0x8308, 0x59E5, 0x8308, 0x8308, 0x8308, 0x8308, 0x8308, 0x8308, 0x59E5, 0x8308,
    0x8308, 0x8308, 0x59E5, 0x8308, 0x59E5, 0x8308, 0x8308, 0x59E5, 0x8308, 0x8308, 0x8308, 0x8308,
    0x8308, 0x8308, 0x59E5, 0x8308, 0x8308, 0x8308, 0x59E5, 0x8308, 0x59E5, 0x8308, 0x8308, 0x59E5,
    0x8308, 0x8308, 0x8308, 0x8308, 0x8308, 0x8308, 0x59E5, 0x8308, 0x8308, 0x8308, 0x59E5, 0x8308,
    0x59E5, 0x8308, 0x8308, 0x59E5, 0x8308, 0x8308, 0x8308, 0x8308, 0x8308, 0x8308, 0x59E5, 0x8308,
    0x8308, 0x8308, 0x59E5, 0x8308, 0x59E5, 0x8308, 0x8308, 0x59E5, 0x8308, 0x8308, 0x8308, 0x8308,
    0x8308, 0x8308, 0x59E5, 0x8308, 0x8308, 0x8308, 0x59E5, 0x8308, 0x59E5, 0x8308, 0x8308, 0x59E5,
    0x8308, 0x8308, 0x8308, 0x8308, 0x8308, 0x8308, 0x59E5, 0x8308, 0x8308, 0x8308, 0x59E5, 0x8308,
    0x59E5, 0x8308, 0x8308, 0x59E5, 0x8308, 0x8308, 0x8308, 0x8308, 0x8308, 0x8308, 0x59E5, 0x8308,
    0x8308, 0x8308, 0x59E5, 0x8308, 0x59E5, 0x8308, 0x8308, 0x59E5, 0x8308, 0x8308, 0x8308, 0x8308,
    0x8308, 0x8308, 0x59E5, 0x8308, 0x8308, 0x8308, 0x59E5, 0x8308, 0x59E5, 0x8308, 0x8308, 0x59E5,
    0x8308, 0x8308, 0x8308, 0x8308, 0x59E5, 0x59E5, 0x8308, 0x59E5, 0x59E5, 0x59E5, 0x59E5, 0x8308,
    0x8308, 0x8308, 0x8308, 0x8308, 0x8308, 0x8308, 0x8308, 0x8308, 0x59E5, 0x59E5, 0x8308, 0x59E5,
    0x59E5, 0x59E5, 0x59E5, 0x8308, 0x8308, 0x8308, 0x8308, 0x8308, 0x8308, 0x8308, 0x8308, 0x8308,
    0x59E5, 0x59E5, 0x8308, 0x59E5, 0x59E5, 0x59E5, 0x59E5, 0x8308, 0x8308, 0x8308, 0x8308, 0x8308,
    0x8308, 0x8308, 0x8308, 0x8308, 0x59E5, 0x59E5, 0x8308, 0x59E5, 0x59E5, 0x59E5, 0x59E5, 0x8308,
    0x8308, 0x8308, 0x8308, 0x8308, 0x8308, 0x8308, 0x8308, 0x8308, 0x59E5, 0x59E5, 0x8308, 0x59E5,
    0x59E5, 0x59E5, 0x59E5, 0x8308, 0x8308, 0x8308, 0x8308, 0x8308, 0x8308, 0x8308, 0x8308, 0x8308,
    0x59E5, 0x59E5, 0x8308, 0x59E5, 0x59E5, 0x59E5, 0x59E5, 0x8308, 0x8308, 0x8308, 0x8308, 0x8308,
    0x8308, 0x8308, 0x8308, 0x8308, 0x59E5, 0x59E5, 0x8308, 0x59E5, 0x59E5, 0x59E5, 0x59E5, 0x8308,
    0x8308, 0x8308, 0x8308, 0x8308, 0x8308, 0x8308, 0x8308, 0x8308, 0x59E5, 0x59E5, 0x8308, 0x59E5,
    0x59E5, 0x59E5, 0x59E5, 0x8308, 0x8308, 0x8308, 0x8308, 0x8308, 0x8308, 0x8308, 0x8308, 0x8308,
    0x59E5, 0x59E5, 0x8308, 0x59E5, 0x59E5, 0x59E5, 0x59E5, 0x8308, 0x8308, 0x8308, 0x8308, 0x8308,
    0x8308, 0x8308, 0x8308, 0x8308, 0x59E5, 0x59E5, 0x8308, 0x59E5, 0x59E5, 0x59E5, 0x59E5, 0x8308,
    0x8308, 0x8308, 0x8308, 0x8308, 0x8308, 0x8308, 0x8308, 0x8308, 0x59E5, 0x59E5, 0x8308, 0x59E5,
    0x59E5, 0x59E5, 0x59E5, 0x8308, 0x8308, 0x8308, 0x8308, 0x8308, 0x8308, 0x8308, 0x8308, 0x8308,
    0x59E5, 0x59E5, 0x8308, 0x59E5, 0x59E5, 0x59E5, 0x59E5, 0x8308, 0x8308, 0x8308, 0x8308, 0x8308,
    0x8308, 0x8308, 0x8308, 0x8308, 0x59E5, 0x59E5, 0x8308, 0x59E5, 0x59E5, 0x59E5, 0x59E5, 0x8308,
    0x8308, 0x8308, 0x8308, 0x8308, 0x8308, 0x8308, 0x8308, 0x8308, 0x59E5, 0x59E5, 0x8308, 0x59E5,
    0x59E5, 0x59E5, 0x59E5, 0x8308, 0x8308, 0x8308, 0x8308, 0x8308, 0x8308, 0x8308, 0x8308, 0x8308,
    0x59E5, 0x59E5, 0x8308, 0x59E5, 0x59E5, 0x59E5, 0x59E5, 0x8308, 0x8308, 0x8308, 0x8308, 0x8308,
    0x8308, 0x8308, 0x8308, 0x8308, 0x59E5, 0x59E5, 0x8308, 0x59E5, 0x59E5, 0x59E5, 0x59E5, 0x8308,
    0x8308, 0x8308, 0x8308, 0x8308, 0x8308, 0x8308, 0x8308, 0x8308, 0x59E5, 0x59E5, 0x8308, 0x59E5,
    0x59E5, 0x59E5, 0x59E5, 0x8308, 0x8308, 0x8308, 0x8308, 0x8308, 0x8308, 0x8308, 0x8308, 0x8308,
    0x59E5, 0x59E5, 0x8308, 0x59E5, 0x59E5, 0x59E5, 0x59E5, 0x8308, 0x8308, 0x8308, 0x8308, 0x8308,
    0x8308, 0x8308, 0x8308, 0x8308, 0x59E5, 0x59E5, 0x8308, 0x59E5, 0x59E5, 0x59E5, 0x59E5, 0x8308,
    0x8308, 0x8308, 0x8308, 0x8308, 0x8308, 0x8308, 0x8308, 0x8308, 0x59E5, 0x59E5, 0x8308, 0x59E5,
    0x59E5, 0x59E5, 0x59E5, 0x8308, 0x8308, 0x8308, 0x8308, 0x8308, 0x8308, 0x8308, 0x8308, 0x59E5,
    0x8308, 0x8308, 0x8308, 0x8308, 0x8308, 0x59E5, 0x59E5, 0x59E5, 0x8308, 0x8308, 0x8308, 0x8308,
    0x8308, 0x8308, 0x8308, 0x59E5, 0x8308, 0x8308, 0x8308, 0x8308, 0x8308, 0x59E5, 0x59E5, 0x59E5,
    0x8308, 0x8308, 0x8308, 0x8308, 0x8308, 0x8308, 0x8308, 0x59E5, 0x8308, 0x8308, 0x8308, 0x8308,
    0x8308, 0x59E5, 0x59E5, 0x59E5, 0x8308, 0x8308, 0x8308, 0x8308, 0x8308, 0x8308, 0x8308, 0x59E5,
    0x8308, 0x8308, 0x8308, 0x8308, 0x8308, 0x59E5, 0x59E5, 0x59E5, 0x8308, 0x8308, 0x8308, 0x8308,
    0x8308, 0x8308, 0x8308, 0x59E5, 0x8308, 0x8308, 0x8308, 0x8308, 0x8308, 0x59E5, 0x59E5, 0x59E5,
    0x8308, 0x8308, 0x8308, 0x8308, 0x8308, 0x8308, 0x8308, 0x59E5, 0x8308, 0x8308, 0x8308, 0x8308,
    0x8308, 0x59E5, 0x59E5, 0x59E5, 0x8308, 0x8308, 0x8308, 0x8308, 0x8308, 0x8308, 0x8308, 0x59E5,
    0x8308, 0x8308, 0x8308, 0x8308, 0x8308, 0x59E5, 0x59E5, 0x59E5, 0x8308, 0x8308, 0x8308, 0x8308,
    0x8308, 0x8308, 0x8308, 0x59E5, 0x8308, 0x8308, 0x8308, 0x8308, 0x8308, 0x59E5, 0x59E5, 0x59E5,
    0x8308, 0x8308, 0x8308, 0x8308, 0x8308, 0x8308, 0x8308, 0x59E5, 0x8308, 0x8308, 0x8308, 0x8308,
    0x8308, 0x59E5, 0x59E5, 0x59E5, 0x8308, 0x8308, 0x8308, 0x8308, 0x8308, 0x8308, 0x8308, 0x59E5,
    0x8308, 0x8308, 0x8308, 0x8308, 0x8308, 0x59E5, 0x59E5, 0x59E5, 0x8308, 0x8308, 0x8308, 0x8308,
    0x8308, 0x8308, 0x8308, 0x59E5, 0x8308, 0x8308, 0x8308, 0x8308, 0x8308, 0x59E5, 0x59E5, 0x59E5,
    0x8308, 0x8308, 0x8308, 0x8308, 0x8308, 0x8308, 0x8308, 0x59E5, 0x8308, 0x8308, 0x8308, 0x8308,
    0x8308, 0x59E5, 0x59E5, 0x59E5, 0x8308, 0x8308, 0x8308, 0x8308, 0x8308, 0x8308, 0x8308, 0x59E5,
    0x8308, 0x8308, 0x8308, 0x8308, 0x8308, 0x59E5, 0x59E5, 0x59E5, 0x8308, 0x8308, 0x8308, 0x8308,
    0x8308, 0x8308, 0x8308, 0x59E5, 0x8308, 0x8308, 0x8308, 0x8308, 0x8308, 0x59E5, 0x59E5, 0x59E5,
    0x8308, 0x8308, 0x8308, 0x8308, 0x8308, 0x8308, 0x8308, 0x59E5, 0x8308, 0x8308, 0x8308, 0x8308,
    0x8308, 0x59E5, 0x59E5, 0x59E5, 0x8308, 0x8308, 0x8308, 0x8308, 0x8308, 0x8308, 0x8308, 0x59E5,
    0x8308, 0x8308, 0x8308, 0x8308, 0x8308, 0x59E5, 0x59E5, 0x59E5, 0x8308, 0x8308, 0x8308, 0x8308,
    0x8308, 0x8308, 0x8308, 0x59E5, 0x8308, 0x8308, 0x8308, 0x8308, 0x8308, 0x59E5, 0x59E5, 0x59E5,
    0x8308, 0x8308, 0x8308, 0x8308, 0x8308, 0x8308, 0x8308, 0x59E5, 0x8308, 0x8308, 0x8308, 0x8308,
    0x8308, 0x59E5, 0x59E5, 0x59E5, 0x8308, 0x8308, 0x8308, 0x8308, 0x8308, 0x8308, 0x8308, 0x59E5,
    0x8308, 0x8308, 0x8308, 0x8308, 0x8308, 0x59E5, 0x59E5, 0x59E5, 0x8308, 0x8308, 0x8308, 0x8308,
    0x8308, 0x8308, 0x8308, 0x59E5, 0x8308, 0x8308, 0x8308, 0x8308, 0x8308, 0x59E5, 0x59E5, 0x59E5,
    0x8308, 0x8308, 0x8308, 0x8308, 0x8308, 0x8308, 0x59E5, 0x59E5, 0x8308, 0x8308, 0x8308, 0x8308,
    0x59E5, 0x8308, 0x8308, 0x59E5, 0x59E5, 0x8308, 0x8308, 0x8308, 0x8308, 0x8308, 0x59E5, 0x59E5,
    0x8308, 0x8308, 0x8308, 0x8308, 0x59E5, 0x8308, 0x8308, 0x59E5, 0x59E5, 0x8308, 0x8308, 0x8308,
    0x8308, 0x8308, 0x59E5, 0x59E5, 0x8308, 0x8308, 0x8308, 0x8308, 0x59E5, 0x8308, 0x8308, 0x59E5,
    0x59E5, 0x8308, 0x8308, 0x8308, 0x8308, 0x8308, 0x59E5, 0x59E5, 0x8308, 0x8308, 0x8308, 0x8308,
    0x59E5, 0x8308, 0x8308, 0x59E5, 0x59E5, 0x8308, 0x8308, 0x8308, 0x8308, 0x8308, 0x59E5, 0x59E5,
    0x8308, 0x8308, 0x8308, 0x8308, 0x59E5, 0x8308, 0x8308, 0x59E5, 0x59E5, 0x8308, 0x8308, 0x8308,
    0x8308, 0x8308, 0x59E5, 0x59E5, 0x8308, 0x8308, 0x8308, 0x8308, 0x59E5, 0x8308, 0x8308, 0x59E5,
    0x59E5, 0x8308, 0x8308, 0x8308, 0x8308, 0x8308, 0x59E5, 0x59E5, 0x8308, 0x8308, 0x8308, 0x8308,
    0x59E5, 0x8308, 0x8308, 0x59E5, 0x59E5, 0x8308, 0x8308, 0x8308, 0x8308, 0x8308, 0x59E5, 0x59E5,
    0x8308, 0x8308, 0x8308, 0x8308, 0x59E5, 0x8308, 0x8308, 0x59E5, 0x59E5, 0x8308, 0x8308, 0x8308,
    0x8308, 0x8308, 0x59E5, 0x59E5, 0x8308, 0x8308, 0x8308, 0x8308, 0x59E5, 0x8308, 0x8308, 0x59E5,
    0x59E5, 0x8308, 0x8308, 0x8308, 0x8308, 0x8308, 0x59E5, 0x59E5, 0x8308, 0x8308, 0x8308, 0x8308,
    0x59E5, 0x8308, 0x8308, 0x59E5, 0x59E5, 0x8308, 0x8308, 0x8308, 0x8308, 0x8308, 0x59E5, 0x59E5,
    0x8308, 0x8308, 0x8308, 0x8308, 0x59E5, 0x8308, 0x8308, 0x59E5, 0x59E5, 0x8308, 0x8308, 0x8308,
    0x8308, 0x8308, 0x59E5, 0x59E5, 0x8308, 0x8308, 0x8308, 0x8308, 0x59E5, 0x8308, 0x8308, 0x59E5,
    0x59E5, 0x8308, 0x8308, 0x8308, 0x8308, 0x8308, 0x59E5, 0x59E5, 0x8308, 0x8308, 0x8308, 0x8308,
    0x59E5, 0x8308, 0x8308, 0x59E5, 0x59E5, 0x8308, 0x8308, 0x8308, 0x8308, 0x8308, 0x59E5, 0x59E5,
    0x8308, 0x8308, 0x8308, 0x8308, 0x59E5, 0x8308, 0x8308, 0x59E5, 0x59E5, 0x8308, 0x8308, 0x8308,
    0x8308, 0x8308, 0x59E5, 0x59E5, 0x8308, 0x8308, 0x8308, 0x8308, 0x59E5, 0x8308, 0x8308, 0x59E5,
    0x59E5, 0x8308, 0x8308, 0x8308, 0x8308, 0x8308, 0x59E5, 0x59E5, 0x8308, 0x8308, 0x8308, 0x8308,
    0x59E5, 0x8308, 0x8308, 0x59E5, 0x59E5, 0x8308, 0x8308, 0x8308, 0x8308, 0x8308, 0x59E5, 0x59E5,
    0x8308, 0x8308, 0x8308, 0x8308, 0x59E5, 0x8308, 0x8308, 0x59E5, 0x59E5, 0x8308, 0x8308, 0x8308,
    0x8308, 0x8308, 0x59E5, 0x59E5, 0x8308, 0x8308, 0x8308, 0x8308, 0x59E5, 0x8308, 0x8308, 0x59E5,
    0x59E5, 0x8308, 0x8308, 0x8308, 0x8308, 0x8308, 0x59E5, 0x59E5, 0x8308, 0x8308, 0x8308, 0x8308,
    0x59E5, 0x8308, 0x8308, 0x59E5, 0x59E5, 0x8308, 0x8308, 0x8308, 0x8308, 0x8308, 0x59E5, 0x59E5,
    0x8308, 0x8308, 0x8308, 0x8308, 0x59E5, 0x8308, 0x8308, 0x59E5, 0x59E5, 0x8308, 0x8308, 0x8308,
    0x59E5, 0x59E5, 0x59E5, 0x59E5, 0x8308, 0x59E5, 0x8308, 0x8308, 0x59E5, 0x8308, 0x59E5, 0x8308,
    0x59E5, 0x8308, 0x59E5, 0x59E5, 0x59E5, 0x59E5, 0x59E5, 0x59E5, 0x8308, 0x59E5, 0x8308, 0x8308,
    0x59E5, 0x8308, 0x59E5, 0x8308, 0x59E5, 0x8308, 0x59E5, 0x59E5, 0x59E5, 0x59E5, 0x59E5, 0x59E5,
    0x8308, 0x59E5, 0x8308, 0x8308, 0x59E5, 0x8308, 0x59E5, 0x8308, 0x59E5, 0x8308, 0x59E5, 0x59E5,
    0x59E5, 0x59E5, 0x59E5, 0x59E5, 0x8308, 0x59E5, 0x8308, 0x8308, 0x59E5, 0x8308, 0x59E5, 0x8308,
    0x59E5, 0x8308, 0x59E5, 0x59E5, 0x59E5, 0x59E5, 0x59E5, 0x59E5, 0x8308, 0x59E5, 0x8308, 0x8308,
    0x59E5, 0x8308, 0x59E5, 0x8308, 0x59E5, 0x8308, 0x59E5, 0x59E5, 0x59E5, 0x59E5, 0x59E5, 0x59E5,
    0x8308, 0x59E5, 0x8308, 0x8308, 0x59E5, 0x8308, 0x59E5, 0x8308, 0x59E5, 0x8308, 0x59E5, 0x59E5,
    0x59E5, 0x59E5, 0x59E5, 0x59E5, 0x8308, 0x59E5, 0x8308, 0x8308, 0x59E5, 0x8308, 0x59E5, 0x8308,
    0x59E5, 0x8308, 0x59E5, 0x59E5, 0x59E5, 0x59E5, 0x59E5, 0x59E5, 0x8308, 0x59E5, 0x8308, 0x8308,
    0x59E5, 0x8308, 0x59E5, 0x8308, 0x59E5, 0x8308, 0x59E5, 0x59E5, 0x59E5, 0x59E5, 0x59E5, 0x59E5,
    0x8308, 0x59E5, 0x8308, 0x8308, 0x59E5, 0x8308, 0x59E5, 0x8308, 0x59E5, 0x8308, 0x59E5, 0x59E5,
    0x59E5, 0x59E5, 0x59E5, 0x59E5, 0x8308, 0x59E5, 0x8308, 0x8308, 0x59E5, 0x8308, 0x59E5, 0x8308,
    0x59E5, 0x8308, 0x59E5, 0x59E5, 0x59E5, 0x59E5, 0x59E5, 0x59E5, 0x8308, 0x59E5, 0x8308, 0x8308,
    0x59E5, 0x8308, 0x59E5, 0x8308, 0x59E5, 0x8308, 0x59E5, 0x59E5, 0x59E5, 0x59E5, 0x59E5, 0x59E5,
    0x8308, 0x59E5, 0x8308, 0x8308, 0x59E5, 0x8308, 0x59E5, 0x8308, 0x59E5, 0x8308, 0x59E5, 0x59E5,
    0x59E5, 0x59E5, 0x59E5, 0x59E5, 0x8308, 0x59E5, 0x8308, 0x8308, 0x59E5, 0x8308, 0x59E5, 0x8308,
    0x59E5, 0x8308, 0x59E5, 0x59E5, 0x59E5, 0x59E5, 0x59E5, 0x59E5, 0x8308, 0x59E5, 0x8308, 0x8308,
    0x59E5, 0x8308, 0x59E5, 0x8308, 0x59E5, 0x8308, 0x59E5, 0x59E5, 0x59E5, 0x59E5, 0x59E5, 0x59E5,
    0x8308, 0x59E5, 0x8308, 0x8308, 0x59E5, 0x8308, 0x59E5, 0x8308, 0x59E5, 0x8308, 0x59E5, 0x59E5,
    0x59E5, 0x59E5, 0x59E5, 0x59E5, 0x8308, 0x59E5, 0x8308, 0x8308, 0x59E5, 0x8308, 0x59E5, 0x8308,
    0x59E5, 0x8308, 0x59E5, 0x59E5, 0x59E5, 0x59E5, 0x59E5, 0x59E5, 0x8308, 0x59E5, 0x8308, 0x8308,
    0x59E5, 0x8308, 0x59E5, 0x8308, 0x59E5, 0x8308, 0x59E5, 0x59E5, 0x59E5, 0x59E5, 0x59E5, 0x59E5,
    0x8308, 0x59E5, 0x8308, 0x8308, 0x59E5, 0x8308, 0x59E5, 0x8308, 0x59E5, 0x8308, 0x59E5, 0x59E5,
    0x59E5, 0x59E5, 0x59E5, 0x59E5, 0x8308, 0x59E5, 0x8308, 0x8308, 0x59E5, 0x8308, 0x59E5, 0x8308,
    0x59E5, 0x8308, 0x59E5, 0x59E5, 0x59E5, 0x59E5, 0x59E5, 0x59E5, 0x8308, 0x59E5, 0x8308, 0x8308,
    0x59E5, 0x8308, 0x59E5, 0x8308, 0x59E5, 0x8308, 0x59E5, 0x59E5, 0x8308, 0x8308, 0x8308, 0x8308,
    0x59E5, 0x8308, 0x8308, 0x8308, 0x59E5, 0x8308, 0x59E5, 0x59E5, 0x8308, 0x8308, 0x59E5, 0x59E5,
    0x8308, 0x8308, 0x8308, 0x8308, 0x59E5, 0x8308, 0x8308, 0x8308, 0x59E5, 0x8308, 0x59E5, 0x59E5,
    0x8308, 0x8308, 0x59E5, 0x59E5, 0x8308, 0x8308, 0x8308, 0x8308, 0x59E5, 0x8308, 0x8308, 0x8308,
    0x59E5, 0x8308, 0x59E5, 0x59E5, 0x8308, 0x8308, 0x59E5, 0x59E5, 0x8308, 0x8308, 0x8308, 0x8308,
    0x59E5, 0x8308, 0x8308, 0x8308, 0x59E5, 0x8308, 0x59E5, 0x59E5, 0x8308, 0x8308, 0x59E5, 0x59E5,
    0x8308, 0x8308, 0x8308, 0x8308, 0x59E5, 0x8308, 0x8308, 0x8308, 0x59E5, 0x8308, 0x59E5, 0x59E5,
    0x8308, 0x8308, 0x59E5, 0x59E5, 0x8308, 0x8308, 0x8308, 0x8308, 0x59E5, 0x8308, 0x8308, 0x8308,
    0x59E5, 0x8308, 0x59E5, 0x59E5, 0x8308, 0x8308, 0x59E5, 0x59E5, 0x8308, 0x8308, 0x8308, 0x8308,
    0x59E5, 0x8308, 0x8308, 0x8308, 0x59E5, 0x8308, 0x59E5, 0x59E5, 0x8308, 0x8308, 0x59E5, 0x59E5,
    0x8308, 0x8308, 0x8308, 0x8308, 0x59E5, 0x8308, 0x8308, 0x8308, 0x59E5, 0x8308, 0x59E5, 0x59E5,
    0x8308, 0x8308, 0x59E5, 0x59E5, 0x8308, 0x8308, 0x8308, 0x8308, 0x59E5, 0x8308, 0x8308, 0x8308,
    0x59E5, 0x8308, 0x59E5, 0x59E5, 0x8308, 0x8308, 0x59E5, 0x59E5, 0x8308, 0x8308, 0x8308, 0x8308,
    0x59E5, 0x8308, 0x8308, 0x8308, 0x59E5, 0x8308, 0x59E5, 0x59E5, 0x8308, 0x8308, 0x59E5, 0x59E5,
    0x8308, 0x8308, 0x8308, 0x8308, 0x59E5, 0x8308, 0x8308, 0x8308, 0x59E5, 0x8308, 0x59E5, 0x59E5,
    0x8308, 0x8308, 0x59E5, 0x59E5, 0x8308, 0x8308, 0x8308, 0x8308, 0x59E5, 0x8308, 0x8308, 0x8308,
    0x59E5, 0x8308, 0x59E5, 0x59E5, 0x8308, 0x8308, 0x59E5, 0x59E5, 0x8308, 0x8308, 0x8308, 0x8308,
    0x59E5, 0x8308, 0x8308, 0x8308, 0x59E5, 0x8308, 0x59E5, 0x59E5, 0x8308, 0x8308, 0x59E5, 0x59E5,
    0x8308, 0x8308, 0x8308, 0x8308, 0x59E5, 0x8308, 0x8308, 0x8308, 0x59E5, 0x8308, 0x59E5, 0x59E5,
    0x8308, 0x8308, 0x59E5, 0x59E5, 0x8308, 0x8308, 0x8308, 0x8308, 0x59E5, 0x8308, 0x8308, 0x8308,
    0x59E5, 0x8308, 0x59E5, 0x59E5, 0x8308, 0x8308, 0x59E5, 0x59E5, 0x8308, 0x8308, 0x8308, 0x8308,
    0x59E5, 0x8308, 0x8308, 0x8308, 0x59E5, 0x8308, 0x59E5, 0x59E5, 0x8308, 0x8308, 0x59E5, 0x59E5,
    0x8308, 0x8308, 0x8308, 0x8308, 0x59E5, 0x8308, 0x8308, 0x8308, 0x59E5, 0x8308, 0x59E5, 0x59E5,
    0x8308, 0x8308, 0x59E5, 0x59E5, 0x8308, 0x8308, 0x8308, 0x8308, 0x59E5, 0x8308, 0x8308, 0x8308,
    0x59E5, 0x8308, 0x59E5, 0x59E5, 0x8308, 0x8308, 0x59E5, 0x59E5, 0x8308, 0x8308, 0x8308, 0x8308,
    0x59E5, 0x8308, 0x8308, 0x8308, 0x59E5, 0x8308, 0x59E5, 0x59E5, 0x8308, 0x8308, 0x59E5, 0x59E5,
    0x8308, 0x8308, 0x8308, 0x8308, 0x59E5, 0x8308, 0x8308, 0x8308, 0x59E5, 0x8308, 0x59E5, 0x59E5,
    0x8308, 0x8308, 0x59E5, 0x59E5, 0x59E5, 0x8308, 0x59E5, 0x8308, 0x8308, 0x8308, 0x8308, 0x8308,
    0x8308, 0x8308, 0x59E5, 0x59E5, 0x8308, 0x8308, 0x59E5, 0x59E5, 0x59E5, 0x8308, 0x59E5, 0x8308,
    0x8308, 0x8308, 0x8308, 0x8308, 0x8308, 0x8308, 0x59E5, 0x59E5, 0x8308, 0x8308, 0x59E5, 0x59E5,
    0x59E5, 0x8308, 0x59E5, 0x8308, 0x8308, 0x8308, 0x8308, 0x8308, 0x8308, 0x8308, 0x59E5, 0x59E5,
    0x8308, 0x8308, 0x59E5, 0x59E5, 0x59E5, 0x8308, 0x59E5, 0x8308, 0x8308, 0x8308, 0x8308, 0x8308,
    0x8308, 0x8308, 0x59E5, 0x59E5, 0x8308, 0x8308, 0x59E5, 0x59E5, 0x59E5, 0x8308, 0x59E5, 0x8308,
    0x8308, 0x8308, 0x8308, 0x8308, 0x8308, 0x8308, 0x59E5, 0x59E5, 0x8308, 0x8308, 0x59E5, 0x59E5,
    0x59E5, 0x8308, 0x59E5, 0x8308, 0x8308, 0x8308, 0x8308, 0x8308, 0x8308, 0x8308, 0x59E5, 0x59E5,
    0x8308, 0x8308, 0x59E5, 0x59E5, 0x59E5, 0x8308, 0x59E5, 0x8308, 0x8308, 0x8308, 0x8308, 0x8308,
    0x8308, 0x8308, 0x59E5, 0x59E5, 0x8308, 0x8308, 0x59E5, 0x59E5, 0x59E5, 0x8308, 0x59E5, 0x8308,
    0x8308, 0x8308, 0x8308, 0x8308, 0x8308, 0x8308, 0x59E5, 0x59E5, 0x8308, 0x8308, 0x59E5, 0x59E5,
    0x59E5, 0x8308, 0x59E5, 0x8308, 0x8308, 0x8308, 0x8308, 0x8308, 0x8308, 0x8308, 0x59E5, 0x59E5,
    0x8308, 0x8308, 0x59E5, 0x59E5, 0x59E5, 0x8308, 0x59E5, 0x8308, 0x8308, 0x8308, 0x8308, 0x8308,
    0x8308, 0x8308, 0x59E5, 0x59E5, 0x8308, 0x8308, 0x59E5, 0x59E5, 0x59E5, 0x8308, 0x59E5, 0x8308,
    0x8308, 0x8308, 0x8308, 0x8308, 0x8308, 0x8308, 0x59E5, 0x59E5, 0x8308, 0x8308, 0x59E5, 0x59E5,
    0x59E5, 0x8308, 0x59E5, 0x8308, 0x8308, 0x8308, 0x8308, 0x8308, 0x8308, 0x8308, 0x59E5, 0x59E5,
    0x8308, 0x8308, 0x59E5, 0x59E5, 0x59E5, 0x8308, 0x59E5, 0x8308, 0x8308, 0x8308, 0x8308, 0x8308,
    0x8308, 0x8308, 0x59E5, 0x59E5, 0x8308, 0x8308, 0x59E5, 0x59E5, 0x59E5, 0x8308, 0x59E5, 0x8308,
    0x8308, 0x8308, 0x8308, 0x8308, 0x8308, 0x8308, 0x59E5, 0x59E5, 0x8308, 0x8308, 0x59E5, 0x59E5,
    0x59E5, 0x8308, 0x59E5, 0x8308, 0x8308, 0x8308, 0x8308, 0x8308, 0x8308, 0x8308, 0x59E5, 0x59E5,
    0x8308, 0x8308, 0x59E5, 0x59E5, 0x59E5, 0x8308, 0x59E5, 0x8308, 0x8308, 0x8308, 0x8308, 0x8308,
    0x8308, 0x8308, 0x59E5, 0x59E5, 0x8308, 0x8308, 0x59E5, 0x59E5, 0x59E5, 0x8308, 0x59E5, 0x8308,
    0x8308, 0x8308, 0x8308, 0x8308, 0x8308, 0x8308, 0x59E5, 0x59E5, 0x8308, 0x8308, 0x59E5, 0x59E5,
    0x59E5, 0x8308, 0x59E5, 0x8308, 0x8308, 0x8308, 0x8308, 0x8308, 0x8308, 0x8308, 0x59E5, 0x59E5,
    0x8308, 0x8308, 0x59E5, 0x59E5, 0x59E5, 0x8308, 0x59E5, 0x8308, 0x8308, 0x8308, 0x8308, 0x8308,
    0x8308, 0x8308, 0x59E5, 0x59E5, 0x8308, 0x8308, 0x59E5, 0x59E5, 0x59E5, 0x8308, 0x59E5, 0x8308,
    0x8308, 0x8308, 0x8308, 0x8308, 0x8308, 0x8308, 0x59E5, 0x59E5, 0x8308, 0x8308, 0x59E5, 0x59E5,
    0x8308, 0x8308, 0x59E5, 0x8308, 0x8308, 0x8308, 0x8308, 0x59E5, 0x59E5, 0x8308, 0x59E5, 0x8308,
    0x59E5, 0x8308, 0x8308, 0x59E5, 0x8308, 0x8308, 0x59E5, 0x8308, 0x8308, 0x8308, 0x8308, 0x59E5,
    0x59E5, 0x8308, 0x59E5, 0x8308, 0x59E5, 0x8308, 0x8308, 0x59E5, 0x8308, 0x8308, 0x59E5, 0x8308,
    0x8308, 0x8308, 0x8308, 0x59E5, 0x59E5, 0x8308, 0x59E5, 0x8308, 0x59E5, 0x8308, 0x8308, 0x59E5,
    0x8308, 0x8308, 0x59E5, 0x8308, 0x8308, 0x8308, 0x8308, 0x59E5, 0x59E5, 0x8308, 0x59E5, 0x8308,
    0x59E5, 0x8308, 0x8308, 0x59E5, 0x8308, 0x8308, 0x59E5, 0x8308, 0x8308, 0x8308, 0x8308, 0x59E5,
    0x59E5, 0x8308, 0x59E5, 0x8308, 0x59E5, 0x8308, 0x8308, 0x59E5, 0x8308, 0x8308, 0x59E5, 0x8308,
    0x8308, 0x8308, 0x8308, 0x59E5, 0x59E5, 0x8308, 0x59E5, 0x8308, 0x59E5, 0x8308, 0x8308, 0x59E5,
    0x8308, 0x8308, 0x59E5, 0x8308, 0x8308, 0x8308, 0x8308, 0x59E5, 0x59E5, 0x8308, 0x59E5, 0x8308,
    0x59E5, 0x8308, 0x8308, 0x59E5, 0x8308, 0x8308, 0x59E5, 0x8308, 0x8308, 0x8308, 0x8308, 0x59E5,
    0x59E5, 0x8308, 0x59E5, 0x8308, 0x59E5, 0x8308, 0x8308, 0x59E5, 0x8308, 0x8308, 0x59E5, 0x8308,
    0x8308, 0x8308, 0x8308, 0x59E5, 0x59E5, 0x8308, 0x59E5, 0x8308, 0x59E5, 0x8308, 0x8308, 0x59E5,
    0x8308, 0x8308, 0x59E5, 0x8308, 0x8308, 0x8308, 0x8308, 0x59E5, 0x59E5, 0x8308, 0x59E5, 0x8308,
    0x59E5, 0x8308, 0x8308, 0x59E5, 0x8308, 0x8308, 0x59E5, 0x8308, 0x8308, 0x8308, 0x8308, 0x59E5,
    0x59E5, 0x8308, 0x59E5, 0x8308, 0x59E5, 0x8308, 0x8308, 0x59E5, 0x8308, 0x8308, 0x59E5, 0x8308,
    0x8308, 0x8308, 0x8308, 0x59E5, 0x59E5, 0x8308, 0x59E5, 0x8308, 0x59E5, 0x8308, 0x8308, 0x59E5,
    0x8308, 0x8308, 0x59E5, 0x8308, 0x8308, 0x8308, 0x8308, 0x59E5, 0x59E5, 0x8308, 0x59E5, 0x8308,
    0x59E5, 0x8308, 0x8308, 0x59E5, 0x8308, 0x8308, 0x59E5, 0x8308, 0x8308, 0x8308, 0x8308, 0x59E5,
    0x59E5, 0x8308, 0x59E5, 0x8308, 0x59E5, 0x8308, 0x8308, 0x59E5, 0x8308, 0x8308, 0x59E5, 0x8308,
    0x8308, 0x8308, 0x8308, 0x59E5, 0x59E5, 0x8308, 0x59E5, 0x8308, 0x59E5, 0x8308, 0x8308, 0x59E5,
    0x8308, 0x8308, 0x59E5, 0x8308, 0x8308, 0x8308, 0x8308, 0x59E5, 0x59E5, 0x8308, 0x59E5, 0x8308,
    0x59E5, 0x8308, 0x8308, 0x59E5, 0x8308, 0x8308, 0x59E5, 0x8308, 0x8308, 0x8308, 0x8308, 0x59E5,
    0x59E5, 0x8308, 0x59E5, 0x8308, 0x59E5, 0x8308, 0x8308, 0x59E5, 0x8308, 0x8308, 0x59E5, 0x8308,
    0x8308, 0x8308, 0x8308, 0x59E5, 0x59E5, 0x8308, 0x59E5, 0x8308, 0x59E5, 0x8308, 0x8308, 0x59E5,
    0x8308, 0x8308, 0x59E5, 0x8308, 0x8308, 0x8308, 0x8308, 0x59E5, 0x59E5, 0x8308, 0x59E5, 0x8308,
    0x59E5, 0x8308, 0x8308, 0x59E5, 0x8308, 0x8308, 0x59E5, 0x8308, 0x8308, 0x8308, 0x8308, 0x59E5,
    0x59E5, 0x8308, 0x59E5, 0x8308, 0x59E5, 0x8308, 0x8308, 0x59E5, 0x59E5, 0x8308, 0x59E5, 0x59E5,
    0x8308, 0x8308, 0x8308, 0x59E5, 0x8308, 0x59E5, 0x59E5, 0x59E5, 0x8308, 0x59E5, 0x59E5, 0x8308,
    0x59E5, 0x8308, 0x59E5, 0x59E5, 0x8308, 0x8308, 0x8308, 0x59E5, 0x8308, 0x59E5, 0x59E5, 0x59E5,
    0x8308, 0x59E5, 0x59E5, 0x8308, 0x59E5, 0x8308, 0x59E5, 0x59E5, 0x8308, 0x8308, 0x8308, 0x59E5,
    0x8308, 0x59E5, 0x59E5, 0x59E5, 0x8308, 0x59E5, 0x59E5, 0x8308, 0x59E5, 0x8308, 0x59E5, 0x59E5,
    0x8308, 0x8308, 0x8308, 0x59E5, 0x8308, 0x59E5, 0x59E5, 0x59E5, 0x8308, 0x59E5, 0x59E5, 0x8308,
    0x59E5, 0x8308, 0x59E5, 0x59E5, 0x8308, 0x8308, 0x8308, 0x59E5, 0x8308, 0x59E5, 0x59E5, 0x59E5,
    0x8308, 0x59E5, 0x59E5, 0x8308, 0x59E5, 0x8308, 0x59E5, 0x59E5, 0x8308, 0x8308, 0x8308, 0x59E5,
    0x8308, 0x59E5, 0x59E5, 0x59E5, 0x8308, 0x59E5, 0x59E5, 0x8308, 0x59E5, 0x8308, 0x59E5, 0x59E5,
    0x8308, 0x8308, 0x8308, 0x59E5, 0x8308, 0x59E5, 0x59E5, 0x59E5, 0x8308, 0x59E5, 0x59E5, 0x8308,
    0x59E5, 0x8308, 0x59E5, 0x59E5, 0x8308, 0x8308, 0x8308, 0x59E5, 0x8308, 0x59E5, 0x59E5, 0x59E5,
    0x8308, 0x59E5, 0x59E5, 0x8308, 0x59E5, 0x8308, 0x59E5, 0x59E5, 0x8308, 0x8308, 0x8308, 0x59E5,
    0x8308, 0x59E5, 0x59E5, 0x59E5, 0x8308, 0x59E5, 0x59E5, 0x8308, 0x59E5, 0x8308, 0x59E5, 0x59E5,
    0x8308, 0x8308, 0x8308, 0x59E5, 0x8308, 0x59E5, 0x59E5, 0x59E5, 0x8308, 0x59E5, 0x59E5, 0x8308,
    0x59E5, 0x8308, 0x59E5, 0x59E5, 0x8308, 0x8308, 0x8308, 0x59E5, 0x8308, 0x59E5, 0x59E5, 0x59E5,
    0x8308, 0x59E5, 0x59E5, 0x8308, 0x59E5, 0x8308, 0x59E5, 0x59E5, 0x8308, 0x8308, 0x8308, 0x59E5,
    0x8308, 0x59E5, 0x59E5, 0x59E5, 0x8308, 0x59E5, 0x59E5, 0x8308, 0x59E5, 0x8308, 0x59E5, 0x59E5,
    0x8308, 0x8308, 0x8308, 0x59E5, 0x8308, 0x59E5, 0x59E5, 0x59E5, 0x8308, 0x59E5, 0x59E5, 0x8308,
    0x59E5, 0x8308, 0x59E5, 0x59E5, 0x8308, 0x8308, 0x8308, 0x59E5, 0x8308, 0x59E5, 0x59E5, 0x59E5,
    0x8308, 0x59E5, 0x59E5, 0x8308, 0x59E5, 0x8308, 0x59E5, 0x59E5, 0x8308, 0x8308, 0x8308, 0x59E5,
    0x8308, 0x59E5, 0x59E5, 0x59E5, 0x8308, 0x59E5, 0x59E5, 0x8308, 0x59E5, 0x8308, 0x59E5, 0x59E5,
    0x8308, 0x8308, 0x8308, 0x59E5, 0x8308, 0x59E5, 0x59E5, 0x59E5, 0x8308, 0x59E5, 0x59E5, 0x8308,
    0x59E5, 0x8308, 0x59E5, 0x59E5, 0x8308, 0x8308, 0x8308, 0x59E5, 0x8308, 0x59E5, 0x59E5, 0x59E5,
    0x8308, 0x59E5, 0x59E5, 0x8308, 0x59E5, 0x8308, 0x59E5, 0x59E5, 0x8308, 0x8308, 0x8308, 0x59E5,
    0x8308, 0x59E5, 0x59E5, 0x59E5, 0x8308, 0x59E5, 0x59E5, 0x8308, 0x59E5, 0x8308, 0x59E5, 0x59E5,
    0x8308, 0x8308, 0x8308, 0x59E5, 0x8308, 0x59E5, 0x59E5, 0x59E5, 0x8308, 0x59E5, 0x59E5, 0x8308,
    0x59E5, 0x8308, 0x59E5, 0x59E5, 0x8308, 0x8308, 0x8308, 0x59E5, 0x8308, 0x59E5, 0x59E5, 0x59E5,
    0x8308, 0x59E5, 0x59E5, 0x8308, 0x8308, 0x59E5, 0x8308, 0x8308, 0x8308, 0x8308, 0x8308, 0x8308,
    0x59E5, 0x59E5, 0x59E5, 0x8308, 0x8308, 0x8308, 0x59E5, 0x8308, 0x8308, 0x59E5, 0x8308, 0x8308,
    0x8308, 0x8308, 0x8308, 0x8308, 0x59E5, 0x59E5, 0x59E5, 0x8308, 0x8308, 0x8308, 0x59E5, 0x8308,
    0x8308, 0x59E5, 0x8308, 0x8308, 0x8308, 0x8308, 0x8308, 0x8308, 0x59E5, 0x59E5, 0x59E5, 0x8308,
    0x8308, 0x8308, 0x59E5, 0x8308, 0x8308, 0x59E5, 0x8308, 0x8308, 0x8308, 0x8308, 0x8308, 0x8308,
    0x59E5, 0x59E5, 0x59E5, 0x8308, 0x8308, 0x8308, 0x59E5, 0x8308, 0x8308, 0x59E5, 0x8308, 0x8308,
    0x8308, 0x8308, 0x8308, 0x8308, 0x59E5, 0x59E5, 0x59E5, 0x8308, 0x8308, 0x8308, 0x59E5, 0x8308,
    0x8308, 0x59E5, 0x8308, 0x8308, 0x8308, 0x8308, 0x8308, 0x8308, 0x59E5, 0x59E5, 0x59E5, 0x8308,
    0x8308, 0x8308, 0x59E5, 0x8308, 0x8308, 0x59E5, 0x8308, 0x8308, 0x8308, 0x8308, 0x8308, 0x8308,
    0x59E5, 0x59E5, 0x59E5, 0x8308, 0x8308, 0x8308, 0x59E5, 0x8308, 0x8308, 0x59E5, 0x8308, 0x8308,
    0x8308, 0x8308, 0x8308, 0x8308, 0x59E5, 0x59E5, 0x59E5, 0x8308, 0x8308, 0x8308, 0x59E5, 0x8308,
    0x8308, 0x59E5, 0x8308, 0x8308, 0x8308, 0x8308, 0x8308, 0x8308, 0x59E5, 0x59E5, 0x59E5, 0x8308,
    0x8308, 0x8308, 0x59E5, 0x8308, 0x8308, 0x59E5, 0x8308, 0x8308, 0x8308, 0x8308, 0x8308, 0x8308,
    0x59E5, 0x59E5, 0x59E5, 0x8308, 0x8308, 0x8308, 0x59E5, 0x8308, 0x8308, 0x59E5, 0x8308, 0x8308,
    0x8308, 0x8308, 0x8308, 0x8308, 0x59E5, 0x59E5, 0x59E5, 0x8308, 0x8308, 0x8308, 0x59E5, 0x8308,
    0x8308, 0x59E5, 0x8308, 0x8308, 0x8308, 0x8308, 0x8308, 0x8308, 0x59E5, 0x59E5, 0x59E5, 0x8308,
    0x8308, 0x8308, 0x59E5, 0x8308, 0x8308, 0x59E5, 0x8308, 0x8308, 0x8308, 0x8308, 0x8308, 0x8308,
    0x59E5, 0x59E5, 0x59E5, 0x8308, 0x8308, 0x8308, 0x59E5, 0x8308, 0x8308, 0x59E5, 0x8308, 0x8308,
    0x8308, 0x8308, 0x8308, 0x8308, 0x59E5, 0x59E5, 0x59E5, 0x8308, 0x8308, 0x8308, 0x59E5, 0x8308,
    0x8308, 0x59E5, 0x8308, 0x8308, 0x8308, 0x8308, 0x8308, 0x8308, 0x59E5, 0x59E5, 0x59E5, 0x8308,
    0x8308, 0x8308, 0x59E5, 0x8308, 0x8308, 0x59E5, 0x8308, 0x8308, 0x8308, 0x8308, 0x8308, 0x8308,
    0x59E5, 0x59E5, 0x59E5, 0x8308, 0x8308, 0x8308, 0x59E5, 0x8308, 0x8308, 0x59E5, 0x8308, 0x8308,
    0x8308, 0x8308, 0x8308, 0x8308, 0x59E5, 0x59E5, 0x59E5, 0x8308, 0x8308, 0x8308, 0x59E5, 0x8308,
    0x8308, 0x59E5, 0x8308, 0x8308, 0x8308, 0x8308, 0x8308, 0x8308, 0x59E5, 0x59E5, 0x59E5, 0x8308,
    0x8308, 0x8308, 0x59E5, 0x8308, 0x8308, 0x59E5, 0x8308, 0x8308, 0x8308, 0x8308, 0x8308, 0x8308,
    0x59E5, 0x59E5, 0x59E5, 0x8308, 0x8308, 0x8308, 0x59E5, 0x8308, 0x8308, 0x59E5, 0x8308, 0x8308,
    0x8308, 0x8308, 0x8308, 0x8308, 0x59E5, 0x59E5, 0x59E5, 0x8308, 0x8308, 0x8308, 0x59E5, 0x8308,
    0x8308, 0x8308, 0x8308, 0x8308, 0x59E5, 0x8308, 0x8308, 0x8308, 0x8308, 0x8308, 0x8308, 0x8308,
    0x8308, 0x8308, 0x8308, 0x8308, 0x8308, 0x8308, 0x8308, 0x8308, 0x59E5, 0x8308, 0x8308, 0x8308,
    0x8308, 0x8308, 0x8308, 0x8308, 0x8308, 0x8308, 0x8308, 0x8308, 0x8308, 0x8308, 0x8308, 0x8308,
    0x59E5, 0x8308, 0x8308, 0x8308, 0x8308, 0x8308, 0x8308, 0x8308, 0x8308, 0x8308, 0x8308, 0x8308,
    0x8308, 0x8308, 0x8308, 0x8308, 0x59E5, 0x8308, 0x8308, 0x8308, 0x8308, 0x8308, 0x8308, 0x8308,
    0x8308, 0x8308, 0x8308, 0x8308, 0x8308, 0x8308, 0x8308, 0x8308, 0x59E5, 0x8308, 0x8308, 0x8308,
    0x8308, 0x8308, 0x8308, 0x8308, 0x8308, 0x8308, 0x8308, 0x8308, 0x8308, 0x8308, 0x8308, 0x8308,
    0x59E5, 0x8308, 0x8308, 0x8308, 0x8308, 0x8308, 0x8308, 0x8308, 0x8308, 0x8308, 0x8308, 0x8308,
    0x8308, 0x8308, 0x8308, 0x8308, 0x59E5, 0x8308, 0x8308, 0x8308, 0x8308, 0x8308, 0x8308, 0x8308,
    0x8308, 0x8308, 0x8308, 0x8308, 0x8308, 0x8308, 0x8308, 0x8308, 0x59E5, 0x8308, 0x8308, 0x8308,
    0x8308, 0x8308, 0x8308, 0x8308, 0x8308, 0x8308, 0x8308, 0x8308, 0x8308, 0x8308, 0x8308, 0x8308,
    0x59E5, 0x8308, 0x8308, 0x8308, 0x8308, 0x8308, 0x8308, 0x8308, 0x8308, 0x8308, 0x8308, 0x8308,
    0x8308, 0x8308, 0x8308, 0x8308, 0x59E5, 0x8308, 0x8308, 0x8308, 0x8308, 0x8308, 0x8308, 0x8308,
    0x8308, 0x8308, 0x8308, 0x8308, 0x8308, 0x8308, 0x8308, 0x8308, 0x59E5, 0x8308, 0x8308, 0x8308,
    0x8308, 0x8308, 0x8308, 0x8308, 0x8308, 0x8308, 0x8308, 0x8308, 0x8308, 0x8308, 0x8308, 0x8308,
    0x59E5, 0x8308, 0x8308, 0x8308, 0x8308, 0x8308, 0x8308, 0x8308, 0x8308, 0x8308, 0x8308, 0x8308,
    0x8308, 0x8308, 0x8308, 0x8308, 0x59E5, 0x8308, 0x8308, 0x8308, 0x8308, 0x8308, 0x8308, 0x8308,
    0x8308, 0x8308, 0x8308, 0x8308, 0x8308, 0x8308, 0x8308, 0x8308, 0x59E5, 0x8308, 0x8308, 0x8308,
    0x8308, 0x8308, 0x8308, 0x8308, 0x8308, 0x8308, 0x8308, 0x8308, 0x8308, 0x8308, 0x8308, 0x8308,
    0x59E5, 0x8308, 0x8308, 0x8308, 0x8308, 0x8308, 0x8308, 0x8308, 0x8308, 0x8308, 0x8308, 0x8308,
    0x8308, 0x8308, 0x8308, 0x8308, 0x59E5, 0x8308, 0x8308, 0x8308, 0x8308, 0x8308, 0x8308, 0x8308,
    0x8308, 0x8308, 0x8308, 0x8308, 0x8308, 0x8308, 0x8308, 0x8308, 0x59E5, 0x8308, 0x8308, 0x8308,
    0x8308, 0x8308, 0x8308, 0x8308, 0x8308, 0x8308, 0x8308, 0x8308, 0x8308, 0x8308, 0x8308, 0x8308,
    0x59E5, 0x8308, 0x8308, 0x8308, 0x8308, 0x8308, 0x8308, 0x8308, 0x8308, 0x8308, 0x8308, 0x8308,
    0x8308, 0x8308, 0x8308, 0x8308, 0x59E5, 0x8308, 0x8308, 0x8308, 0x8308, 0x8308, 0x8308, 0x8308,
    0x8308, 0x8308, 0x8308, 0x8308, 0x8308, 0x8308, 0x8308, 0x8308, 0x59E5, 0x8308, 0x8308, 0x8308,
    0x8308, 0x8308, 0x8308, 0x8308, 0x8308, 0x8308, 0x8308, 0x8308, 0x8308, 0x8308, 0x8308, 0x8308,
    0x8308, 0x8308, 0x8308, 0x8308, 0x59E5, 0x8308, 0x8308, 0x8308, 0x8308, 0x8308, 0x8308, 0x8308,
    0x8308, 0x8308, 0x8308, 0x8308, 0x8308, 0x8308, 0x8308, 0x8308, 0x59E5, 0x8308, 0x8308, 0x8308,
    0x8308, 0x8308, 0x8308, 0x8308, 0x8308, 0x8308, 0x8308, 0x8308, 0x8308, 0x8308, 0x8308, 0x8308,
    0x59E5, 0x8308, 0x8308, 0x8308, 0x8308, 0x8308, 0x8308, 0x8308, 0x8308, 0x8308, 0x8308, 0x8308,
    0x8308, 0x8308, 0x8308, 0x8308, 0x59E5, 0x8308, 0x8308, 0x8308, 0x8308, 0x8308, 0x8308, 0x8308,
    0x8308, 0x8308, 0x8308, 0x8308, 0x8308, 0x8308, 0x8308, 0x8308, 0x59E5, 0x8308, 0x8308, 0x8308,
    0x8308, 0x8308, 0x8308, 0x8308, 0x8308, 0x8308, 0x8308, 0x8308, 0x8308, 0x8308, 0x8308, 0x8308,
    0x59E5, 0x8308, 0x8308, 0x8308, 0x8308, 0x8308, 0x8308, 0x8308, 0x8308, 0x8308, 0x8308, 0x8308,
    0x8308, 0x8308, 0x8308, 0x8308, 0x59E5, 0x8308, 0x8308, 0x8308, 0x8308, 0x8308, 0x8308, 0x8308,
    0x8308, 0x8308, 0x8308, 0x8308, 0x8308, 0x8308, 0x8308, 0x8308, 0x59E5, 0x8308, 0x8308, 0x8308,
    0x8308, 0x8308, 0x8308, 0x8308, 0x8308, 0x8308, 0x8308, 0x8308, 0x8308, 0x8308, 0x8308, 0x8308,
    0x59E5, 0x8308, 0x8308, 0x8308, 0x8308, 0x8308, 0x8308, 0x8308, 0x8308, 0x8308, 0x8308, 0x8308,
    0x8308, 0x8308, 0x8308, 0x8308, 0x59E5, 0x8308, 0x8308, 0x8308, 0x8308, 0x8308, 0x8308, 0x8308,
    0x8308, 0x8308, 0x8308, 0x8308, 0x8308, 0x8308, 0x8308, 0x8308, 0x59E5, 0x8308, 0x8308, 0x8308,
    0x8308, 0x8308, 0x8308, 0x8308, 0x8308, 0x8308, 0x8308, 0x8308, 0x8308, 0x8308, 0x8308, 0x8308,
    0x59E5, 0x8308, 0x8308, 0x8308, 0x8308, 0x8308, 0x8308, 0x8308, 0x8308, 0x8308, 0x8308, 0x8308,
    0x8308, 0x8308, 0x8308, 0x8308, 0x59E5, 0x8308, 0x8308, 0x8308, 0x8308, 0x8308, 0x8308, 0x8308,
    0x8308, 0x8308, 0x8308, 0x8308, 0x8308, 0x8308, 0x8308, 0x8308, 0x59E5, 0x8308, 0x8308, 0x8308,
    0x8308, 0x8308, 0x8308, 0x8308, 0x8308, 0x8308, 0x8308, 0x8308, 0x8308, 0x8308, 0x8308, 0x8308,
    0x59E5, 0x8308, 0x8308, 0x8308, 0x8308, 0x8308, 0x8308, 0x8308, 0x8308, 0x8308, 0x8308, 0x8308,
    0x8308, 0x8308, 0x8308, 0x8308, 0x59E5, 0x8308, 0x8308, 0x8308, 0x8308, 0x8308, 0x8308, 0x8308,
    0x8308, 0x8308, 0x8308, 0x8308, 0x8308, 0x8308, 0x8308, 0x8308, 0x59E5, 0x8308, 0x8308, 0x8308,
    0x8308, 0x8308, 0x8308, 0x8308, 0x8308, 0x8308, 0x8308, 0x8308, 0x8308, 0x8308, 0x8308, 0x8308,
    0x59E5, 0x8308, 0x8308, 0x8308, 0x8308, 0x8308, 0x8308, 0x8308, 0x8308, 0x8308, 0x8308, 0x8308,
    0x8308, 0x8308, 0x8308, 0x8308, 0x59E5, 0x8308, 0x8308, 0x8308, 0x8308, 0x8308, 0x8308, 0x8308,
    0x8308, 0x8308, 0x8308, 0x8308, 0x8308, 0x8308, 0x8308, 0x8308, 0x59E5, 0x8308, 0x8308, 0x8308,
    0x8308, 0x8308, 0x8308, 0x8308, 0x8308, 0x8308, 0x59E5, 0x8308, 0x59E5, 0x8308, 0x8308, 0x59E5,
    0x8308, 0x8308, 0x8308, 0x8308, 0x59E5, 0x59E5, 0x8308, 0x8308, 0x8308, 0x8308, 0x59E5, 0x8308,
    0x59E5, 0x8308, 0x8308, 0x59E5, 0x8308, 0x8308, 0x8308, 0x8308, 0x59E5, 0x59E5, 0x8308, 0x8308,
    0x8308, 0x8308, 0x59E5, 0x8308, 0x59E5, 0x8308, 0x8308, 0x59E5, 0x8308, 0x8308, 0x8308, 0x8308,
    0x59E5, 0x59E5, 0x8308, 0x8308, 0x8308, 0x8308, 0x59E5, 0x8308, 0x59E5, 0x8308, 0x8308, 0x59E5,
    0x8308, 0x8308, 0x8308, 0x8308, 0x59E5, 0x59E5, 0x8308, 0x8308, 0x8308, 0x8308, 0x59E5, 0x8308,
    0x59E5, 0x8308, 0x8308, 0x59E5, 0x8308, 0x8308, 0x8308, 0x8308, 0x59E5, 0x59E5, 0x8308, 0x8308,
    0x8308, 0x8308, 0x59E5, 0x8308, 0x59E5, 0x8308, 0x8308, 0x59E5, 0x8308, 0x8308, 0x8308, 0x8308,
    0x59E5, 0x59E5, 0x8308, 0x8308, 0x8308, 0x8308, 0x59E5, 0x8308, 0x59E5, 0x8308, 0x8308, 0x59E5,
    0x8308, 0x8308, 0x8308, 0x8308, 0x59E5, 0x59E5, 0x8308, 0x8308, 0x8308, 0x8308, 0x59E5, 0x8308,
    0x59E5, 0x8308, 0x8308, 0x59E5, 0x8308, 0x8308, 0x8308, 0x8308, 0x59E5, 0x59E5, 0x8308, 0x8308,
    0x8308, 0x8308, 0x59E5, 0x8308, 0x59E5, 0x8308, 0x8308, 0x59E5, 0x8308, 0x8308, 0x8308, 0x8308,
    0x59E5, 0x59E5, 0x8308, 0x8308, 0x8308, 0x8308, 0x59E5, 0x8308, 0x59E5, 0x8308, 0x8308, 0x59E5,
    0x8308, 0x8308, 0x8308, 0x8308, 0x59E5, 0x59E5, 0x8308, 0x8308, 0x8308, 0x8308, 0x59E5, 0x8308,
    0x59E5, 0x8308, 0x8308, 0x59E5, 0x8308, 0x8308, 0x8308, 0x8308, 0x59E5, 0x59E5, 0x8308, 0x8308,
    0x8308, 0x8308, 0x59E5, 0x8308, 0x59E5, 0x8308, 0x8308, 0x59E5, 0x8308, 0x8308, 0x8308, 0x8308,
    0x59E5, 0x59E5, 0x8308, 0x8308, 0x8308, 0x8308, 0x59E5, 0x8308, 0x59E5, 0x8308, 0x8308, 0x59E5,
    0x8308, 0x8308, 0x8308, 0x8308, 0x59E5, 0x59E5, 0x8308, 0x8308, 0x8308, 0x8308, 0x59E5, 0x8308,
    0x59E5, 0x8308, 0x8308, 0x59E5, 0x8308, 0x8308, 0x8308, 0x8308, 0x59E5, 0x59E5, 0x8308, 0x8308,
    0x8308, 0x8308, 0x59E5, 0x8308, 0x59E5, 0x8308, 0x8308, 0x59E5, 0x8308, 0x8308, 0x8308, 0x8308,
    0x59E5, 0x59E5, 0x8308, 0x8308, 0x8308, 0x8308, 0x59E5, 0x8308, 0x59E5, 0x8308, 0x8308, 0x59E5,
    0x8308, 0x8308, 0x8308, 0x8308, 0x59E5, 0x59E5, 0x8308, 0x8308, 0x8308, 0x8308, 0x59E5, 0x8308,
    0x59E5, 0x8308, 0x8308, 0x59E5, 0x8308, 0x8308, 0x8308, 0x8308, 0x59E5, 0x59E5, 0x8308, 0x8308,
    0x8308, 0x8308, 0x59E5, 0x8308, 0x59E5, 0x8308, 0x8308, 0x59E5, 0x8308, 0x8308, 0x8308, 0x8308,
    0x59E5, 0x59E5, 0x8308, 0x8308, 0x8308, 0x8308, 0x59E5, 0x8308, 0x59E5, 0x8308, 0x8308, 0x59E5,
    0x8308, 0x8308, 0x8308, 0x8308, 0x59E5, 0x59E5, 0x8308, 0x8308, 0x8308, 0x8308, 0x59E5, 0x8308,
    0x59E5, 0x8308, 0x8308, 0x59E5, 0x8308, 0x8308, 0x8308, 0x8308, 0x59E5, 0x59E5, 0x8308, 0x8308,
    0x59E5, 0x59E5, 0x8308, 0x8308, 0x8308, 0x8308, 0x8308, 0x8308, 0x59E5, 0x8308, 0x8308, 0x8308,
    0x8308, 0x8308, 0x8308, 0x8308, 0x59E5, 0x59E5, 0x8308, 0x8308, 0x8308, 0x8308, 0x8308, 0x8308,
    0x59E5, 0x8308, 0x8308, 0x8308, 0x8308, 0x8308, 0x8308, 0x8308, 0x59E5, 0x59E5, 0x8308, 0x8308,
    0x8308, 0x8308, 0x8308, 0x8308, 0x59E5, 0x8308, 0x8308, 0x8308, 0x8308, 0x8308, 0x8308, 0x8308,
    0x59E5, 0x59E5, 0x8308, 0x8308, 0x8308, 0x8308, 0x8308, 0x8308, 0x59E5, 0x8308, 0x8308, 0x8308,
    0x0000, 0x0000, 0x0000, 0x0000, 0x0000, 0x0000, 0x0000, 0x0000, 0x0000, 0x0000, 0x0000, 0x0000,
    0x0000, 0x0000, 0x0000, 0x0000, 0x0000, 0x0000, 0x0000, 0x0000, 0x0000, 0x0000, 0x0000, 0x0000,
    0x0000, 0x0000, 0x0000, 0x0000, 0x0000, 0x0000, 0x0000, 0x0000, 0x0000, 0x0000, 0x0000, 0x0000,
    0x0000, 0x0000, 0x0000, 0x0000, 0x0000, 0x0000, 0x0000, 0x0000, 0x0000, 0x0000, 0x0000, 0x0000,
    0x0000, 0x0000, 0x0000, 0x0000, 0x0000, 0x0000, 0x0000, 0x0000, 0x0000, 0x0000, 0x0000, 0x0000,
    0x0000, 0x0000, 0x0000, 0x0000, 0x0000, 0x0000, 0x0000, 0x0000, 0x0000, 0x0000, 0x0000, 0x0000,
    0x0000, 0x0000, 0x0000, 0x0000, 0x0000, 0x0000, 0x0000, 0x0000, 0x0000, 0x0000, 0x0000, 0x0000,
    0x0000, 0x0000, 0x0000, 0x0000, 0x0000, 0x0000, 0x0000, 0x0000, 0x0000, 0x0000, 0x0000, 0x0000,
    0x0000, 0x0000, 0x0000, 0x0000, 0x0000, 0x0000, 0x0000, 0x0000, 0x0000, 0x0000, 0x0000, 0x0000,
    0x0000, 0x0000, 0x0000, 0x0000, 0x0000, 0x0000, 0x0000, 0x0000, 0x0000, 0x0000, 0x0000, 0x0000,
    0x0000, 0x0000, 0x0000, 0x0000, 0x0000, 0x0000, 0x0000, 0x0000, 0x0000, 0x0000, 0x0000, 0x0000,
    0x0000, 0x0000, 0x0000, 0x0000, 0x0000, 0x0000, 0x0000, 0x0000, 0x0000, 0x0000, 0x0000, 0x0000,
    0x0000, 0x0000, 0x0000, 0x0000, 0x0000, 0x0000, 0x0000, 0x0000, 0x0000, 0x0000, 0x0000, 0x0000,
    0x0000, 0x0000, 0x0000, 0x0000, 0x0000, 0x0000, 0x0000, 0x0000, 0x0000, 0x0000, 0x0000, 0x0000,
    0x0000, 0x0000, 0x0000, 0x0000, 0x0000, 0x0000, 0x0000, 0x0000, 0x0000, 0x0000, 0x0000, 0x0000,
    0x0000, 0x0000, 0x0000, 0x0000, 0x0000, 0x0000, 0x0000, 0x0000, 0x0000, 0x0000, 0x0000, 0x0000,
    0x0000, 0x0000, 0x0000, 0x0000, 0x0000, 0x0000, 0x0000, 0x0000, 0x8308, 0x8308, 0x8308, 0x8308,
    0x59E5, 0x8308, 0x8308, 0x8308, 0x8308, 0x8308, 0x8308, 0x8308, 0x59E5, 0x59E5, 0x8308, 0x8308,
    0x8308, 0x8308, 0x8308, 0x8308, 0x59E5, 0x8308, 0x8308, 0x8308, 0x8308, 0x8308, 0x8308, 0x8308,
    0x59E5, 0x59E5, 0x8308, 0x8308, 0x8308, 0x8308, 0x8308, 0x8308, 0x59E5, 0x8308, 0x8308, 0x8308,
    0x8308, 0x8308, 0x8308, 0x8308, 0x59E5, 0x59E5, 0x8308, 0x8308, 0x8308, 0x8308, 0x8308, 0x8308,
    0x59E5, 0x8308, 0x8308, 0x8308, 0x8308, 0x8308, 0x8308, 0x8308, 0x59E5, 0x8308, 0x8308, 0x8308,
    0x8308, 0x8308, 0x59E5, 0x59E5, 0x8308, 0x59E5, 0x59E5, 0x8308, 0x8308, 0x8308, 0x8308, 0x8308,
    0x59E5, 0x8308, 0x8308, 0x8308, 0x8308, 0x8308, 0x59E5, 0x59E5, 0x8308, 0x59E5, 0x59E5, 0x8308,
    0x8308, 0x8308, 0x8308, 0x8308, 0x59E5, 0x8308, 0x8308, 0x8308, 0x8308, 0x8308, 0x59E5, 0x59E5,
    0x8308, 0x59E5, 0x59E5, 0x8308, 0x8308, 0x8308, 0x8308, 0x8308, 0x59E5, 0x8308, 0x8308, 0x8308,
    0x8308, 0x8308, 0x59E5, 0x59E5, 0x8308, 0x59E5, 0x59E5, 0x8308, 0x0000, 0xC638, 0xC638, 0xC638,
    0xC638, 0xC638, 0xC638, 0xC638, 0xC638, 0xC638, 0xC638, 0xC638, 0xC638, 0xC638, 0xC638, 0xC638,
    0xC638, 0xC638, 0xC638, 0xC638, 0xC638, 0xC638, 0xC638, 0xC638, 0xC638, 0xC638, 0xC638, 0xC638,
    0xC638, 0xC638, 0xC638, 0xC638, 0xC638, 0xC638, 0xC638, 0xC638, 0xC638, 0xC638, 0xC638, 0xC638,
    0xC638, 0xC638, 0xC638, 0xC638, 0xC638, 0xC638, 0xC638, 0xC638, 0xC638, 0xC638, 0xC638, 0xC638,
    0xC638, 0xC638, 0xC638, 0xC638, 0xC638, 0xC638, 0xC638, 0xC638, 0xC638, 0xC638, 0xC638, 0xC638,
    0xC638, 0xC638, 0xC638, 0xC638, 0xC638, 0xC638, 0xC638, 0xC638, 0xC638, 0xC638, 0xC638, 0xC638,
    0xC638, 0xC638, 0xC638, 0xC638, 0xC638, 0xC638, 0xC638, 0xC638, 0xC638, 0xC638, 0xC638, 0xC638,
    0xC638, 0xC638, 0xC638, 0xC638, 0xC638, 0xC638, 0xC638, 0xC638, 0xC638, 0xC638, 0xC638, 0xC638,
    0xC638, 0xC638, 0xC638, 0xC638, 0xC638, 0xC638, 0xC638, 0xC638, 0xC638, 0xC638, 0xC638, 0xC638,
    0xC638, 0xC638, 0xC638, 0xC638, 0xC638, 0xC638, 0xC638, 0xC638, 0xC638, 0xC638, 0xC638, 0xC638,
    0xC638, 0xC638, 0xC638, 0xC638, 0xC638, 0xC638, 0xC638, 0xC638, 0xC638, 0xC638, 0xC638, 0xC638,
    0xC638, 0xC638, 0xC638, 0xC638, 0xC638, 0xC638, 0xC638, 0xC638, 0xC638, 0xC638, 0xC638, 0xC638,
    0xC638, 0xC638, 0xC638, 0xC638, 0xC638, 0xC638, 0xC638, 0xC638, 0xC638, 0xC638, 0xC638, 0xC638,
    0xC638, 0xC638, 0xC638, 0xC638, 0xC638, 0xC638, 0xC638, 0xC638, 0xC638, 0xC638, 0xC638, 0xC638,
    0xC638, 0xC638, 0xC638, 0xC638, 0xC638, 0xC638, 0xC638, 0xC638, 0xC638, 0xC638, 0xC638, 0xC638,
    0xC638, 0xC638, 0xC638, 0xC638, 0xC638, 0xC638, 0xC638, 0xC638, 0xC638, 0xC638, 0xC638, 0xC638,
    0xC638, 0xC638, 0x31A6, 0x0000, 0x8308, 0x8308, 0x59E5, 0x59E5, 0x8308, 0x59E5, 0x59E5, 0x8308,
    0x8308, 0x8308, 0x8308, 0x8308, 0x59E5, 0x8308, 0x8308, 0x8308, 0x8308, 0x8308, 0x59E5, 0x59E5,
    0x8308, 0x59E5, 0x59E5, 0x8308, 0x8308, 0x8308, 0x8308, 0x8308, 0x59E5, 0x8308, 0x8308, 0x8308,
    0x8308, 0x8308, 0x59E5, 0x59E5, 0x8308, 0x59E5, 0x59E5, 0x8308, 0x8308, 0x8308, 0x8308, 0x8308,
    0x59E5, 0x8308, 0x8308, 0x8308, 0x8308, 0x8308, 0x59E5, 0x59E5, 0x8308, 0x59E5, 0x59E5, 0x8308,
    0x8308, 0x8308, 0x8308, 0x8308, 0x8308, 0x8308, 0x59E5, 0x59E5, 0x8308, 0x59E5, 0x8308, 0x8308,
    0x8308, 0x8308, 0x59E5, 0x59E5, 0x8308, 0x59E5, 0x8308, 0x59E5, 0x8308, 0x8308, 0x59E5, 0x59E5,
    0x8308, 0x59E5, 0x8308, 0x8308, 0x8308, 0x8308, 0x59E5, 0x59E5, 0x8308, 0x59E5, 0x8308, 0x59E5,
    0x8308, 0x8308, 0x59E5, 0x59E5, 0x8308, 0x59E5, 0x8308, 0x8308, 0x8308, 0x8308, 0x59E5, 0x59E5,
    0x8308, 0x59E5, 0x8308, 0x59E5, 0x8308, 0x8308, 0x59E5, 0x59E5, 0x8308, 0x59E5, 0x8308, 0x8308,
    0x8308, 0x8308, 0x59E5, 0x59E5, 0x0000, 0xC638, 0x9BE9, 0x9BE9, 0x9BE9, 0x9BE9, 0x9BE9, 0x9BE9,
    0x9BE9, 0x9BE9, 0x9BE9, 0x9BE9, 0x9BE9, 0x9BE9, 0x9BE9, 0x9BE9, 0x9BE9, 0x9BE9, 0x9BE9, 0x9BE9,
    0x9BE9, 0x9BE9, 0x9BE9, 0x9BE9, 0x9BE9, 0x9BE9, 0x9BE9, 0x9BE9, 0x9BE9, 0x9BE9, 0x9BE9, 0x9BE9,
    0x9BE9, 0x9BE9, 0x9BE9, 0x9BE9, 0x9BE9, 0x9BE9, 0x9BE9, 0x9BE9, 0x9BE9, 0x9BE9, 0x9BE9, 0x9BE9,
    0x9BE9, 0x9BE9, 0x9BE9, 0x9BE9, 0x9BE9, 0x9BE9, 0x9BE9, 0x9BE9, 0x9BE9, 0x9BE9, 0x9BE9, 0x9BE9,
    0x9BE9, 0x9BE9, 0x9BE9, 0x9BE9, 0x9BE9, 0x9BE9, 0x9BE9, 0x9BE9, 0x9BE9, 0x9BE9, 0x9BE9, 0x9BE9,
    0x9BE9, 0x9BE9, 0x9BE9, 0x9BE9, 0x9BE9, 0x9BE9, 0x9BE9, 0x9BE9, 0x9BE9, 0x9BE9, 0x9BE9, 0x9BE9,
    0x9BE9, 0x9BE9, 0x9BE9, 0x9BE9, 0x9BE9, 0x9BE9, 0x9BE9, 0x9BE9, 0x9BE9, 0x9BE9, 0x9BE9, 0x9BE9,
    0x9BE9, 0x9BE9, 0x9BE9, 0x9BE9, 0x9BE9, 0x9BE9, 0x9BE9, 0x9BE9, 0x9BE9, 0x9BE9, 0x9BE9, 0x9BE9,
    0x9BE9, 0x9BE9, 0x9BE9, 0x9BE9, 0x9BE9, 0x9BE9, 0x9BE9, 0x9BE9, 0x9BE9, 0x9BE9, 0x9BE9, 0x9BE9,
    0x9BE9, 0x9BE9, 0x9BE9, 0x9BE9, 0x9BE9, 0x9BE9, 0x9BE9, 0x9BE9, 0x9BE9, 0x9BE9, 0x9BE9, 0x9BE9,
    0x9BE9, 0x9BE9, 0x9BE9, 0x9BE9, 0x9BE9, 0x9BE9, 0x9BE9, 0x9BE9, 0x9BE9, 0x9BE9, 0x9BE9, 0x9BE9,
    0x9BE9, 0x9BE9, 0x9BE9, 0x9BE9, 0x9BE9, 0x9BE9, 0x9BE9, 0x9BE9, 0x9BE9, 0x9BE9, 0x9BE9, 0x9BE9,
    0x9BE9, 0x9BE9, 0x9BE9, 0x9BE9, 0x9BE9, 0x9BE9, 0x9BE9, 0x9BE9, 0x9BE9, 0x9BE9, 0x9BE9, 0x9BE9,
    0x9BE9, 0x9BE9, 0x9BE9, 0x9BE9, 0x9BE9, 0x9BE9, 0x9BE9, 0x9BE9, 0x9BE9, 0x9BE9, 0x9BE9, 0x9BE9,
    0x9BE9, 0x9BE9, 0x9BE9, 0x9BE9, 0x9BE9, 0x9BE9, 0x9BE9, 0x9BE9, 0x9BE9, 0x9BE9, 0x9BE9, 0x9BE9,
    0x9BE9, 0x9BE9, 0x9BE9, 0x9BE9, 0x9BE9, 0x9BE9, 0x9BE9, 0x9BE9, 0x9BE9, 0x9BE9, 0x31A6, 0x0000,
    0x8308, 0x59E5, 0x8308, 0x8308, 0x8308, 0x8308, 0x59E5, 0x59E5, 0x8308, 0x59E5, 0x8308, 0x59E5,
    0x8308, 0x8308, 0x59E5, 0x59E5, 0x8308, 0x59E5, 0x8308, 0x8308, 0x8308, 0x8308, 0x59E5, 0x59E5,
    0x8308, 0x59E5, 0x8308, 0x59E5, 0x8308, 0x8308, 0x59E5, 0x59E5, 0x8308, 0x59E5, 0x8308, 0x8308,
    0x8308, 0x8308, 0x59E5, 0x59E5, 0x8308, 0x59E5, 0x8308, 0x59E5, 0x8308, 0x8308, 0x59E5, 0x59E5,
    0x8308, 0x59E5, 0x8308, 0x8308, 0x8308, 0x8308, 0x59E5, 0x59E5, 0x8308, 0x59E5, 0x8308, 0x59E5,
    0x8308, 0x8308, 0x8308, 0x8308, 0x8308, 0x8308, 0x59E5, 0x8308, 0x8308, 0x8308, 0x59E5, 0x8308,
    0x59E5, 0x8308, 0x8308, 0x59E5, 0x8308, 0x8308, 0x8308, 0x8308, 0x8308, 0x8308, 0x59E5, 0x8308,
    0x8308, 0x8308, 0x59E5, 0x8308, 0x59E5, 0x8308, 0x8308, 0x59E5, 0x8308, 0x8308, 0x8308, 0x8308,
    0x8308, 0x8308, 0x59E5, 0x8308, 0x8308, 0x8308, 0x59E5, 0x8308, 0x59E5, 0x8308, 0x8308, 0x59E5,
    0x8308, 0x8308, 0x8308, 0x8308, 0x8308, 0x8308, 0x59E5, 0x8308, 0x8308, 0x8308, 0x59E5, 0x8308,
    0x0000, 0xC638, 0x9BE9, 0x9BE9, 0x9BE9, 0x9BE9, 0x9BE9, 0x9BE9, 0x9BE9, 0x9BE9, 0x9BE9, 0x9BE9,
    0x9BE9, 0x9BE9, 0x9BE9, 0x9BE9, 0x9BE9, 0x9BE9, 0x9BE9, 0x9BE9, 0x9BE9, 0x9BE9, 0x9BE9, 0x9BE9,
    0x9BE9, 0x9BE9, 0x9BE9, 0x9BE9, 0x9BE9, 0x9BE9, 0x9BE9, 0x9BE9, 0x9BE9, 0x9BE9, 0x9BE9, 0x9BE9,
    0x9BE9, 0x9BE9, 0x9BE9, 0x9BE9, 0x9BE9, 0x9BE9, 0x9BE9, 0x9BE9, 0x9BE9, 0x9BE9, 0x9BE9, 0x9BE9,
    0x9BE9, 0x9BE9, 0x9BE9, 0x9BE9, 0x9BE9, 0x9BE9, 0x9BE9, 0x9BE9, 0x9BE9, 0x9BE9, 0x9BE9, 0x9BE9,
    0x9BE9, 0x9BE9, 0x9BE9, 0x9BE9, 0x9BE9, 0x9BE9, 0x9BE9, 0x9BE9, 0x9BE9, 0x9BE9, 0x9BE9, 0x9BE9,
    0x9BE9, 0x9BE9, 0x9BE9, 0x9BE9, 0x9BE9, 0x9BE9, 0x9BE9, 0x9BE9, 0x9BE9, 0x9BE9, 0x9BE9, 0x9BE9,
    0x9BE9, 0x9BE9, 0x9BE9, 0x9BE9, 0x9BE9, 0x9BE9, 0x9BE9, 0x9BE9, 0x9BE9, 0x9BE9, 0x9BE9, 0x9BE9,
    0x9BE9, 0x9BE9, 0x9BE9, 0x9BE9, 0x9BE9, 0x9BE9, 0x9BE9, 0x9BE9, 0x9BE9, 0x9BE9, 0x9BE9, 0x9BE9,
    0x9BE9, 0x9BE9, 0x9BE9, 0x9BE9, 0x9BE9, 0x9BE9, 0x9BE9, 0x9BE9, 0x9BE9, 0x9BE9, 0x9BE9, 0x9BE9,
    0x9BE9, 0x9BE9, 0x9BE9, 0x9BE9, 0x9BE9, 0x9BE9, 0x9BE9, 0x9BE9, 0x9BE9, 0x9BE9, 0x9BE9, 0x9BE9,
    0x9BE9, 0x9BE9, 0x9BE9, 0x9BE9, 0x9BE9, 0x9BE9, 0x9BE9, 0x9BE9, 0x9BE9, 0x9BE9, 0x9BE9, 0x9BE9,
    0x9BE9, 0x9BE9, 0x9BE9, 0x9BE9, 0x9BE9, 0x9BE9, 0x9BE9, 0x9BE9, 0x9BE9, 0x9BE9, 0x9BE9, 0x9BE9,
    0x9BE9, 0x9BE9, 0x9BE9, 0x9BE9, 0x9BE9, 0x9BE9, 0x9BE9, 0x9BE9, 0x9BE9, 0x9BE9, 0x9BE9, 0x9BE9,
    0x9BE9, 0x9BE9, 0x9BE9, 0x9BE9, 0x9BE9, 0x9BE9, 0x9BE9, 0x9BE9, 0x9BE9, 0x9BE9, 0x9BE9, 0x9BE9,
    0x9BE9, 0x9BE9, 0x9BE9, 0x9BE9, 0x9BE9, 0x9BE9, 0x9BE9, 0x9BE9, 0x9BE9, 0x9BE9, 0x9BE9, 0x9BE9,
    0x9BE9, 0x9BE9, 0x9BE9, 0x9BE9, 0x9BE9, 0x9BE9, 0x31A6, 0x0000, 0x8308, 0x8308, 0x59E5, 0x8308,
    0x8308, 0x8308, 0x59E5, 0x8308, 0x59E5, 0x8308, 0x8308, 0x59E5, 0x8308, 0x8308, 0x8308, 0x8308,
    0x8308, 0x8308, 0x59E5, 0x8308, 0x8308, 0x8308, 0x59E5, 0x8308, 0x59E5, 0x8308, 0x8308, 0x59E5,
    0x8308, 0x8308, 0x8308, 0x8308, 0x8308, 0x8308, 0x59E5, 0x8308, 0x8308, 0x8308, 0x59E5, 0x8308,
    0x59E5, 0x8308, 0x8308, 0x59E5, 0x8308, 0x8308, 0x8308, 0x8308, 0x8308, 0x8308, 0x59E5, 0x8308,
    0x8308, 0x8308, 0x59E5, 0x8308, 0x59E5, 0x8308, 0x8308, 0x59E5, 0x8308, 0x8308, 0x8308, 0x8308,
    0x59E5, 0x59E5, 0x8308, 0x59E5, 0x59E5, 0x59E5, 0x59E5, 0x8308, 0x8308, 0x8308, 0x8308, 0x8308,
    0x8308, 0x8308, 0x8308, 0x8308, 0x59E5, 0x59E5, 0x8308, 0x59E5, 0x59E5, 0x59E5, 0x59E5, 0x8308,
    0x8308, 0x8308, 0x8308, 0x8308, 0x8308, 0x8308, 0x8308, 0x8308, 0x59E5, 0x59E5, 0x8308, 0x59E5,
    0x59E5, 0x59E5, 0x59E5, 0x8308, 0x8308, 0x8308, 0x8308, 0x8308, 0x8308, 0x8308, 0x8308, 0x8308,
    0x59E5, 0x59E5, 0x8308, 0x59E5, 0x59E5, 0x59E5, 0x59E5, 0x8308, 0x0000, 0xC638, 0x9BE9, 0x9BE9,
    0x9BE9, 0x9BE9, 0x9BE9, 0x9BE9, 0x9BE9, 0x9BE9, 0x9BE9, 0x9BE9, 0x9BE9, 0x9BE9, 0x9BE9, 0x9BE9,
    0x9BE9, 0x9BE9, 0x9BE9, 0x9BE9, 0x9BE9, 0x9BE9, 0x9BE9, 0x9BE9, 0x9BE9, 0x9BE9, 0x9BE9, 0x9BE9,
    0x9BE9, 0x9BE9, 0x9BE9, 0x9BE9, 0x9BE9, 0x9BE9, 0x9BE9, 0x9BE9, 0x9BE9, 0x9BE9, 0x9BE9, 0x9BE9,
    0x9BE9, 0x9BE9, 0x9BE9, 0x9BE9, 0x9BE9, 0x9BE9, 0x9BE9, 0x9BE9, 0x9BE9, 0x9BE9, 0x9BE9, 0x9BE9,
    0x9BE9, 0x9BE9, 0x9BE9, 0x9BE9, 0x9BE9, 0x9BE9, 0x9BE9, 0x9BE9, 0x9BE9, 0x9BE9, 0x9BE9, 0x9BE9,
    0x9BE9, 0x9BE9, 0x9BE9, 0x9BE9, 0x9BE9, 0x9BE9, 0x9BE9, 0x9BE9, 0x9BE9, 0x9BE9, 0x9BE9, 0x9BE9,
    0x9BE9, 0x9BE9, 0x9BE9, 0x9BE9, 0x9BE9, 0x9BE9, 0x9BE9, 0x9BE9, 0x9BE9, 0x9BE9, 0x9BE9, 0x9BE9,
    0x9BE9, 0x9BE9, 0x9BE9, 0x9BE9, 0x9BE9, 0x9BE9, 0x9BE9, 0x9BE9, 0x9BE9, 0x9BE9, 0x9BE9, 0x9BE9,
    0x9BE9, 0x9BE9, 0x9BE9, 0x9BE9, 0x9BE9, 0x9BE9, 0x9BE9, 0x9BE9, 0x9BE9, 0x9BE9, 0x9BE9, 0x9BE9,
    0x9BE9, 0x9BE9, 0x9BE9, 0x9BE9, 0x9BE9, 0x9BE9, 0x9BE9, 0x9BE9, 0x9BE9, 0x9BE9, 0x9BE9, 0x9BE9,
    0x9BE9, 0x9BE9, 0x9BE9, 0x9BE9, 0x9BE9, 0x9BE9, 0x9BE9, 0x9BE9, 0x9BE9, 0x9BE9, 0x9BE9, 0x9BE9,
    0x9BE9, 0x9BE9, 0x9BE9, 0x9BE9, 0x9BE9, 0x9BE9, 0x9BE9, 0x9BE9, 0x9BE9, 0x9BE9, 0x9BE9, 0x9BE9,
    0x9BE9, 0x9BE9, 0x9BE9, 0x9BE9, 0x9BE9, 0x9BE9, 0x9BE9, 0x9BE9, 0x9BE9, 0x9BE9, 0x9BE9, 0x9BE9,
    0x9BE9, 0x9BE9, 0x9BE9, 0x9BE9, 0x9BE9, 0x9BE9, 0x9BE9, 0x9BE9, 0x9BE9, 0x9BE9, 0x9BE9, 0x9BE9,
    0x9BE9, 0x9BE9, 0x9BE9, 0x9BE9, 0x9BE9, 0x9BE9, 0x9BE9, 0x9BE9, 0x9BE9, 0x9BE9, 0x9BE9, 0x9BE9,
    0x9BE9, 0x9BE9, 0x9BE9, 0x9BE9, 0x9BE9, 0x9BE9, 0x9BE9, 0x9BE9, 0x9BE9, 0x9BE9, 0x9BE9, 0x9BE9,
    0x9BE9, 0x9BE9, 0x31A6, 0x0000, 0x59E5, 0x59E5, 0x8308, 0x59E5, 0x59E5, 0x59E5, 0x59E5, 0x8308,
    0x8308, 0x8308, 0x8308, 0x8308, 0x8308, 0x8308, 0x8308, 0x8308, 0x59E5, 0x59E5, 0x8308, 0x59E5,
    0x59E5, 0x59E5, 0x59E5, 0x8308, 0x8308, 0x8308, 0x8308, 0x8308, 0x8308, 0x8308, 0x8308, 0x8308,
    0x59E5, 0x59E5, 0x8308, 0x59E5, 0x59E5, 0x59E5, 0x59E5, 0x8308, 0x8308, 0x8308, 0x8308, 0x8308,
    0x8308, 0x8308, 0x8308, 0x8308, 0x59E5, 0x59E5, 0x8308, 0x59E5, 0x59E5, 0x59E5, 0x59E5, 0x8308,
    0x8308, 0x8308, 0x8308, 0x8308, 0x8308, 0x8308, 0x8308, 0x59E5, 0x8308, 0x8308, 0x8308, 0x8308,
    0x8308, 0x59E5, 0x59E5, 0x59E5, 0x8308, 0x8308, 0x8308, 0x8308, 0x8308, 0x8308, 0x8308, 0x59E5,
    0x8308, 0x8308, 0x8308, 0x8308, 0x8308, 0x59E5, 0x59E5, 0x59E5, 0x8308, 0x8308, 0x8308, 0x8308,
    0x8308, 0x8308, 0x8308, 0x59E5, 0x8308, 0x8308, 0x8308, 0x8308, 0x8308, 0x59E5, 0x59E5, 0x59E5,
    0x8308, 0x8308, 0x8308, 0x8308, 0x8308, 0x8308, 0x8308, 0x59E5, 0x8308, 0x8308, 0x8308, 0x8308,
    0x8308, 0x59E5, 0x59E5, 0x59E5, 0x0000, 0xC638, 0x9BE9, 0x9BE9, 0x9BE9, 0x9BE9, 0x9BE9, 0x9BE9,
    0x9BE9, 0x9BE9, 0x9BE9, 0x9BE9, 0x9BE9, 0x9BE9, 0x9BE9, 0x9BE9, 0x9BE9, 0x9BE9, 0x9BE9, 0x9BE9,
    0x9BE9, 0x9BE9, 0x9BE9, 0x9BE9, 0x9BE9, 0x9BE9, 0x9BE9, 0x9BE9, 0x9BE9, 0x9BE9, 0x9BE9, 0x9BE9,
    0x9BE9, 0x9BE9, 0x9BE9, 0x9BE9, 0x9BE9, 0x9BE9, 0x9BE9, 0x9BE9, 0x9BE9, 0x9BE9, 0x9BE9, 0x9BE9,
    0x9BE9, 0x9BE9, 0x9BE9, 0x9BE9, 0x9BE9, 0x9BE9, 0x9BE9, 0x9BE9, 0x9BE9, 0x9BE9, 0x9BE9, 0x9BE9,
    0x9BE9, 0x9BE9, 0x9BE9, 0x9BE9, 0x9BE9, 0x9BE9, 0x9BE9, 0x9BE9, 0x9BE9, 0x9BE9, 0x9BE9, 0x9BE9,
    0x9BE9, 0x9BE9, 0x9BE9, 0x9BE9, 0x9BE9, 0x9BE9, 0x9BE9, 0x9BE9, 0x9BE9, 0x9BE9, 0x9BE9, 0x9BE9,
    0x9BE9, 0x9BE9, 0x9BE9, 0x9BE9, 0x9BE9, 0x9BE9, 0x9BE9, 0x9BE9, 0x9BE9, 0x9BE9, 0x9BE9, 0x9BE9,
    0x9BE9, 0x9BE9, 0x9BE9, 0x9BE9, 0x9BE9, 0x9BE9, 0x9BE9, 0x9BE9, 0x9BE9, 0x9BE9, 0x9BE9, 0x9BE9,
    0x9BE9, 0x9BE9, 0x9BE9, 0x9BE9, 0x9BE9, 0x9BE9, 0x9BE9, 0x9BE9, 0x9BE9, 0x9BE9, 0x9BE9, 0x9BE9,
    0x9BE9, 0x9BE9, 0x9BE9, 0x9BE9, 0x9BE9, 0x9BE9, 0x9BE9, 0x9BE9, 0x9BE9, 0x9BE9, 0x9BE9, 0x9BE9,
    0x9BE9, 0x9BE9, 0x9BE9, 0x9BE9, 0x9BE9, 0x9BE9, 0x9BE9, 0x9BE9, 0x9BE9, 0x9BE9, 0x9BE9, 0x9BE9,
    0x9BE9, 0x9BE9, 0x9BE9, 0x9BE9, 0x9BE9, 0x9BE9, 0x9BE9, 0x9BE9, 0x9BE9, 0x9BE9, 0x9BE9, 0x9BE9,
    0x9BE9, 0x9BE9, 0x9BE9, 0x9BE9, 0x9BE9, 0x9BE9, 0x9BE9, 0x9BE9, 0x9BE9, 0x9BE9, 0x9BE9, 0x9BE9,
    0x9BE9, 0x9BE9, 0x9BE9, 0x9BE9, 0x9BE9, 0x9BE9, 0x9BE9, 0x9BE9, 0x9BE9, 0x9BE9, 0x9BE9, 0x9BE9,
    0x9BE9, 0x9BE9, 0x9BE9, 0x9BE9, 0x9BE9, 0x9BE9, 0x9BE9, 0x9BE9, 0x9BE9, 0x9BE9, 0x9BE9, 0x9BE9,
    0x9BE9, 0x9BE9, 0x9BE9, 0x9BE9, 0x9BE9, 0x9BE9, 0x9BE9, 0x9BE9, 0x9BE9, 0x9BE9, 0x31A6, 0x0000,
    0x8308, 0x8308, 0x8308, 0x8308, 0x8308, 0x59E5, 0x59E5, 0x59E5, 0x8308, 0x8308, 0x8308, 0x8308,
    0x8308, 0x8308, 0x8308, 0x59E5, 0x8308, 0x8308, 0x8308, 0x8308, 0x8308, 0x59E5, 0x59E5, 0x59E5,
    0x8308, 0x8308, 0x8308, 0x8308, 0x8308, 0x8308, 0x8308, 0x59E5, 0x8308, 0x8308, 0x8308, 0x8308,
    0x8308, 0x59E5, 0x59E5, 0x59E5, 0x8308, 0x8308, 0x8308, 0x8308, 0x8308, 0x8308, 0x8308, 0x59E5,
    0x8308, 0x8308, 0x8308, 0x8308, 0x8308, 0x59E5, 0x59E5, 0x59E5, 0x8308, 0x8308, 0x8308, 0x8308,
    0x8308, 0x8308, 0x59E5, 0x59E5, 0x8308, 0x8308, 0x8308, 0x8308, 0x59E5, 0x8308, 0x8308, 0x59E5,
    0x59E5, 0x8308, 0x8308, 0x8308, 0x8308, 0x8308, 0x59E5, 0x59E5, 0x8308, 0x8308, 0x8308, 0x8308,
    0x59E5, 0x8308, 0x8308, 0x59E5, 0x59E5, 0x8308, 0x8308, 0x8308, 0x8308, 0x8308, 0x59E5, 0x59E5,
    0x8308, 0x8308, 0x8308, 0x8308, 0x59E5, 0x8308, 0x8308, 0x59E5, 0x59E5, 0x8308, 0x8308, 0x8308,
    0x8308, 0x8308, 0x59E5, 0x59E5, 0x8308, 0x8308, 0x8308, 0x8308, 0x59E5, 0x8308, 0x8308, 0x59E5,
    0x0000, 0xC638, 0x9BE9, 0x9BE9, 0x9BE9, 0x9BE9, 0x9BE9, 0x9BE9, 0x9BE9, 0x9BE9, 0x9BE9, 0x9BE9,
    0x9BE9, 0x9BE9, 0x9BE9, 0x9BE9, 0x9BE9, 0x9BE9, 0x9BE9, 0x9BE9, 0x9BE9, 0x9BE9, 0x9BE9, 0x9BE9,
    0x9BE9, 0x9BE9, 0x9BE9, 0x9BE9, 0x9BE9, 0x9BE9, 0x9BE9, 0x9BE9, 0x9BE9, 0x9BE9, 0x9BE9, 0x9BE9,
    0x9BE9, 0x9BE9, 0x9BE9, 0x9BE9, 0x9BE9, 0x9BE9, 0x9BE9, 0x9BE9, 0x9BE9, 0x9BE9, 0x9BE9, 0x9BE9,
    0x9BE9, 0x9BE9, 0x9BE9, 0x9BE9, 0x9BE9, 0x9BE9, 0x9BE9, 0x9BE9, 0x9BE9, 0x9BE9, 0x9BE9, 0x9BE9,
    0x9BE9, 0x9BE9, 0x9BE9, 0x9BE9, 0x9BE9, 0x9BE9, 0x9BE9, 0x9BE9, 0x9BE9, 0x9BE9, 0x9BE9, 0x9BE9,
    0x9BE9, 0x9BE9, 0x9BE9, 0x9BE9, 0x9BE9, 0x9BE9, 0x9BE9, 0x9BE9, 0x9BE9, 0x9BE9, 0x9BE9, 0x9BE9,
    0x9BE9, 0x9BE9, 0x9BE9, 0x9BE9, 0x9BE9, 0x9BE9, 0x9BE9, 0x9BE9, 0x9BE9, 0x9BE9, 0x9BE9, 0x9BE9,
    0x9BE9, 0x9BE9, 0x9BE9, 0x9BE9, 0x9BE9, 0x9BE9, 0x9BE9, 0x9BE9, 0x9BE9, 0x9BE9, 0x9BE9, 0x9BE9,
    0x9BE9, 0x9BE9, 0x9BE9, 0x9BE9, 0x9BE9, 0x9BE9, 0x9BE9, 0x9BE9, 0x9BE9, 0x9BE9, 0x9BE9, 0x9BE9,
    0x9BE9, 0x9BE9, 0x9BE9, 0x9BE9, 0x9BE9, 0x9BE9, 0x9BE9, 0x9BE9, 0x9BE9, 0x9BE9, 0x9BE9, 0x9BE9,
    0x9BE9, 0x9BE9, 0x9BE9, 0x9BE9, 0x9BE9, 0x9BE9, 0x9BE9, 0x9BE9, 0x9BE9, 0x9BE9, 0x9BE9, 0x9BE9,
    0x9BE9, 0x9BE9, 0x9BE9, 0x9BE9, 0x9BE9, 0x9BE9, 0x9BE9, 0x9BE9, 0x9BE9, 0x9BE9, 0x9BE9, 0x9BE9,
    0x9BE9, 0x9BE9, 0x9BE9, 0x9BE9, 0x9BE9, 0x9BE9, 0x9BE9, 0x9BE9, 0x9BE9, 0x9BE9, 0x9BE9, 0x9BE9,
    0x9BE9, 0x9BE9, 0x9BE9, 0x9BE9, 0x9BE9, 0x9BE9, 0x9BE9, 0x9BE9, 0x9BE9, 0x9BE9, 0x9BE9, 0x9BE9,
    0x9BE9, 0x9BE9, 0x9BE9, 0x9BE9, 0x9BE9, 0x9BE9, 0x9BE9, 0x9BE9, 0x9BE9, 0x9BE9, 0x9BE9, 0x9BE9,
    0x9BE9, 0x9BE9, 0x9BE9, 0x9BE9, 0x9BE9, 0x9BE9, 0x31A6, 0x0000, 0x8308, 0x8308, 0x8308, 0x8308,
    0x59E5, 0x8308, 0x8308, 0x59E5, 0x59E5, 0x8308, 0x8308, 0x8308, 0x8308, 0x8308, 0x59E5, 0x59E5,
    0x8308, 0x8308, 0x8308, 0x8308, 0x59E5, 0x8308, 0x8308, 0x59E5, 0x59E5, 0x8308, 0x8308, 0x8308,
    0x8308, 0x8308, 0x59E5, 0x59E5, 0x8308, 0x8308, 0x8308, 0x8308, 0x59E5, 0x8308, 0x8308, 0x59E5,
    0x59E5, 0x8308, 0x8308, 0x8308, 0x8308, 0x8308, 0x59E5, 0x59E5, 0x8308, 0x8308, 0x8308, 0x8308,
    0x59E5, 0x8308, 0x8308, 0x59E5, 0x59E5, 0x8308, 0x8308, 0x8308, 0x59E5, 0x59E5, 0x59E5, 0x59E5,
    0x8308, 0x59E5, 0x8308, 0x8308, 0x59E5, 0x8308, 0x59E5, 0x8308, 0x59E5, 0x8308, 0x59E5, 0x59E5,
    0x59E5, 0x59E5, 0x59E5, 0x59E5, 0x8308, 0x59E5, 0x8308, 0x8308, 0x59E5, 0x8308, 0x59E5, 0x8308,
    0x59E5, 0x8308, 0x59E5, 0x59E5, 0x59E5, 0x59E5, 0x59E5, 0x59E5, 0x8308, 0x59E5, 0x8308, 0x8308,
    0x59E5, 0x8308, 0x59E5, 0x8308, 0x59E5, 0x8308, 0x59E5, 0x59E5, 0x59E5, 0x59E5, 0x59E5, 0x59E5,
    0x8308, 0x59E5, 0x8308, 0x8308, 0x59E5, 0x8308, 0x59E5, 0x8308, 0x0000, 0xC638, 0x9BE9, 0x9BE9,
    0x9BE9, 0x9BE9, 0x9BE9, 0x9BE9, 0x9BE9, 0x9BE9, 0x9BE9, 0x9BE9, 0x9BE9, 0x9BE9, 0x9BE9, 0x9BE9,
    0x9BE9, 0x9BE9, 0x9BE9, 0x9BE9, 0x9BE9, 0x9BE9, 0x9BE9, 0x9BE9, 0x9BE9, 0x9BE9, 0x9BE9, 0x9BE9,
    0x9BE9, 0x9BE9, 0x9BE9, 0x9BE9, 0x9BE9, 0x9BE9, 0x9BE9, 0x9BE9, 0x9BE9, 0x9BE9, 0x9BE9, 0x9BE9,
    0x9BE9, 0x9BE9, 0x9BE9, 0x9BE9, 0x9BE9, 0x9BE9, 0x9BE9, 0x9BE9, 0x9BE9, 0x9BE9, 0x9BE9, 0x9BE9,
    0x9BE9, 0x9BE9, 0x9BE9, 0x9BE9, 0x9BE9, 0x9BE9, 0x9BE9, 0x9BE9, 0x9BE9, 0x9BE9, 0x9BE9, 0x9BE9,
    0x9BE9, 0x9BE9, 0x9BE9, 0x9BE9, 0x9BE9, 0x9BE9, 0x9BE9, 0x9BE9, 0x9BE9, 0x9BE9, 0x9BE9, 0x9BE9,
    0x9BE9, 0x9BE9, 0x9BE9, 0x9BE9, 0x9BE9, 0x9BE9, 0x9BE9, 0x9BE9, 0x9BE9, 0x9BE9, 0x9BE9, 0x9BE9,
    0x9BE9, 0x9BE9, 0x9BE9, 0x9BE9, 0x9BE9, 0x9BE9, 0x9BE9, 0x9BE9, 0x9BE9, 0x9BE9, 0x9BE9, 0x9BE9,
    0x9BE9, 0x9BE9, 0x9BE9, 0x9BE9, 0x9BE9, 0x9BE9, 0x9BE9, 0x9BE9, 0x9BE9, 0x9BE9, 0x9BE9, 0x9BE9,
    0x9BE9, 0x9BE9, 0x9BE9, 0x9BE9, 0x9BE9, 0x9BE9, 0x9BE9, 0x9BE9, 0x9BE9, 0x9BE9, 0x9BE9, 0x9BE9,
    0x9BE9, 0x9BE9, 0x9BE9, 0x9BE9, 0x9BE9, 0x9BE9, 0x9BE9, 0x9BE9, 0x9BE9, 0x9BE9, 0x9BE9, 0x9BE9,
    0x9BE9, 0x9BE9, 0x9BE9, 0x9BE9, 0x9BE9, 0x9BE9, 0x9BE9, 0x9BE9, 0x9BE9, 0x9BE9, 0x9BE9, 0x9BE9,
    0x9BE9, 0x9BE9, 0x9BE9, 0x9BE9, 0x9BE9, 0x9BE9, 0x9BE9, 0x9BE9, 0x9BE9, 0x9BE9, 0x9BE9, 0x9BE9,
    0x9BE9, 0x9BE9, 0x9BE9, 0x9BE9, 0x9BE9, 0x9BE9, 0x9BE9, 0x9BE9, 0x9BE9, 0x9BE9, 0x9BE9, 0x9BE9,
    0x9BE9, 0x9BE9, 0x9BE9, 0x9BE9, 0x9BE9, 0x9BE9, 0x9BE9, 0x9BE9, 0x9BE9, 0x9BE9, 0x9BE9, 0x9BE9,
    0x9BE9, 0x9BE9, 0x9BE9, 0x9BE9, 0x9BE9, 0x9BE9, 0x9BE9, 0x9BE9, 0x9BE9, 0x9BE9, 0x9BE9, 0x9BE9,
    0x9BE9, 0x9BE9, 0x31A6, 0x0000, 0x8308, 0x59E5, 0x8308, 0x8308, 0x59E5, 0x8308, 0x59E5, 0x8308,
    0x59E5, 0x8308, 0x59E5, 0x59E5, 0x59E5, 0x59E5, 0x59E5, 0x59E5, 0x8308, 0x59E5, 0x8308, 0x8308,
    0x59E5, 0x8308, 0x59E5, 0x8308, 0x59E5, 0x8308, 0x59E5, 0x59E5, 0x59E5, 0x59E5, 0x59E5, 0x59E5,
    0x8308, 0x59E5, 0x8308, 0x8308, 0x59E5, 0x8308, 0x59E5, 0x8308, 0x59E5, 0x8308, 0x59E5, 0x59E5,
    0x59E5, 0x59E5, 0x59E5, 0x59E5, 0x8308, 0x59E5, 0x8308, 0x8308, 0x59E5, 0x8308, 0x59E5, 0x8308,
    0x59E5, 0x8308, 0x59E5, 0x59E5, 0x8308, 0x8308, 0x8308, 0x8308, 0x59E5, 0x8308, 0x8308, 0x8308,
    0x59E5, 0x8308, 0x59E5, 0x59E5, 0x8308, 0x8308, 0x59E5, 0x59E5, 0x8308, 0x8308, 0x8308, 0x8308,
    0x59E5, 0x8308, 0x8308, 0x8308, 0x59E5, 0x8308, 0x59E5, 0x59E5, 0x8308, 0x8308, 0x59E5, 0x59E5,
    0x8308, 0x8308, 0x8308, 0x8308, 0x59E5, 0x8308, 0x8308, 0x8308, 0x59E5, 0x8308, 0x59E5, 0x59E5,
    0x8308, 0x8308, 0x59E5, 0x59E5, 0x8308, 0x8308, 0x8308, 0x8308, 0x59E5, 0x8308, 0x8308, 0x8308,
    0x59E5, 0x8308, 0x59E5, 0x59E5, 0x0000, 0xC638, 0x9BE9, 0x9BE9, 0x9BE9, 0x9BE9, 0x9BE9, 0x9BE9,
    0x9BE9, 0x9BE9, 0x9BE9, 0x9BE9, 0x9BE9, 0x9BE9, 0x9BE9, 0x9BE9, 0x9BE9, 0x9BE9, 0x9BE9, 0x9BE9,
    0x9BE9, 0x9BE9, 0x9BE9, 0x9BE9, 0x9BE9, 0x9BE9, 0x9BE9, 0x9BE9, 0x9BE9, 0x9BE9, 0x9BE9, 0x9BE9,
    0x9BE9, 0x9BE9, 0x9BE9, 0x9BE9, 0x9BE9, 0x9BE9, 0x9BE9, 0x9BE9, 0x9BE9, 0x9BE9, 0x9BE9, 0x9BE9,
    0x9BE9, 0x9BE9, 0x9BE9, 0x9BE9, 0x9BE9, 0x9BE9, 0x9BE9, 0x9BE9, 0x9BE9, 0x9BE9, 0x9BE9, 0x9BE9,
    0x9BE9, 0x9BE9, 0x9BE9, 0x9BE9, 0x9BE9, 0x9BE9, 0x9BE9, 0x9BE9, 0x9BE9, 0x9BE9, 0x9BE9, 0x9BE9,
    0x9BE9, 0x9BE9, 0x9BE9, 0x9BE9, 0x9BE9, 0x9BE9, 0x9BE9, 0x9BE9, 0x9BE9, 0x9BE9, 0x9BE9, 0x9BE9,
    0x9BE9, 0x9BE9, 0x9BE9, 0x9BE9, 0x9BE9, 0x9BE9, 0x9BE9, 0x9BE9, 0x9BE9, 0x9BE9, 0x9BE9, 0x9BE9,
    0x9BE9, 0x9BE9, 0x9BE9, 0x9BE9, 0x9BE9, 0x9BE9, 0x9BE9, 0x9BE9, 0x9BE9, 0x9BE9, 0x9BE9, 0x9BE9,
    0x9BE9, 0x9BE9, 0x9BE9, 0x9BE9, 0x9BE9, 0x9BE9, 0x9BE9, 0x9BE9, 0x9BE9, 0x9BE9, 0x9BE9, 0x9BE9,
    0x9BE9, 0x9BE9, 0x9BE9, 0x9BE9, 0x9BE9, 0x9BE9, 0x9BE9, 0x9BE9, 0x9BE9, 0x9BE9, 0x9BE9, 0x9BE9,
    0x9BE9, 0x9BE9, 0x9BE9, 0x9BE9, 0x9BE9, 0x9BE9, 0x9BE9, 0x9BE9, 0x9BE9, 0x9BE9, 0x9BE9, 0x9BE9,
    0x9BE9, 0x9BE9, 0x9BE9, 0x9BE9, 0x9BE9, 0x9BE9, 0x9BE9, 0x9BE9, 0x9BE9, 0x9BE9, 0x9BE9, 0x9BE9,
    0x9BE9, 0x9BE9, 0x9BE9, 0x9BE9, 0x9BE9, 0x9BE9, 0x9BE9, 0x9BE9, 0x9BE9, 0x9BE9, 0x9BE9, 0x9BE9,
    0x9BE9, 0x9BE9, 0x9BE9, 0x9BE9, 0x9BE9, 0x9BE9, 0x9BE9, 0x9BE9, 0x9BE9, 0x9BE9, 0x9BE9, 0x9BE9,
    0x9BE9, 0x9BE9, 0x9BE9, 0x9BE9, 0x9BE9, 0x9BE9, 0x9BE9, 0x9BE9, 0x9BE9, 0x9BE9, 0x9BE9, 0x9BE9,
    0x9BE9, 0x9BE9, 0x9BE9, 0x9BE9, 0x9BE9, 0x9BE9, 0x9BE9, 0x9BE9, 0x9BE9, 0x9BE9, 0x31A6, 0x0000,
    0x59E5, 0x8308, 0x8308, 0x8308, 0x59E5, 0x8308, 0x59E5, 0x59E5, 0x8308, 0x8308, 0x59E5, 0x59E5,
    0x8308, 0x8308, 0x8308, 0x8308, 0x59E5, 0x8308, 0x8308, 0x8308, 0x59E5, 0x8308, 0x59E5, 0x59E5,
    0x8308, 0x8308, 0x59E5, 0x59E5, 0x8308, 0x8308, 0x8308, 0x8308, 0x59E5, 0x8308, 0x8308, 0x8308,
    0x59E5, 0x8308, 0x59E5, 0x59E5, 0x8308, 0x8308, 0x59E5, 0x59E5, 0x8308, 0x8308, 0x8308, 0x8308,
    0x59E5, 0x8308, 0x8308, 0x8308, 0x59E5, 0x8308, 0x59E5, 0x59E5, 0x8308, 0x8308, 0x59E5, 0x59E5,
    0x59E5, 0x8308, 0x59E5, 0x8308, 0x8308, 0x8308, 0x8308, 0x8308, 0x8308, 0x8308, 0x59E5, 0x59E5,
    0x8308, 0x8308, 0x59E5, 0x59E5, 0x59E5, 0x8308, 0x59E5, 0x8308, 0x8308, 0x8308, 0x8308, 0x8308,
    0x8308, 0x8308, 0x59E5, 0x59E5, 0x8308, 0x8308, 0x59E5, 0x59E5, 0x59E5, 0x8308, 0x59E5, 0x8308,
    0x8308, 0x8308, 0x8308, 0x8308, 0x8308, 0x8308, 0x59E5, 0x59E5, 0x8308, 0x8308, 0x59E5, 0x59E5,
    0x59E5, 0x8308, 0x59E5, 0x8308, 0x8308, 0x8308, 0x8308, 0x8308, 0x8308, 0x8308, 0x59E5, 0x59E5,
    0x0000, 0xC638, 0x9BE9, 0x9BE9, 0x9BE9, 0x9BE9, 0x9BE9, 0x9BE9, 0x9BE9, 0x9BE9, 0x9BE9, 0x9BE9,
    0x9BE9, 0x9BE9, 0x9BE9, 0x9BE9, 0x9BE9, 0x9BE9, 0x9BE9, 0x9BE9, 0x9BE9, 0x9BE9, 0x9BE9, 0x9BE9,
    0x9BE9, 0x9BE9, 0x9BE9, 0x9BE9, 0x9BE9, 0x9BE9, 0x9BE9, 0x9BE9, 0x9BE9, 0x9BE9, 0x9BE9, 0x9BE9,
    0x9BE9, 0x9BE9, 0x9BE9, 0x9BE9, 0x9BE9, 0x9BE9, 0x9BE9, 0x9BE9, 0x9BE9, 0x9BE9, 0x9BE9, 0x9BE9,
    0x9BE9, 0x9BE9, 0x9BE9, 0x9BE9, 0x9BE9, 0x9BE9, 0x9BE9, 0x9BE9, 0x9BE9, 0x9BE9, 0x9BE9, 0x9BE9,
    0x9BE9, 0x9BE9, 0x9BE9, 0x9BE9, 0x9BE9, 0x9BE9, 0x9BE9, 0x9BE9, 0x9BE9, 0x9BE9, 0x9BE9, 0x9BE9,
    0x9BE9, 0x9BE9, 0x9BE9, 0x9BE9, 0x9BE9, 0x9BE9, 0x9BE9, 0x9BE9, 0x9BE9, 0x9BE9, 0x9BE9, 0x9BE9,
    0x9BE9, 0x9BE9, 0x9BE9, 0x9BE9, 0x9BE9, 0x9BE9, 0x9BE9, 0x9BE9, 0x9BE9, 0x9BE9, 0x9BE9, 0x9BE9,
    0x9BE9, 0x9BE9, 0x9BE9, 0x9BE9, 0x9BE9, 0x9BE9, 0x9BE9, 0x9BE9, 0x9BE9, 0x9BE9, 0x9BE9, 0x9BE9,
    0x9BE9, 0x9BE9, 0x9BE9, 0x9BE9, 0x9BE9, 0x9BE9, 0x9BE9, 0x9BE9, 0x9BE9, 0x9BE9, 0x9BE9, 0x9BE9,
    0x9BE9, 0x9BE9, 0x9BE9, 0x9BE9, 0x9BE9, 0x9BE9, 0x9BE9, 0x9BE9, 0x9BE9, 0x9BE9, 0x9BE9, 0x9BE9,
    0x9BE9, 0x9BE9, 0x9BE9, 0x9BE9, 0x9BE9, 0x9BE9, 0x9BE9, 0x9BE9, 0x9BE9, 0x9BE9, 0x9BE9, 0x9BE9,
    0x9BE9, 0x9BE9, 0x9BE9, 0x9BE9, 0x9BE9, 0x9BE9, 0x9BE9, 0x9BE9, 0x9BE9, 0x9BE9, 0x9BE9, 0x9BE9,
    0x9BE9, 0x9BE9, 0x9BE9, 0x9BE9, 0x9BE9, 0x9BE9, 0x9BE9, 0x9BE9, 0x9BE9, 0x9BE9, 0x9BE9, 0x9BE9,
    0x9BE9, 0x9BE9, 0x9BE9, 0x9BE9, 0x9BE9, 0x9BE9, 0x9BE9, 0x9BE9, 0x9BE9, 0x9BE9, 0x9BE9, 0x9BE9,
    0x9BE9, 0x9BE9, 0x9BE9, 0x9BE9, 0x9BE9, 0x9BE9, 0x9BE9, 0x9BE9, 0x9BE9, 0x9BE9, 0x9BE9, 0x9BE9,
    0x9BE9, 0x9BE9, 0x9BE9, 0x9BE9, 0x9BE9, 0x9BE9, 0x31A6, 0x0000, 0x8308, 0x8308, 0x8308, 0x8308,
    0x8308, 0x8308, 0x59E5, 0x59E5, 0x8308, 0x8308, 0x59E5, 0x59E5, 0x59E5, 0x8308, 0x59E5, 0x8308,
    0x8308, 0x8308, 0x8308, 0x8308, 0x8308, 0x8308, 0x59E5, 0x59E5, 0x8308, 0x8308, 0x59E5, 0x59E5,
    0x59E5, 0x8308, 0x59E5, 0x8308, 0x8308, 0x8308, 0x8308, 0x8308, 0x8308, 0x8308, 0x59E5, 0x59E5,
    0x8308, 0x8308, 0x59E5, 0x59E5, 0x59E5, 0x8308, 0x59E5, 0x8308, 0x8308, 0x8308, 0x8308, 0x8308,
    0x8308, 0x8308, 0x59E5, 0x59E5, 0x8308, 0x8308, 0x59E5, 0x59E5, 0x8308, 0x8308, 0x59E5, 0x8308,
    0x8308, 0x8308, 0x8308, 0x59E5, 0x59E5, 0x8308, 0x59E5, 0x8308, 0x59E5, 0x8308, 0x8308, 0x59E5,
    0x8308, 0x8308, 0x59E5, 0x8308, 0x8308, 0x8308, 0x8308, 0x59E5, 0x59E5, 0x8308, 0x59E5, 0x8308,
    0x59E5, 0x8308, 0x8308, 0x59E5, 0x8308, 0x8308, 0x59E5, 0x8308, 0x8308, 0x8308, 0x8308, 0x59E5,
    0x59E5, 0x8308, 0x59E5, 0x8308, 0x59E5, 0x8308, 0x8308, 0x59E5, 0x8308, 0x8308, 0x59E5, 0x8308,
    0x8308, 0x8308, 0x8308, 0x59E5, 0x59E5, 0x8308, 0x59E5, 0x8308, 0x0000, 0xC638, 0x9BE9, 0x9BE9,
    0x9BE9, 0x9BE9, 0x9BE9, 0x9BE9, 0x9BE9, 0x9BE9, 0x9BE9, 0x9BE9, 0x9BE9, 0x9BE9, 0x9BE9, 0x9BE9,
    0x9BE9, 0x9BE9, 0x9BE9, 0x9BE9, 0x9BE9, 0x9BE9, 0x9BE9, 0x9BE9, 0x9BE9, 0x9BE9, 0x9BE9, 0x9BE9,
    0x9BE9, 0x9BE9, 0x9BE9, 0x9BE9, 0x9BE9, 0x9BE9, 0x9BE9, 0x9BE9, 0x9BE9, 0x9BE9, 0x9BE9, 0x9BE9,
    0x9BE9, 0x9BE9, 0x9BE9, 0x9BE9, 0x9BE9, 0x9BE9, 0x9BE9, 0x9BE9, 0x9BE9, 0x9BE9, 0x9BE9, 0x9BE9,
    0x9BE9, 0x9BE9, 0x9BE9, 0x9BE9, 0x9BE9, 0x9BE9, 0x9BE9, 0x9BE9, 0x9BE9, 0x9BE9, 0x9BE9, 0x9BE9,
    0x9BE9, 0x9BE9, 0x9BE9, 0x9BE9, 0x9BE9, 0x9BE9, 0x9BE9, 0x9BE9, 0x9BE9, 0x9BE9, 0x9BE9, 0x9BE9,
    0x9BE9, 0x9BE9, 0x9BE9, 0x9BE9, 0x9BE9, 0x9BE9, 0x9BE9, 0x9BE9, 0x9BE9, 0x9BE9, 0x9BE9, 0x9BE9,
    0x9BE9, 0x9BE9, 0x9BE9, 0x9BE9, 0x9BE9, 0x9BE9, 0x9BE9, 0x9BE9, 0x9BE9, 0x9BE9, 0x9BE9, 0x9BE9,
    0x9BE9, 0x9BE9, 0x9BE9, 0x9BE9, 0x9BE9, 0x9BE9, 0x9BE9, 0x9BE9, 0x9BE9, 0x9BE9, 0x9BE9, 0x9BE9,
    0x9BE9, 0x9BE9, 0x9BE9, 0x9BE9, 0x9BE9, 0x9BE9, 0x9BE9, 0x9BE9, 0x9BE9, 0x9BE9, 0x9BE9, 0x9BE9,
    0x9BE9, 0x9BE9, 0x9BE9, 0x9BE9, 0x9BE9, 0x9BE9, 0x9BE9, 0x9BE9, 0x9BE9, 0x9BE9, 0x9BE9, 0x9BE9,
    0x9BE9, 0x9BE9, 0x9BE9, 0x9BE9, 0x9BE9, 0x9BE9, 0x9BE9, 0x9BE9, 0x9BE9, 0x9BE9, 0x9BE9, 0x9BE9,
    0x9BE9, 0x9BE9, 0x9BE9, 0x9BE9, 0x9BE9, 0x9BE9, 0x9BE9, 0x9BE9, 0x9BE9, 0x9BE9, 0x9BE9, 0x9BE9,
    0x9BE9, 0x9BE9, 0x9BE9, 0x9BE9, 0x9BE9, 0x9BE9, 0x9BE9, 0x9BE9, 0x9BE9, 0x9BE9, 0x9BE9, 0x9BE9,
    0x9BE9, 0x9BE9, 0x9BE9, 0x9BE9, 0x9BE9, 0x9BE9, 0x9BE9, 0x9BE9, 0x9BE9, 0x9BE9, 0x9BE9, 0x9BE9,
    0x9BE9, 0x9BE9, 0x9BE9, 0x9BE9, 0x9BE9, 0x9BE9, 0x9BE9, 0x9BE9, 0x9BE9, 0x9BE9, 0x9BE9, 0x9BE9,
    0x9BE9, 0x9BE9, 0x31A6, 0x0000, 0x8308, 0x8308, 0x8308, 0x59E5, 0x59E5, 0x8308, 0x59E5, 0x8308,
    0x59E5, 0x8308, 0x8308, 0x59E5, 0x8308, 0x8308, 0x59E5, 0x8308, 0x8308, 0x8308, 0x8308, 0x59E5,
    0x59E5, 0x8308, 0x59E5, 0x8308, 0x59E5, 0x8308, 0x8308, 0x59E5, 0x8308, 0x8308, 0x59E5, 0x8308,
    0x8308, 0x8308, 0x8308, 0x59E5, 0x59E5, 0x8308, 0x59E5, 0x8308, 0x59E5, 0x8308, 0x8308, 0x59E5,
    0x8308, 0x8308, 0x59E5, 0x8308, 0x8308, 0x8308, 0x8308, 0x59E5, 0x59E5, 0x8308, 0x59E5, 0x8308,
    0x59E5, 0x8308, 0x8308, 0x59E5, 0x59E5, 0x8308, 0x59E5, 0x59E5, 0x8308, 0x8308, 0x8308, 0x59E5,
    0x8308, 0x59E5, 0x59E5, 0x59E5, 0x8308, 0x59E5, 0x59E5, 0x8308, 0x59E5, 0x8308, 0x59E5, 0x59E5,
    0x8308, 0x8308, 0x8308, 0x59E5, 0x8308, 0x59E5, 0x59E5, 0x59E5, 0x8308, 0x59E5, 0x59E5, 0x8308,
    0x59E5, 0x8308, 0x59E5, 0x59E5, 0x8308, 0x8308, 0x8308, 0x59E5, 0x8308, 0x59E5, 0x59E5, 0x59E5,
    0x8308, 0x59E5, 0x59E5, 0x8308, 0x59E5, 0x8308, 0x59E5, 0x59E5, 0x8308, 0x8308, 0x8308, 0x59E5,
    0x8308, 0x59E5, 0x59E5, 0x59E5, 0x0000, 0xC638, 0x9BE9, 0x9BE9, 0x9BE9, 0x9BE9, 0x9BE9, 0x9BE9,
    0x9BE9, 0x9BE9, 0x9BE9, 0x9BE9, 0x9BE9, 0x9BE9, 0x9BE9, 0x9BE9, 0x9BE9, 0x9BE9, 0x9BE9, 0x9BE9,
    0x9BE9, 0x9BE9, 0x9BE9, 0x9BE9, 0x9BE9, 0x9BE9, 0x9BE9, 0x9BE9, 0x9BE9, 0x9BE9, 0x9BE9, 0x9BE9,
    0x9BE9, 0x9BE9, 0x9BE9, 0x9BE9, 0x9BE9, 0x9BE9, 0x9BE9, 0x9BE9, 0x9BE9, 0x9BE9, 0x9BE9, 0x9BE9,
    0x9BE9, 0x9BE9, 0x9BE9, 0x9BE9, 0x9BE9, 0x9BE9, 0x9BE9, 0x9BE9, 0x9BE9, 0x9BE9, 0x9BE9, 0x9BE9,
    0x9BE9, 0x9BE9, 0x9BE9, 0x9BE9, 0x9BE9, 0x9BE9, 0x9BE9, 0x9BE9, 0x9BE9, 0x9BE9, 0x9BE9, 0x9BE9,
    0x9BE9, 0x9BE9, 0x9BE9, 0x9BE9, 0x9BE9, 0x9BE9, 0x9BE9, 0x9BE9, 0x9BE9, 0x9BE9, 0x9BE9, 0x9BE9,
    0x9BE9, 0x9BE9, 0x9BE9, 0x9BE9, 0x9BE9, 0x9BE9, 0x9BE9, 0x9BE9, 0x9BE9, 0x9BE9, 0x9BE9, 0x9BE9,
    0x9BE9, 0x9BE9, 0x9BE9, 0x9BE9, 0x9BE9, 0x9BE9, 0x9BE9, 0x9BE9, 0x9BE9, 0x9BE9, 0x9BE9, 0x9BE9,
    0x9BE9, 0x9BE9, 0x9BE9, 0x9BE9, 0x9BE9, 0x9BE9, 0x9BE9, 0x9BE9, 0x9BE9, 0x9BE9, 0x9BE9, 0x9BE9,
    0x9BE9, 0x9BE9, 0x9BE9, 0x9BE9, 0x9BE9, 0x9BE9, 0x9BE9, 0x9BE9, 0x9BE9, 0x9BE9, 0x9BE9, 0x9BE9,
    0x9BE9, 0x9BE9, 0x9BE9, 0x9BE9, 0x9BE9, 0x9BE9, 0x9BE9, 0x9BE9, 0x9BE9, 0x9BE9, 0x9BE9, 0x9BE9,
    0x9BE9, 0x9BE9, 0x9BE9, 0x9BE9, 0x9BE9, 0x9BE9, 0x9BE9, 0x9BE9, 0x9BE9, 0x9BE9, 0x9BE9, 0x9BE9,
    0x9BE9, 0x9BE9, 0x9BE9, 0x9BE9, 0x9BE9, 0x9BE9, 0x9BE9, 0x9BE9, 0x9BE9, 0x9BE9, 0x9BE9, 0x9BE9,
    0x9BE9, 0x9BE9, 0x9BE9, 0x9BE9, 0x9BE9, 0x9BE9, 0x9BE9, 0x9BE9, 0x9BE9, 0x9BE9, 0x9BE9, 0x9BE9,
    0x9BE9, 0x9BE9, 0x9BE9, 0x9BE9, 0x9BE9, 0x9BE9, 0x9BE9, 0x9BE9, 0x9BE9, 0x9BE9, 0x9BE9, 0x9BE9,
    0x9BE9, 0x9BE9, 0x9BE9, 0x9BE9, 0x9BE9, 0x9BE9, 0x9BE9, 0x9BE9, 0x9BE9, 0x9BE9, 0x31A6, 0x0000,
    0x8308, 0x8308, 0x8308, 0x59E5, 0x8308, 0x59E5, 0x59E5, 0x59E5, 0x8308, 0x59E5, 0x59E5, 0x8308,
    0x59E5, 0x8308, 0x59E5, 0x59E5, 0x8308, 0x8308, 0x8308, 0x59E5, 0x8308, 0x59E5, 0x59E5, 0x59E5,
    0x8308, 0x59E5, 0x59E5, 0x8308, 0x59E5, 0x8308, 0x59E5, 0x59E5, 0x8308, 0x8308, 0x8308, 0x59E5,
    0x8308, 0x59E5, 0x59E5, 0x59E5, 0x8308, 0x59E5, 0x59E5, 0x8308, 0x59E5, 0x8308, 0x59E5, 0x59E5,
    0x8308, 0x8308, 0x8308, 0x59E5, 0x8308, 0x59E5, 0x59E5, 0x59E5, 0x8308, 0x59E5, 0x59E5, 0x8308,
    0x8308, 0x59E5, 0x8308, 0x8308, 0x8308, 0x8308, 0x8308, 0x8308, 0x59E5, 0x59E5, 0x59E5, 0x8308,
    0x8308, 0x8308, 0x59E5, 0x8308, 0x8308, 0x59E5, 0x8308, 0x8308, 0x8308, 0x8308, 0x8308, 0x8308,
    0x59E5, 0x59E5, 0x59E5, 0x8308, 0x8308, 0x8308, 0x59E5, 0x8308, 0x8308, 0x59E5, 0x8308, 0x8308,
    0x8308, 0x8308, 0x8308, 0x8308, 0x59E5, 0x59E5, 0x59E5, 0x8308, 0x8308, 0x8308, 0x59E5, 0x8308,
    0x8308, 0x59E5, 0x8308, 0x8308, 0x8308, 0x8308, 0x8308, 0x8308, 0x59E5, 0x59E5, 0x59E5, 0x8308,
    0x0000, 0xC638, 0x9BE9, 0x9BE9, 0x9BE9, 0x9BE9, 0x9BE9, 0x9BE9, 0x9BE9, 0x9BE9, 0x9BE9, 0x9BE9,
    0x9BE9, 0x9BE9, 0x9BE9, 0x9BE9, 0x9BE9, 0x9BE9, 0x9BE9, 0x9BE9, 0x9BE9, 0x9BE9, 0x9BE9, 0x9BE9,
    0x9BE9, 0x9BE9, 0x9BE9, 0x9BE9, 0x9BE9, 0x9BE9, 0x9BE9, 0x9BE9, 0x9BE9, 0x9BE9, 0x9BE9, 0x9BE9,
    0x9BE9, 0x9BE9, 0x9BE9, 0x9BE9, 0x9BE9, 0x9BE9, 0x9BE9, 0x9BE9, 0x9BE9, 0x9BE9, 0x9BE9, 0x9BE9,
    0x9BE9, 0x9BE9, 0x9BE9, 0x9BE9, 0x9BE9, 0x9BE9, 0x9BE9, 0x9BE9, 0x9BE9, 0x9BE9, 0x9BE9, 0x9BE9,
    0x9BE9, 0x9BE9, 0x9BE9, 0x9BE9, 0x9BE9, 0x9BE9, 0x9BE9, 0x9BE9, 0x9BE9, 0x9BE9, 0x9BE9, 0x9BE9,
    0x9BE9, 0x9BE9, 0x9BE9, 0x9BE9, 0x9BE9, 0x9BE9, 0x9BE9, 0x9BE9, 0x9BE9, 0x9BE9, 0x9BE9, 0x9BE9,
    0x9BE9, 0x9BE9, 0x9BE9, 0x9BE9, 0x9BE9, 0x9BE9, 0x9BE9, 0x9BE9, 0x9BE9, 0x9BE9, 0x9BE9, 0x9BE9,
    0x9BE9, 0x9BE9, 0x9BE9, 0x9BE9, 0x9BE9, 0x9BE9, 0x9BE9, 0x9BE9, 0x9BE9, 0x9BE9, 0x9BE9, 0x9BE9,
    0x9BE9, 0x9BE9, 0x9BE9, 0x9BE9, 0x9BE9, 0x9BE9, 0x9BE9, 0x9BE9, 0x9BE9, 0x9BE9, 0x9BE9, 0x9BE9,
    0x9BE9, 0x9BE9, 0x9BE9, 0x9BE9, 0x9BE9, 0x9BE9, 0x9BE9, 0x9BE9, 0x9BE9, 0x9BE9, 0x9BE9, 0x9BE9,
    0x9BE9, 0x9BE9, 0x9BE9, 0x9BE9, 0x9BE9, 0x9BE9, 0x9BE9, 0x9BE9, 0x9BE9, 0x9BE9, 0x9BE9, 0x9BE9,
    0x9BE9, 0x9BE9, 0x9BE9, 0x9BE9, 0x9BE9, 0x9BE9, 0x9BE9, 0x9BE9, 0x9BE9, 0x9BE9, 0x9BE9, 0x9BE9,
    0x9BE9, 0x9BE9, 0x9BE9, 0x9BE9, 0x9BE9, 0x9BE9, 0x9BE9, 0x9BE9, 0x9BE9, 0x9BE9, 0x9BE9, 0x9BE9,
    0x9BE9, 0x9BE9, 0x9BE9, 0x9BE9, 0x9BE9, 0x9BE9, 0x9BE9, 0x9BE9, 0x9BE9, 0x9BE9, 0x9BE9, 0x9BE9,
    0x9BE9, 0x9BE9, 0x9BE9, 0x9BE9, 0x9BE9, 0x9BE9, 0x9BE9, 0x9BE9, 0x9BE9, 0x9BE9, 0x9BE9, 0x9BE9,
    0x9BE9, 0x9BE9, 0x9BE9, 0x9BE9, 0x9BE9, 0x9BE9, 0x31A6, 0x0000, 0x8308, 0x8308, 0x8308, 0x8308,
    0x59E5, 0x59E5, 0x59E5, 0x8308, 0x8308, 0x8308, 0x59E5, 0x8308, 0x8308, 0x59E5, 0x8308, 0x8308,
    0x8308, 0x8308, 0x8308, 0x8308, 0x59E5, 0x59E5, 0x59E5, 0x8308, 0x8308, 0x8308, 0x59E5, 0x8308,
    0x8308, 0x59E5, 0x8308, 0x8308, 0x8308, 0x8308, 0x8308, 0x8308, 0x59E5, 0x59E5, 0x59E5, 0x8308,
    0x8308, 0x8308, 0x59E5, 0x8308, 0x8308, 0x59E5, 0x8308, 0x8308, 0x8308, 0x8308, 0x8308, 0x8308,
    0x59E5, 0x59E5, 0x59E5, 0x8308, 0x8308, 0x8308, 0x59E5, 0x8308, 0x8308, 0x8308, 0x8308, 0x8308,
    0x59E5, 0x8308, 0x8308, 0x8308, 0x8308, 0x8308, 0x8308, 0x8308, 0x8308, 0x8308, 0x8308, 0x8308,
    0x8308, 0x8308, 0x8308, 0x8308, 0x59E5, 0x8308, 0x8308, 0x8308, 0x8308, 0x8308, 0x8308, 0x8308,
    0x8308, 0x8308, 0x8308, 0x8308, 0x8308, 0x8308, 0x8308, 0x8308, 0x59E5, 0x8308, 0x8308, 0x8308,
    0x8308, 0x8308, 0x8308, 0x8308, 0x8308, 0x8308, 0x8308, 0x8308, 0x8308, 0x8308, 0x8308, 0x8308,
    0x59E5, 0x8308, 0x8308, 0x8308, 0x8308, 0x8308, 0x8308, 0x8308, 0x0000, 0xC638, 0x9BE9, 0x9BE9,
    0x9BE9, 0x9BE9, 0x9BE9, 0x9BE9, 0x9BE9, 0x9BE9, 0x9BE9, 0x9BE9, 0x9BE9, 0x9BE9, 0x9BE9, 0x9BE9,
    0x9BE9, 0x9BE9, 0x9BE9, 0x9BE9, 0x9BE9, 0x9BE9, 0x9BE9, 0x9BE9, 0x9BE9, 0x9BE9, 0x9BE9, 0x9BE9,
    0x9BE9, 0x9BE9, 0x9BE9, 0x9BE9, 0x9BE9, 0x9BE9, 0x9BE9, 0x9BE9, 0x9BE9, 0x9BE9, 0x9BE9, 0x9BE9,
    0x9BE9, 0x9BE9, 0x9BE9, 0x9BE9, 0x9BE9, 0x9BE9, 0x9BE9, 0x9BE9, 0x9BE9, 0x9BE9, 0x9BE9, 0x9BE9,
    0x9BE9, 0x9BE9, 0x9BE9, 0x9BE9, 0x9BE9, 0x9BE9, 0x9BE9, 0x9BE9, 0x9BE9, 0x9BE9, 0x9BE9, 0x9BE9,
    0x9BE9, 0x9BE9, 0x9BE9, 0x9BE9, 0x9BE9, 0x9BE9, 0x9BE9, 0x9BE9, 0x9BE9, 0x9BE9, 0x9BE9, 0x9BE9,
    0x9BE9, 0x9BE9, 0x9BE9, 0x9BE9, 0x9BE9, 0x9BE9, 0x9BE9, 0x9BE9, 0x9BE9, 0x9BE9, 0x9BE9, 0x9BE9,
    0x9BE9, 0x9BE9, 0x9BE9, 0x9BE9, 0x9BE9, 0x9BE9, 0x9BE9, 0x9BE9, 0x9BE9, 0x9BE9, 0x9BE9, 0x9BE9,
    0x9BE9, 0x9BE9, 0x9BE9, 0x9BE9, 0x9BE9, 0x9BE9, 0x9BE9, 0x9BE9, 0x9BE9, 0x9BE9, 0x9BE9, 0x9BE9,
    0x9BE9, 0x9BE9, 0x9BE9, 0x9BE9, 0x9BE9, 0x9BE9, 0x9BE9, 0x9BE9, 0x9BE9, 0x9BE9, 0x9BE9, 0x9BE9,
    0x9BE9, 0x9BE9, 0x9BE9, 0x9BE9, 0x9BE9, 0x9BE9, 0x9BE9, 0x9BE9, 0x9BE9, 0x9BE9, 0x9BE9, 0x9BE9,
    0x9BE9, 0x9BE9, 0x9BE9, 0x9BE9, 0x9BE9, 0x9BE9, 0x9BE9, 0x9BE9, 0x9BE9, 0x9BE9, 0x9BE9, 0x9BE9,
    0x9BE9, 0x9BE9, 0x9BE9, 0x9BE9, 0x9BE9, 0x9BE9, 0x9BE9, 0x9BE9, 0x9BE9, 0x9BE9, 0x9BE9, 0x9BE9,
    0x9BE9, 0x9BE9, 0x9BE9, 0x9BE9, 0x9BE9, 0x9BE9, 0x9BE9, 0x9BE9, 0x9BE9, 0x9BE9, 0x9BE9, 0x9BE9,
    0x9BE9, 0x9BE9, 0x9BE9, 0x9BE9, 0x9BE9, 0x9BE9, 0x9BE9, 0x9BE9, 0x9BE9, 0x9BE9, 0x9BE9, 0x9BE9,
    0x9BE9, 0x9BE9, 0x9BE9, 0x9BE9, 0x9BE9, 0x9BE9, 0x9BE9, 0x9BE9, 0x9BE9, 0x9BE9, 0x9BE9, 0x9BE9,
    0x9BE9, 0x9BE9, 0x31A6, 0x0000, 0x59E5, 0x8308, 0x8308, 0x8308, 0x8308, 0x8308, 0x8308, 0x8308,
    0x8308, 0x8308, 0x8308, 0x8308, 0x8308, 0x8308, 0x8308, 0x8308, 0x59E5, 0x8308, 0x8308, 0x8308,
    0x8308, 0x8308, 0x8308, 0x8308, 0x8308, 0x8308, 0x8308, 0x8308, 0x8308, 0x8308, 0x8308, 0x8308,
    0x59E5, 0x8308, 0x8308, 0x8308, 0x8308, 0x8308, 0x8308, 0x8308, 0x8308, 0x8308, 0x8308, 0x8308,
    0x8308, 0x8308, 0x8308, 0x8308, 0x59E5, 0x8308, 0x8308, 0x8308, 0x8308, 0x8308, 0x8308, 0x8308,
    0x8308, 0x8308, 0x8308, 0x8308, 0x8308, 0x8308, 0x8308, 0x8308, 0x8308, 0x8308, 0x8308, 0x8308,
    0x59E5, 0x8308, 0x8308, 0x8308, 0x8308, 0x8308, 0x8308, 0x8308, 0x8308, 0x8308, 0x8308, 0x8308,
    0x8308, 0x8308, 0x8308, 0x8308, 0x59E5, 0x8308, 0x8308, 0x8308, 0x8308, 0x8308, 0x8308, 0x8308,
    0x8308, 0x8308, 0x8308, 0x8308, 0x8308, 0x8308, 0x8308, 0x8308, 0x59E5, 0x8308, 0x8308, 0x8308,
    0x8308, 0x8308, 0x8308, 0x8308, 0x8308, 0x8308, 0x8308, 0x8308, 0x8308, 0x8308, 0x8308, 0x8308,
    0x59E5, 0x8308, 0x8308, 0x8308, 0x0000, 0xC638, 0x9BE9, 0x9BE9, 0x9BE9, 0x9BE9, 0x9BE9, 0x9BE9,
    0x9BE9, 0x9BE9, 0x9BE9, 0x9BE9, 0x9BE9, 0x9BE9, 0x9BE9, 0x9BE9, 0x9BE9, 0x9BE9, 0x9BE9, 0x9BE9,
    0x9BE9, 0x9BE9, 0x9BE9, 0x9BE9, 0x9BE9, 0x9BE9, 0x9BE9, 0x9BE9, 0x9BE9, 0x9BE9, 0x9BE9, 0x9BE9,
    0x9BE9, 0x9BE9, 0x9BE9, 0x9BE9, 0x9BE9, 0x9BE9, 0x9BE9, 0x9BE9, 0x9BE9, 0x9BE9, 0x9BE9, 0x9BE9,
    0x9BE9, 0x9BE9, 0x9BE9, 0x9BE9, 0x9BE9, 0x9BE9, 0x9BE9, 0x9BE9, 0x9BE9, 0x9BE9, 0x9BE9, 0x9BE9,
    0x9BE9, 0x9BE9, 0x9BE9, 0x9BE9, 0x9BE9, 0x9BE9, 0x9BE9, 0x9BE9, 0x9BE9, 0x9BE9, 0x9BE9, 0x9BE9,
    0x9BE9, 0x9BE9, 0x9BE9, 0x9BE9, 0x9BE9, 0x9BE9, 0x9BE9, 0x9BE9, 0x9BE9, 0x9BE9, 0x9BE9, 0x9BE9,
    0x9BE9, 0x9BE9, 0x9BE9, 0x9BE9, 0x9BE9, 0x9BE9, 0x9BE9, 0x9BE9, 0x9BE9, 0x9BE9, 0x9BE9, 0x9BE9,
    0x9BE9, 0x9BE9, 0x9BE9, 0x9BE9, 0x9BE9, 0x9BE9, 0x9BE9, 0x9BE9, 0x9BE9, 0x9BE9, 0x9BE9, 0x9BE9,
    0x9BE9, 0x9BE9, 0x9BE9, 0x9BE9, 0x9BE9, 0x9BE9, 0x9BE9, 0x9BE9, 0x9BE9, 0x9BE9, 0x9BE9, 0x9BE9,
    0x9BE9, 0x9BE9, 0x9BE9, 0x9BE9, 0x9BE9, 0x9BE9, 0x9BE9, 0x9BE9, 0x9BE9, 0x9BE9, 0x9BE9, 0x9BE9,
    0x9BE9, 0x9BE9, 0x9BE9, 0x9BE9, 0x9BE9, 0x9BE9, 0x9BE9, 0x9BE9, 0x9BE9, 0x9BE9, 0x9BE9, 0x9BE9,
    0x9BE9, 0x9BE9, 0x9BE9, 0x9BE9, 0x9BE9, 0x9BE9, 0x9BE9, 0x9BE9, 0x9BE9, 0x9BE9, 0x9BE9, 0x9BE9,
    0x9BE9, 0x9BE9, 0x9BE9, 0x9BE9, 0x9BE9, 0x9BE9, 0x9BE9, 0x9BE9, 0x9BE9, 0x9BE9, 0x9BE9, 0x9BE9,
    0x9BE9, 0x9BE9, 0x9BE9, 0x9BE9, 0x9BE9, 0x9BE9, 0x9BE9, 0x9BE9, 0x9BE9, 0x9BE9, 0x9BE9, 0x9BE9,
    0x9BE9, 0x9BE9, 0x9BE9, 0x9BE9, 0x9BE9, 0x9BE9, 0x9BE9, 0x9BE9, 0x9BE9, 0x9BE9, 0x9BE9, 0x9BE9,
    0x9BE9, 0x9BE9, 0x9BE9, 0x9BE9, 0x9BE9, 0x9BE9, 0x9BE9, 0x9BE9, 0x9BE9, 0x9BE9, 0x31A6, 0x0000,
    0x8308, 0x8308, 0x8308, 0x8308, 0x59E5, 0x8308, 0x8308, 0x8308, 0x8308, 0x8308, 0x8308, 0x8308,
    0x8308, 0x8308, 0x8308, 0x8308, 0x8308, 0x8308, 0x8308, 0x8308, 0x59E5, 0x8308, 0x8308, 0x8308,
    0x8308, 0x8308, 0x8308, 0x8308, 0x8308, 0x8308, 0x8308, 0x8308, 0x8308, 0x8308, 0x8308, 0x8308,
    0x59E5, 0x8308, 0x8308, 0x8308, 0x8308, 0x8308, 0x8308, 0x8308, 0x8308, 0x8308, 0x8308, 0x8308,
    0x8308, 0x8308, 0x8308, 0x8308, 0x59E5, 0x8308, 0x8308, 0x8308, 0x8308, 0x8308, 0x8308, 0x8308,
    0x8308, 0x8308, 0x59E5, 0x8308, 0x59E5, 0x8308, 0x8308, 0x59E5, 0x8308, 0x8308, 0x8308, 0x8308,
    0x59E5, 0x59E5, 0x8308, 0x8308, 0x8308, 0x8308, 0x59E5, 0x8308, 0x59E5, 0x8308, 0x8308, 0x59E5,
    0x8308, 0x8308, 0x8308, 0x8308, 0x59E5, 0x59E5, 0x8308, 0x8308, 0x8308, 0x8308, 0x59E5, 0x8308,
    0x59E5, 0x8308, 0x8308, 0x59E5, 0x8308, 0x8308, 0x8308, 0x8308, 0x59E5, 0x59E5, 0x8308, 0x8308,
    0x8308, 0x8308, 0x59E5, 0x8308, 0x59E5, 0x8308, 0x8308, 0x59E5, 0x8308, 0x8308, 0x8308, 0x8308,
    0x0000, 0xC638, 0x9BE9, 0x9BE9, 0x9BE9, 0x9BE9, 0x9BE9, 0x9BE9, 0x9BE9, 0x9BE9, 0x9BE9, 0x9BE9,
    0x9BE9, 0x9BE9, 0x9BE9, 0x9BE9, 0x9BE9, 0x9BE9, 0x9BE9, 0x9BE9, 0x9BE9, 0x9BE9, 0x9BE9, 0x9BE9,
    0x9BE9, 0x9BE9, 0x9BE9, 0x9BE9, 0x9BE9, 0x9BE9, 0x9BE9, 0x9BE9, 0x9BE9, 0x9BE9, 0x9BE9, 0x9BE9,
    0x9BE9, 0x9BE9, 0x9BE9, 0x9BE9, 0x9BE9, 0x9BE9, 0x9BE9, 0x9BE9, 0x9BE9, 0x9BE9, 0x9BE9, 0x9BE9,
    0x9BE9, 0x9BE9, 0x9BE9, 0x9BE9, 0x9BE9, 0x9BE9, 0x9BE9, 0x9BE9, 0x9BE9, 0x9BE9, 0x9BE9, 0x9BE9,
    0x9BE9, 0x9BE9, 0x9BE9, 0x9BE9, 0x9BE9, 0x9BE9, 0x9BE9, 0x9BE9, 0x9BE9, 0x9BE9, 0x9BE9, 0x9BE9,
    0x9BE9, 0x9BE9, 0x9BE9, 0x9BE9, 0x9BE9, 0x9BE9, 0x9BE9, 0x9BE9, 0x9BE9, 0x9BE9, 0x9BE9, 0x9BE9,
    0x9BE9, 0x9BE9, 0x9BE9, 0x9BE9, 0x9BE9, 0x9BE9, 0x9BE9, 0x9BE9, 0x9BE9, 0x9BE9, 0x9BE9, 0x9BE9,
    0x9BE9, 0x9BE9, 0x9BE9, 0x9BE9, 0x9BE9, 0x9BE9, 0x9BE9, 0x9BE9, 0x9BE9, 0x9BE9, 0x9BE9, 0x9BE9,
    0x9BE9, 0x9BE9, 0x9BE9, 0x9BE9, 0x9BE9, 0x9BE9, 0x9BE9, 0x9BE9, 0x9BE9, 0x9BE9, 0x9BE9, 0x9BE9,
    0x9BE9, 0x9BE9, 0x9BE9, 0x9BE9, 0x9BE9, 0x9BE9, 0x9BE9, 0x9BE9, 0x9BE9, 0x9BE9, 0x9BE9, 0x9BE9,
    0x9BE9, 0x9BE9, 0x9BE9, 0x9BE9, 0x9BE9, 0x9BE9, 0x9BE9, 0x9BE9, 0x9BE9, 0x9BE9, 0x9BE9, 0x9BE9,
    0x9BE9, 0x9BE9, 0x9BE9, 0x9BE9, 0x9BE9, 0x9BE9, 0x9BE9, 0x9BE9, 0x9BE9, 0x9BE9, 0x9BE9, 0x9BE9,
    0x9BE9, 0x9BE9, 0x9BE9, 0x9BE9, 0x9BE9, 0x9BE9, 0x9BE9, 0x9BE9, 0x9BE9, 0x9BE9, 0x9BE9, 0x9BE9,
    0x9BE9, 0x9BE9, 0x9BE9, 0x9BE9, 0x9BE9, 0x9BE9, 0x9BE9, 0x9BE9, 0x9BE9, 0x9BE9, 0x9BE9, 0x9BE9,
    0x9BE9, 0x9BE9, 0x9BE9, 0x9BE9, 0x9BE9, 0x9BE9, 0x9BE9, 0x9BE9, 0x9BE9, 0x9BE9, 0x9BE9, 0x9BE9,
    0x9BE9, 0x9BE9, 0x9BE9, 0x9BE9, 0x9BE9, 0x9BE9, 0x31A6, 0x0000, 0x59E5, 0x8308, 0x8308, 0x59E5,
    0x8308, 0x8308, 0x8308, 0x8308, 0x59E5, 0x59E5, 0x8308, 0x8308, 0x8308, 0x8308, 0x59E5, 0x8308,
    0x59E5, 0x8308, 0x8308, 0x59E5, 0x8308, 0x8308, 0x8308, 0x8308, 0x59E5, 0x59E5, 0x8308, 0x8308,
    0x8308, 0x8308, 0x59E5, 0x8308, 0x59E5, 0x8308, 0x8308, 0x59E5, 0x8308, 0x8308, 0x8308, 0x8308,
    0x59E5, 0x59E5, 0x8308, 0x8308, 0x8308, 0x8308, 0x59E5, 0x8308, 0x59E5, 0x8308, 0x8308, 0x59E5,
    0x8308, 0x8308, 0x8308, 0x8308, 0x59E5, 0x59E5, 0x8308, 0x8308, 0x59E5, 0x59E5, 0x8308, 0x8308,
    0x8308, 0x8308, 0x8308, 0x8308, 0x59E5, 0x8308, 0x8308, 0x8308, 0x8308, 0x8308, 0x8308, 0x8308,
    0x59E5, 0x59E5, 0x8308, 0x8308, 0x8308, 0x8308, 0x8308, 0x8308, 0x59E5, 0x8308, 0x8308, 0x8308,
    0x8308, 0x8308, 0x8308, 0x8308, 0x59E5, 0x59E5, 0x8308, 0x8308, 0x8308, 0x8308, 0x8308, 0x8308,
    0x59E5, 0x8308, 0x8308, 0x8308, 0x8308, 0x8308, 0x8308, 0x8308, 0x59E5, 0x59E5, 0x8308, 0x8308,
    0x8308, 0x8308, 0x8308, 0x8308, 0x59E5, 0x8308, 0x8308, 0x8308, 0x0000, 0xC638, 0x9BE9, 0x9BE9,
    0x9BE9, 0x9BE9, 0x9BE9, 0x9BE9, 0x9BE9, 0x9BE9, 0x9BE9, 0x9BE9, 0x9BE9, 0x9BE9, 0x9BE9, 0x9BE9,
    0x9BE9, 0x9BE9, 0x9BE9, 0x9BE9, 0x9BE9, 0x9BE9, 0x9BE9, 0x9BE9, 0x9BE9, 0x9BE9, 0x9BE9, 0x9BE9,
    0x9BE9, 0x9BE9, 0x9BE9, 0x9BE9, 0x9BE9, 0x9BE9, 0x9BE9, 0x9BE9, 0x9BE9, 0x9BE9, 0x9BE9, 0x9BE9,
    0x9BE9, 0x9BE9, 0x9BE9, 0x9BE9, 0x9BE9, 0x9BE9, 0x9BE9, 0x9BE9, 0x9BE9, 0x9BE9, 0x9BE9, 0x9BE9,
    0x9BE9, 0x9BE9, 0x9BE9, 0x9BE9, 0x9BE9, 0x9BE9, 0x9BE9, 0x9BE9, 0x9BE9, 0x9BE9, 0x9BE9, 0x9BE9,
    0x9BE9, 0x9BE9, 0x9BE9, 0x9BE9, 0x9BE9, 0x9BE9, 0x9BE9, 0x9BE9, 0x9BE9, 0x9BE9, 0x9BE9, 0x9BE9,
    0x9BE9, 0x9BE9, 0x9BE9, 0x9BE9, 0x9BE9, 0x9BE9, 0x9BE9, 0x9BE9, 0x9BE9, 0x9BE9, 0x9BE9, 0x9BE9,
    0x9BE9, 0x9BE9, 0x9BE9, 0x9BE9, 0x9BE9, 0x9BE9, 0x9BE9, 0x9BE9, 0x9BE9, 0x9BE9, 0x9BE9, 0x9BE9,
    0x9BE9, 0x9BE9, 0x9BE9, 0x9BE9, 0x9BE9, 0x9BE9, 0x9BE9, 0x9BE9, 0x9BE9, 0x9BE9, 0x9BE9, 0x9BE9,
    0x9BE9, 0x9BE9, 0x9BE9, 0x9BE9, 0x9BE9, 0x9BE9, 0x9BE9, 0x9BE9, 0x9BE9, 0x9BE9, 0x9BE9, 0x9BE9,
    0x9BE9, 0x9BE9, 0x9BE9, 0x9BE9, 0x9BE9, 0x9BE9, 0x9BE9, 0x9BE9, 0x9BE9, 0x9BE9, 0x9BE9, 0x9BE9,
    0x9BE9, 0x9BE9, 0x9BE9, 0x9BE9, 0x9BE9, 0x9BE9, 0x9BE9, 0x9BE9, 0x9BE9, 0x9BE9, 0x9BE9, 0x9BE9,
    0x9BE9, 0x9BE9, 0x9BE9, 0x9BE9, 0x9BE9, 0x9BE9, 0x9BE9, 0x9BE9, 0x9BE9, 0x9BE9, 0x9BE9, 0x9BE9,
    0x9BE9, 0x9BE9, 0x9BE9, 0x9BE9, 0x9BE9, 0x9BE9, 0x9BE9, 0x9BE9, 0x9BE9, 0x9BE9, 0x9BE9, 0x9BE9,
    0x9BE9, 0x9BE9, 0x9BE9, 0x9BE9, 0x9BE9, 0x9BE9, 0x9BE9, 0x9BE9, 0x9BE9, 0x9BE9, 0x9BE9, 0x9BE9,
    0x9BE9, 0x9BE9, 0x9BE9, 0x9BE9, 0x9BE9, 0x9BE9, 0x9BE9, 0x9BE9, 0x9BE9, 0x9BE9, 0x9BE9, 0x9BE9,
    0x9BE9, 0x9BE9, 0x31A6, 0x0000, 0x8308, 0x8308, 0x8308, 0x8308, 0x59E5, 0x8308, 0x8308, 0x8308,
    0x8308, 0x8308, 0x8308, 0x8308, 0x59E5, 0x59E5, 0x8308, 0x8308, 0x8308, 0x8308, 0x8308, 0x8308,
    0x59E5, 0x8308, 0x8308, 0x8308, 0x8308, 0x8308, 0x8308, 0x8308, 0x59E5, 0x59E5, 0x8308, 0x8308,
    0x8308, 0x8308, 0x8308, 0x8308, 0x59E5, 0x8308, 0x8308, 0x8308, 0x8308, 0x8308, 0x8308, 0x8308,
    0x59E5, 0x59E5, 0x8308, 0x8308, 0x8308, 0x8308, 0x8308, 0x8308, 0x59E5, 0x8308, 0x8308, 0x8308,
    0x8308, 0x8308, 0x8308, 0x8308, 0x59E5, 0x8308, 0x8308, 0x8308, 0x8308, 0x8308, 0x59E5, 0x59E5,
    0x8308, 0x59E5, 0x59E5, 0x8308, 0x8308, 0x8308, 0x8308, 0x8308, 0x59E5, 0x8308, 0x8308, 0x8308,
    0x8308, 0x8308, 0x59E5, 0x59E5, 0x8308, 0x59E5, 0x59E5, 0x8308, 0x8308, 0x8308, 0x8308, 0x8308,
    0x59E5, 0x8308, 0x8308, 0x8308, 0x8308, 0x8308, 0x59E5, 0x59E5, 0x8308, 0x59E5, 0x59E5, 0x8308,
    0x8308, 0x8308, 0x8308, 0x8308, 0x59E5, 0x8308, 0x8308, 0x8308, 0x8308, 0x8308, 0x59E5, 0x59E5,
    0x8308, 0x59E5, 0x59E5, 0x8308, 0x0000, 0xC638, 0x9BE9, 0x9BE9, 0x9BE9, 0x9BE9, 0x9BE9, 0x9BE9,
    0x9BE9, 0x9BE9, 0x9BE9, 0x9BE9, 0x9BE9, 0x9BE9, 0x9BE9, 0x9BE9, 0x9BE9, 0x9BE9, 0x9BE9, 0x9BE9,
    0x9BE9, 0x9BE9, 0x9BE9, 0x9BE9, 0x9BE9, 0x9BE9, 0x9BE9, 0x9BE9, 0x9BE9, 0x9BE9, 0x9BE9, 0x9BE9,
    0x9BE9, 0x9BE9, 0x9BE9, 0x9BE9, 0x9BE9, 0x9BE9, 0x9BE9, 0x9BE9, 0x9BE9, 0x9BE9, 0x9BE9, 0x9BE9,
    0x9BE9, 0x9BE9, 0x9BE9, 0x9BE9, 0x9BE9, 0x9BE9, 0x9BE9, 0x9BE9, 0x9BE9, 0x9BE9, 0x9BE9, 0x9BE9,
    0x9BE9, 0x9BE9, 0x9BE9, 0x9BE9, 0x9BE9, 0x9BE9, 0x9BE9, 0x9BE9, 0x9BE9, 0x9BE9, 0x9BE9, 0x9BE9,
    0x9BE9, 0x9BE9, 0x9BE9, 0x9BE9, 0x9BE9, 0x9BE9, 0x9BE9, 0x9BE9, 0x9BE9, 0x9BE9, 0x9BE9, 0x9BE9,
    0x9BE9, 0x9BE9, 0x9BE9, 0x9BE9, 0x9BE9, 0x9BE9, 0x9BE9, 0x9BE9, 0x9BE9, 0x9BE9, 0x9BE9, 0x9BE9,
    0x9BE9, 0x9BE9, 0x9BE9, 0x9BE9, 0x9BE9, 0x9BE9, 0x9BE9, 0x9BE9, 0x9BE9, 0x9BE9, 0x9BE9, 0x9BE9,
    0x9BE9, 0x9BE9, 0x9BE9, 0x9BE9, 0x9BE9, 0x9BE9, 0x9BE9, 0x9BE9, 0x9BE9, 0x9BE9, 0x9BE9, 0x9BE9,
    0x9BE9, 0x9BE9, 0x9BE9, 0x9BE9, 0x9BE9, 0x9BE9, 0x9BE9, 0x9BE9, 0x9BE9, 0x9BE9, 0x9BE9, 0x9BE9,
    0x9BE9, 0x9BE9, 0x9BE9, 0x9BE9, 0x9BE9, 0x9BE9, 0x9BE9, 0x9BE9, 0x9BE9, 0x9BE9, 0x9BE9, 0x9BE9,
    0x9BE9, 0x9BE9, 0x9BE9, 0x9BE9, 0x9BE9, 0x9BE9, 0x9BE9, 0x9BE9, 0x9BE9, 0x9BE9, 0x9BE9, 0x9BE9,
    0x9BE9, 0x9BE9, 0x9BE9, 0x9BE9, 0x9BE9, 0x9BE9, 0x9BE9, 0x9BE9, 0x9BE9, 0x9BE9, 0x9BE9, 0x9BE9,
    0x9BE9, 0x9BE9, 0x9BE9, 0x9BE9, 0x9BE9, 0x9BE9, 0x9BE9, 0x9BE9, 0x9BE9, 0x9BE9, 0x9BE9, 0x9BE9,
    0x9BE9, 0x9BE9, 0x9BE9, 0x9BE9, 0x9BE9, 0x9BE9, 0x9BE9, 0x9BE9, 0x9BE9, 0x9BE9, 0x9BE9, 0x9BE9,
    0x9BE9, 0x9BE9, 0x9BE9, 0x9BE9, 0x9BE9, 0x9BE9, 0x9BE9, 0x9BE9, 0x9BE9, 0x9BE9, 0x31A6, 0x0000,
    0x8308, 0x8308, 0x59E5, 0x59E5, 0x8308, 0x59E5, 0x59E5, 0x8308, 0x8308, 0x8308, 0x8308, 0x8308,
    0x59E5, 0x8308, 0x8308, 0x8308, 0x8308, 0x8308, 0x59E5, 0x59E5, 0x8308, 0x59E5, 0x59E5, 0x8308,
    0x8308, 0x8308, 0x8308, 0x8308, 0x59E5, 0x8308, 0x8308, 0x8308, 0x8308, 0x8308, 0x59E5, 0x59E5,
    0x8308, 0x59E5, 0x59E5, 0x8308, 0x8308, 0x8308, 0x8308, 0x8308, 0x59E5, 0x8308, 0x8308, 0x8308,
    0x8308, 0x8308, 0x59E5, 0x59E5, 0x8308, 0x59E5, 0x59E5, 0x8308, 0x8308, 0x8308, 0x8308, 0x8308,
    0x8308, 0x8308, 0x59E5, 0x59E5, 0x8308, 0x59E5, 0x8308, 0x8308, 0x8308, 0x8308, 0x59E5, 0x59E5,
    0x8308, 0x59E5, 0x8308, 0x59E5, 0x8308, 0x8308, 0x59E5, 0x59E5, 0x8308, 0x59E5, 0x8308, 0x8308,
    0x8308, 0x8308, 0x59E5, 0x59E5, 0x8308, 0x59E5, 0x8308, 0x59E5, 0x8308, 0x8308, 0x59E5, 0x59E5,
    0x8308, 0x59E5, 0x8308, 0x8308, 0x8308, 0x8308, 0x59E5, 0x59E5, 0x8308, 0x59E5, 0x8308, 0x59E5,
    0x8308, 0x8308, 0x59E5, 0x59E5, 0x8308, 0x59E5, 0x8308, 0x8308, 0x8308, 0x8308, 0x59E5, 0x59E5,
    0x0000, 0xC638, 0x9BE9, 0x9BE9, 0x9BE9, 0x9BE9, 0x9BE9, 0x9BE9, 0x9BE9, 0x9BE9, 0x9BE9, 0x9BE9,
    0x9BE9, 0x9BE9, 0x9BE9, 0x9BE9, 0x9BE9, 0x9BE9, 0x9BE9, 0x9BE9, 0x9BE9, 0x9BE9, 0x9BE9, 0x9BE9,
    0x9BE9, 0x9BE9, 0x9BE9, 0x9BE9, 0x9BE9, 0x9BE9, 0x9BE9, 0x9BE9, 0x9BE9, 0x9BE9, 0x9BE9, 0x9BE9,
    0x9BE9, 0x9BE9, 0x9BE9, 0x9BE9, 0x9BE9, 0x9BE9, 0x9BE9, 0x9BE9, 0x9BE9, 0x9BE9, 0x9BE9, 0x9BE9,
    0x9BE9, 0x9BE9, 0x9BE9, 0x9BE9, 0x9BE9, 0x9BE9, 0x9BE9, 0x9BE9, 0x9BE9, 0x9BE9, 0x9BE9, 0x9BE9,
    0x9BE9, 0x9BE9, 0x9BE9, 0x9BE9, 0x9BE9, 0x9BE9, 0x9BE9, 0x9BE9, 0x9BE9, 0x9BE9, 0x9BE9, 0x9BE9,
    0x9BE9, 0x9BE9, 0x9BE9, 0x9BE9, 0x9BE9, 0x9BE9, 0x9BE9, 0x9BE9, 0x9BE9, 0x9BE9, 0x9BE9, 0x9BE9,
    0x9BE9, 0x9BE9, 0x9BE9, 0x9BE9, 0x9BE9, 0x9BE9, 0x9BE9, 0x9BE9, 0x9BE9, 0x9BE9, 0x9BE9, 0x9BE9,
    0x9BE9, 0x9BE9, 0x9BE9, 0x9BE9, 0x9BE9, 0x9BE9, 0x9BE9, 0x9BE9, 0x9BE9, 0x9BE9, 0x9BE9, 0x9BE9,
    0x9BE9, 0x9BE9, 0x9BE9, 0x9BE9, 0x9BE9, 0x9BE9, 0x9BE9, 0x9BE9, 0x9BE9, 0x9BE9, 0x9BE9, 0x9BE9,
    0x9BE9, 0x9BE9, 0x9BE9, 0x9BE9, 0x9BE9, 0x9BE9, 0x9BE9, 0x9BE9, 0x9BE9, 0x9BE9, 0x9BE9, 0x9BE9,
    0x9BE9, 0x9BE9, 0x9BE9, 0x9BE9, 0x9BE9, 0x9BE9, 0x9BE9, 0x9BE9, 0x9BE9, 0x9BE9, 0x9BE9, 0x9BE9,
    0x9BE9, 0x9BE9, 0x9BE9, 0x9BE9, 0x9BE9, 0x9BE9, 0x9BE9, 0x9BE9, 0x9BE9, 0x9BE9, 0x9BE9, 0x9BE9,
    0x9BE9, 0x9BE9, 0x9BE9, 0x9BE9, 0x9BE9, 0x9BE9, 0x9BE9, 0x9BE9, 0x9BE9, 0x9BE9, 0x9BE9, 0x9BE9,
    0x9BE9, 0x9BE9, 0x9BE9, 0x9BE9, 0x9BE9, 0x9BE9, 0x9BE9, 0x9BE9, 0x9BE9, 0x9BE9, 0x9BE9, 0x9BE9,
    0x9BE9, 0x9BE9, 0x9BE9, 0x9BE9, 0x9BE9, 0x9BE9, 0x9BE9, 0x9BE9, 0x9BE9, 0x9BE9, 0x9BE9, 0x9BE9,
    0x9BE9, 0x9BE9, 0x9BE9, 0x9BE9, 0x9BE9, 0x9BE9, 0x31A6, 0x0000, 0x8308, 0x59E5, 0x8308, 0x8308,
    0x8308, 0x8308, 0x59E5, 0x59E5, 0x8308, 0x59E5, 0x8308, 0x59E5, 0x8308, 0x8308, 0x59E5, 0x59E5,
    0x8308, 0x59E5, 0x8308, 0x8308, 0x8308, 0x8308, 0x59E5, 0x59E5, 0x8308, 0x59E5, 0x8308, 0x59E5,
    0x8308, 0x8308, 0x59E5, 0x59E5, 0x8308, 0x59E5, 0x8308, 0x8308, 0x8308, 0x8308, 0x59E5, 0x59E5,
    0x8308, 0x59E5, 0x8308, 0x59E5, 0x8308, 0x8308, 0x59E5, 0x59E5, 0x8308, 0x59E5, 0x8308, 0x8308,
    0x8308, 0x8308, 0x59E5, 0x59E5, 0x8308, 0x59E5, 0x8308, 0x59E5, 0x8308, 0x8308, 0x8308, 0x8308,
    0x8308, 0x8308, 0x59E5, 0x8308, 0x8308, 0x8308, 0x59E5, 0x8308, 0x59E5, 0x8308, 0x8308, 0x59E5,
    0x8308, 0x8308, 0x8308, 0x8308, 0x8308, 0x8308, 0x59E5, 0x8308, 0x8308, 0x8308, 0x59E5, 0x8308,
    0x59E5, 0x8308, 0x8308, 0x59E5, 0x8308, 0x8308, 0x8308, 0x8308, 0x8308, 0x8308, 0x59E5, 0x8308,
    0x8308, 0x8308, 0x59E5, 0x8308, 0x59E5, 0x8308, 0x8308, 0x59E5, 0x8308, 0x8308, 0x8308, 0x8308,
    0x8308, 0x8308, 0x59E5, 0x8308, 0x8308, 0x8308, 0x59E5, 0x8308, 0x0000, 0xC638, 0x9BE9, 0x9BE9,
    0x9BE9, 0x9BE9, 0x9BE9, 0x9BE9, 0x9BE9, 0x9BE9, 0x9BE9, 0x9BE9, 0x9BE9, 0x9BE9, 0x9BE9, 0x9BE9,
    0x9BE9, 0xDEDB, 0xDEDB, 0xDEDB, 0xDEDB, 0xDEDB, 0xDEDB, 0xDEDB, 0xDEDB, 0xDEDB, 0xDEDB, 0xDEDB,
    0xDEDB, 0xDEDB, 0xDEDB, 0xDEDB, 0xDEDB, 0x9BE9, 0x9BE9, 0x9BE9, 0x9BE9, 0x9BE9, 0x9BE9, 0x9BE9,
    0x9BE9, 0x9BE9, 0x9BE9, 0x9BE9, 0x9BE9, 0x9BE9, 0x9BE9, 0x9BE9, 0x9BE9, 0x9BE9, 0x9BE9, 0x9BE9,
    0x9BE9, 0x9BE9, 0x9BE9, 0x9BE9, 0x9BE9, 0x9BE9, 0x9BE9, 0x9BE9, 0x9BE9, 0x9BE9, 0x9BE9, 0x9BE9,
    0x9BE9, 0x9BE9, 0x9BE9, 0x9BE9, 0x9BE9, 0x9BE9, 0x9BE9, 0x9BE9, 0x9BE9, 0x9BE9, 0x9BE9, 0x9BE9,
    0x9BE9, 0x9BE9, 0x9BE9, 0x9BE9, 0x9BE9, 0x9BE9, 0x9BE9, 0x9BE9, 0x9BE9, 0x9BE9, 0x9BE9, 0x9BE9,
    0x9BE9, 0x9BE9, 0x9BE9, 0x9BE9, 0x9BE9, 0x9BE9, 0x9BE9, 0x9BE9, 0x9BE9, 0x9BE9, 0x9BE9, 0x9BE9,
    0x9BE9, 0x9BE9, 0x9BE9, 0x9BE9, 0x9BE9, 0x9BE9, 0x9BE9, 0x9BE9, 0x9BE9, 0x9BE9, 0x9BE9, 0x9BE9,
    0x9BE9, 0x9BE9, 0x9BE9, 0x9BE9, 0x9BE9, 0x9BE9, 0x9BE9, 0x9BE9, 0x9BE9, 0x9BE9, 0x9BE9, 0x9BE9,
    0x9BE9, 0x9BE9, 0x9BE9, 0x9BE9, 0x9BE9, 0x9BE9, 0x9BE9, 0x9BE9, 0x9BE9, 0x9BE9, 0x9BE9, 0x9BE9,
    0x9BE9, 0x9BE9, 0x9BE9, 0x9BE9, 0x9BE9, 0x9BE9, 0x9BE9, 0x9BE9, 0x9BE9, 0x9BE9, 0x9BE9, 0x9BE9,
    0x9BE9, 0x9BE9, 0x9BE9, 0x9BE9, 0x9BE9, 0x9BE9, 0x9BE9, 0x9BE9, 0x9BE9, 0x9BE9, 0x9BE9, 0x9BE9,
    0x9BE9, 0x9BE9, 0x9BE9, 0x9BE9, 0x9BE9, 0x9BE9, 0x9BE9, 0x9BE9, 0x9BE9, 0x9BE9, 0x9BE9, 0x9BE9,
    0x9BE9, 0x9BE9, 0x9BE9, 0x9BE9, 0x9BE9, 0x9BE9, 0x9BE9, 0x9BE9, 0x9BE9, 0x9BE9, 0x9BE9, 0x9BE9,
    0x9BE9, 0x9BE9, 0x9BE9, 0x9BE9, 0x9BE9, 0x9BE9, 0x9BE9, 0x9BE9, 0x9BE9, 0x9BE9, 0x9BE9, 0x9BE9,
    0x9BE9, 0x9BE9, 0x31A6, 0x0000, 0x8308, 0x8308, 0x59E5, 0x8308, 0x8308, 0x8308, 0x59E5, 0x8308,
    0x59E5, 0x8308, 0x8308, 0x59E5, 0x8308, 0x8308, 0x8308, 0x8308, 0x8308, 0x8308, 0x59E5, 0x8308,
    0x8308, 0x8308, 0x59E5, 0x8308, 0x59E5, 0x8308, 0x8308, 0x59E5, 0x8308, 0x8308, 0x8308, 0x8308,
    0x8308, 0x8308, 0x59E5, 0x8308, 0x8308, 0x8308, 0x59E5, 0x8308, 0x59E5, 0x8308, 0x8308, 0x59E5,
    0x8308, 0x8308, 0x8308, 0x8308, 0x8308, 0x8308, 0x59E5, 0x8308, 0x8308, 0x8308, 0x59E5, 0x8308,
    0x59E5, 0x8308, 0x8308, 0x59E5, 0x8308, 0x8308, 0x8308, 0x8308, 0x59E5, 0x59E5, 0x8308, 0x59E5,
    0x59E5, 0x59E5, 0x59E5, 0x8308, 0x8308, 0x8308, 0x8308, 0x8308, 0x8308, 0x8308, 0x8308, 0x8308,
    0x59E5, 0x59E5, 0x8308, 0x59E5, 0x59E5, 0x59E5, 0x59E5, 0x8308, 0x8308, 0x8308, 0x8308, 0x8308,
    0x8308, 0x8308, 0x8308, 0x8308, 0x59E5, 0x59E5, 0x8308, 0x59E5, 0x59E5, 0x59E5, 0x59E5, 0x8308,
    0x8308, 0x8308, 0x8308, 0x8308, 0x8308, 0x8308, 0x8308, 0x8308, 0x59E5, 0x59E5, 0x8308, 0x59E5,
    0x59E5, 0x59E5, 0x59E5, 0x8308, 0x0000, 0xC638, 0x9BE9, 0x9BE9, 0x9BE9, 0x9BE9, 0x9BE9, 0x9BE9,
    0x9BE9, 0x9BE9, 0x9BE9, 0x9BE9, 0x9BE9, 0x9BE9, 0x9BE9, 0x9BE9, 0x9BE9, 0xDEDB, 0xDEDB, 0xDEDB,
    0xDEDB, 0xDEDB, 0xDEDB, 0xDEDB, 0xDEDB, 0xDEDB, 0xDEDB, 0xDEDB, 0xDEDB, 0xDEDB, 0xDEDB, 0xDEDB,
    0xDEDB, 0x9BE9, 0x9BE9, 0x9BE9, 0x9BE9, 0x9BE9, 0x9BE9, 0x9BE9, 0x9BE9, 0x9BE9, 0x9BE9, 0x9BE9,
    0x9BE9, 0x9BE9, 0x9BE9, 0x9BE9, 0x9BE9, 0x9BE9, 0x9BE9, 0x9BE9, 0x9BE9, 0x9BE9, 0x9BE9, 0x9BE9,
    0x9BE9, 0x9BE9, 0x9BE9, 0x9BE9, 0x9BE9, 0x9BE9, 0x9BE9, 0x9BE9, 0x9BE9, 0x9BE9, 0x9BE9, 0x9BE9,
    0x9BE9, 0x9BE9, 0x9BE9, 0x9BE9, 0x9BE9, 0x9BE9, 0x9BE9, 0x9BE9, 0x9BE9, 0x9BE9, 0x9BE9, 0x9BE9,
    0x9BE9, 0x9BE9, 0x9BE9, 0x9BE9, 0x9BE9, 0x9BE9, 0x9BE9, 0x9BE9, 0x9BE9, 0x9BE9, 0x9BE9, 0x9BE9,
    0x9BE9, 0x9BE9, 0x9BE9, 0x9BE9, 0x9BE9, 0x9BE9, 0x9BE9, 0x9BE9, 0x9BE9, 0x9BE9, 0x9BE9, 0x9BE9,
    0x9BE9, 0x9BE9, 0x9BE9, 0x9BE9, 0x9BE9, 0x9BE9, 0x9BE9, 0x9BE9, 0x9BE9, 0x9BE9, 0x9BE9, 0x9BE9,
    0x9BE9, 0x9BE9, 0x9BE9, 0x9BE9, 0x9BE9, 0x9BE9, 0x9BE9, 0x9BE9, 0x9BE9, 0x9BE9, 0x9BE9, 0x9BE9,
    0x9BE9, 0x9BE9, 0x9BE9, 0x9BE9, 0x9BE9, 0x9BE9, 0x9BE9, 0x9BE9, 0x9BE9, 0x9BE9, 0x9BE9, 0x9BE9,
    0x9BE9, 0x9BE9, 0x9BE9, 0x9BE9, 0x9BE9, 0x9BE9, 0x9BE9, 0x9BE9, 0x9BE9, 0x9BE9, 0x9BE9, 0x9BE9,
    0x9BE9, 0x9BE9, 0x9BE9, 0x9BE9, 0x9BE9, 0x9BE9, 0x9BE9, 0x9BE9, 0x9BE9, 0x9BE9, 0x9BE9, 0x9BE9,
    0x9BE9, 0x9BE9, 0x9BE9, 0x9BE9, 0x9BE9, 0x9BE9, 0x9BE9, 0x9BE9, 0x9BE9, 0x9BE9, 0x9BE9, 0x9BE9,
    0x9BE9, 0x9BE9, 0x9BE9, 0x9BE9, 0x9BE9, 0x9BE9, 0x9BE9, 0x9BE9, 0x9BE9, 0x9BE9, 0x9BE9, 0x9BE9,
    0x9BE9, 0x9BE9, 0x9BE9, 0x9BE9, 0x9BE9, 0x9BE9, 0x9BE9, 0x9BE9, 0x9BE9, 0x9BE9, 0x31A6, 0x0000,
    0x59E5, 0x59E5, 0x8308, 0x59E5, 0x59E5, 0x59E5, 0x59E5, 0x8308, 0x8308, 0x8308, 0x8308, 0x8308,
    0x8308, 0x8308, 0x8308, 0x8308, 0x59E5, 0x59E5, 0x8308, 0x59E5, 0x59E5, 0x59E5, 0x59E5, 0x8308,
    0x8308, 0x8308, 0x8308, 0x8308, 0x8308, 0x8308, 0x8308, 0x8308, 0x59E5, 0x59E5, 0x8308, 0x59E5,
    0x59E5, 0x59E5, 0x59E5, 0x8308, 0x8308, 0x8308, 0x8308, 0x8308, 0x8308, 0x8308, 0x8308, 0x8308,
    0x59E5, 0x59E5, 0x8308, 0x59E5, 0x59E5, 0x59E5, 0x59E5, 0x8308, 0x8308, 0x8308, 0x8308, 0x8308,
    0x8308, 0x8308, 0x8308, 0x59E5, 0x8308, 0x8308, 0x8308, 0x8308, 0x8308, 0x59E5, 0x59E5, 0x59E5,
    0x8308, 0x8308, 0x8308, 0x8308, 0x8308, 0x8308, 0x8308, 0x59E5, 0x8308, 0x8308, 0x8308, 0x8308,
    0x8308, 0x59E5, 0x59E5, 0x59E5, 0x8308, 0x8308, 0x8308, 0x8308, 0x8308, 0x8308, 0x8308, 0x59E5,
    0x8308, 0x8308, 0x8308, 0x8308, 0x8308, 0x59E5, 0x59E5, 0x59E5, 0x8308, 0x8308, 0x8308, 0x8308,
    0x8308, 0x8308, 0x8308, 0x59E5, 0x8308, 0x8308, 0x8308, 0x8308, 0x8308, 0x59E5, 0x59E5, 0x59E5,
    0x0000, 0xC638, 0x9BE9, 0x9BE9, 0x9BE9, 0x9BE9, 0x9BE9, 0x9BE9, 0x9BE9, 0x9BE9, 0x9BE9, 0x9BE9,
    0x9BE9, 0x9BE9, 0x9BE9, 0xDEDB, 0xDEDB, 0xDEDB, 0xDEDB, 0xDEDB, 0xDEDB, 0xDEDB, 0xDEDB, 0xDEDB,
    0xDEDB, 0xDEDB, 0xDEDB, 0xDEDB, 0xDEDB, 0xDEDB, 0xDEDB, 0xDEDB, 0xDEDB, 0xDEDB, 0xDEDB, 0x9BE9,
    0x9BE9, 0x9BE9, 0x9BE9, 0x9BE9, 0x9BE9, 0x9BE9, 0x9BE9, 0x9BE9, 0x9BE9, 0x9BE9, 0x9BE9, 0x9BE9,
    0x9BE9, 0x9BE9, 0x9BE9, 0x9BE9, 0x9BE9, 0x9BE9, 0x9BE9, 0x9BE9, 0x9BE9, 0x9BE9, 0x9BE9, 0x9BE9,
    0x9BE9, 0x9BE9, 0x9BE9, 0x9BE9, 0x9BE9, 0x9BE9, 0x9BE9, 0x9BE9, 0x9BE9, 0x9BE9, 0x9BE9, 0x9BE9,
    0x9BE9, 0x9BE9, 0x9BE9, 0x9BE9, 0x9BE9, 0x9BE9, 0x9BE9, 0x9BE9, 0x9BE9, 0x9BE9, 0x9BE9, 0x9BE9,
    0x9BE9, 0x9BE9, 0x9BE9, 0x9BE9, 0x9BE9, 0x9BE9, 0x9BE9, 0x9BE9, 0x9BE9, 0x9BE9, 0x9BE9, 0x9BE9,
    0x9BE9, 0x9BE9, 0x9BE9, 0x9BE9, 0x9BE9, 0x9BE9, 0x9BE9, 0x9BE9, 0x9BE9, 0x9BE9, 0x9BE9, 0x9BE9,
    0x9BE9, 0x9BE9, 0x9BE9, 0x9BE9, 0x9BE9, 0x9BE9, 0x9BE9, 0x9BE9, 0x9BE9, 0x9BE9, 0x9BE9, 0x9BE9,
    0x9BE9, 0x9BE9, 0x9BE9, 0x9BE9, 0x9BE9, 0x9BE9, 0x9BE9, 0x9BE9, 0x9BE9, 0x9BE9, 0x9BE9, 0x9BE9,
    0x9BE9, 0x9BE9, 0x9BE9, 0x9BE9, 0x9BE9, 0x9BE9, 0x9BE9, 0x9BE9, 0x9BE9, 0x9BE9, 0x9BE9, 0x9BE9,
    0x9BE9, 0x9BE9, 0x9BE9, 0x9BE9, 0x9BE9, 0x9BE9, 0x9BE9, 0x9BE9, 0x9BE9, 0x9BE9, 0x9BE9, 0x9BE9,
    0x9BE9, 0x9BE9, 0x9BE9, 0x9BE9, 0x9BE9, 0x9BE9, 0x9BE9, 0x9BE9, 0x9BE9, 0x9BE9, 0x9BE9, 0x9BE9,
    0x9BE9, 0x9BE9, 0x9BE9, 0x9BE9, 0x9BE9, 0x9BE9, 0x9BE9, 0x9BE9, 0x9BE9, 0x9BE9, 0x9BE9, 0x9BE9,
    0x9BE9, 0x9BE9, 0x9BE9, 0x9BE9, 0x9BE9, 0x9BE9, 0x9BE9, 0x9BE9, 0x9BE9, 0x9BE9, 0x9BE9, 0x9BE9,
    0x9BE9, 0x9BE9, 0x9BE9, 0x9BE9, 0x9BE9, 0x9BE9, 0x31A6, 0x0000, 0x8308, 0x8308, 0x8308, 0x8308,
    0x8308, 0x59E5, 0x59E5, 0x59E5, 0x8308, 0x8308, 0x8308, 0x8308, 0x8308, 0x8308, 0x8308, 0x59E5,
    0x8308, 0x8308, 0x8308, 0x8308, 0x8308, 0x59E5, 0x59E5, 0x59E5, 0x8308, 0x8308, 0x8308, 0x8308,
    0x8308, 0x8308, 0x8308, 0x59E5, 0x8308, 0x8308, 0x8308, 0x8308, 0x8308, 0x59E5, 0x59E5, 0x59E5,
    0x8308, 0x8308, 0x8308, 0x8308, 0x8308, 0x8308, 0x8308, 0x59E5, 0x8308, 0x8308, 0x8308, 0x8308,
    0x8308, 0x59E5, 0x59E5, 0x59E5, 0x8308, 0x8308, 0x8308, 0x8308, 0x8308, 0x8308, 0x59E5, 0x59E5,
    0x8308, 0x8308, 0x8308, 0x8308, 0x59E5, 0x8308, 0x8308, 0x59E5, 0x59E5, 0x8308, 0x8308, 0x8308,
    0x8308, 0x8308, 0x59E5, 0x59E5, 0x8308, 0x8308, 0x8308, 0x8308, 0x59E5, 0x8308, 0x8308, 0x59E5,
    0x59E5, 0x8308, 0x8308, 0x8308, 0x8308, 0x8308, 0x59E5, 0x59E5, 0x8308, 0x8308, 0x8308, 0x8308,
    0x59E5, 0x8308, 0x8308, 0x59E5, 0x59E5, 0x8308, 0x8308, 0x8308, 0x8308, 0x8308, 0x59E5, 0x59E5,
    0x8308, 0x8308, 0x8308, 0x8308, 0x59E5, 0x8308, 0x8308, 0x59E5, 0x0000, 0xC638, 0x9BE9, 0x9BE9,
    0x9BE9, 0x9BE9, 0x9BE9, 0x9BE9, 0x9BE9, 0x9BE9, 0x9BE9, 0x9BE9, 0x9BE9, 0x9BE9, 0x9BE9, 0xDEDB,
    0xDEDB, 0xDEDB, 0xDEDB, 0xDEDB, 0xDEDB, 0xDEDB, 0xDEDB, 0xDEDB, 0xDEDB, 0xDEDB, 0xDEDB, 0xDEDB,
    0xDEDB, 0xDEDB, 0xDEDB, 0xDEDB, 0xDEDB, 0xDEDB, 0xDEDB, 0x9BE9, 0x9BE9, 0x9BE9, 0x9BE9, 0x9BE9,
    0x9BE9, 0x9BE9, 0x9BE9, 0x9BE9, 0x9BE9, 0x9BE9, 0x9BE9, 0x9BE9, 0x9BE9, 0x9BE9, 0x9BE9, 0x9BE9,
    0x9BE9, 0x9BE9, 0x9BE9, 0x9BE9, 0x9BE9, 0x9BE9, 0x9BE9, 0x9BE9, 0x9BE9, 0x9BE9, 0x9BE9, 0x9BE9,
    0x9BE9, 0x9BE9, 0x9BE9, 0x9BE9, 0x9BE9, 0x9BE9, 0x9BE9, 0x9BE9, 0x9BE9, 0x9BE9, 0x9BE9, 0x9BE9,
    0x9BE9, 0x9BE9, 0x9BE9, 0x9BE9, 0x9BE9, 0x9BE9, 0x9BE9, 0x9BE9, 0x9BE9, 0x9BE9, 0x9BE9, 0x9BE9,
    0x9BE9, 0x9BE9, 0x9BE9, 0x9BE9, 0x9BE9, 0x9BE9, 0x9BE9, 0x9BE9, 0x9BE9, 0x9BE9, 0x9BE9, 0x9BE9,
    0x9BE9, 0x9BE9, 0x9BE9, 0x9BE9, 0x9BE9, 0x9BE9, 0x9BE9, 0x9BE9, 0x9BE9, 0x9BE9, 0x9BE9, 0x9BE9,
    0x9BE9, 0x9BE9, 0x9BE9, 0x9BE9, 0x9BE9, 0x9BE9, 0x9BE9, 0x9BE9, 0x9BE9, 0x9BE9, 0x9BE9, 0x9BE9,
    0x9BE9, 0x9BE9, 0x9BE9, 0x9BE9, 0x9BE9, 0x9BE9, 0x9BE9, 0x9BE9, 0x9BE9, 0x9BE9, 0x9BE9, 0x9BE9,
    0x9BE9, 0x9BE9, 0x9BE9, 0x9BE9, 0x9BE9, 0x9BE9, 0x9BE9, 0x9BE9, 0x9BE9, 0x9BE9, 0x9BE9, 0x9BE9,
    0x9BE9, 0x9BE9, 0x9BE9, 0x9BE9, 0x9BE9, 0x9BE9, 0x9BE9, 0x9BE9, 0x9BE9, 0x9BE9, 0x9BE9, 0x9BE9,
    0x9BE9, 0x9BE9, 0x9BE9, 0x9BE9, 0x9BE9, 0x9BE9, 0x9BE9, 0x9BE9, 0x9BE9, 0x9BE9, 0x9BE9, 0x9BE9,
    0x9BE9, 0x9BE9, 0x9BE9, 0x9BE9, 0x9BE9, 0x9BE9, 0x9BE9, 0x9BE9, 0x9BE9, 0x9BE9, 0x9BE9, 0x9BE9,
    0x9BE9, 0x9BE9, 0x9BE9, 0x9BE9, 0x9BE9, 0x9BE9, 0x9BE9, 0x9BE9, 0x9BE9, 0x9BE9, 0x9BE9, 0x9BE9,
    0x9BE9, 0x9BE9, 0x31A6, 0x0000, 0x8308, 0x8308, 0x8308, 0x8308, 0x59E5, 0x8308, 0x8308, 0x59E5,
    0x59E5, 0x8308, 0x8308, 0x8308, 0x8308, 0x8308, 0x59E5, 0x59E5, 0x8308, 0x8308, 0x8308, 0x8308,
    0x59E5, 0x8308, 0x8308, 0x59E5, 0x59E5, 0x8308, 0x8308, 0x8308, 0x8308, 0x8308, 0x59E5, 0x59E5,
    0x8308, 0x8308, 0x8308, 0x8308, 0x59E5, 0x8308, 0x8308, 0x59E5, 0x59E5, 0x8308, 0x8308, 0x8308,
    0x8308, 0x8308, 0x59E5, 0x59E5, 0x8308, 0x8308, 0x8308, 0x8308, 0x59E5, 0x8308, 0x8308, 0x59E5,
    0x59E5, 0x8308, 0x8308, 0x8308, 0x59E5, 0x59E5, 0x59E5, 0x59E5, 0x8308, 0x59E5, 0x8308, 0x8308,
    0x59E5, 0x8308, 0x59E5, 0x8308, 0x59E5, 0x8308, 0x59E5, 0x59E5, 0x59E5, 0x59E5, 0x59E5, 0x59E5,
    0x8308, 0x59E5, 0x8308, 0x8308, 0x59E5, 0x8308, 0x59E5, 0x8308, 0x59E5, 0x8308, 0x59E5, 0x59E5,
    0x59E5, 0x59E5, 0x59E5, 0x59E5, 0x8308, 0x59E5, 0x8308, 0x8308, 0x59E5, 0x8308, 0x59E5, 0x8308,
    0x59E5, 0x8308, 0x59E5, 0x59E5, 0x59E5, 0x59E5, 0x59E5, 0x59E5, 0x8308, 0x59E5, 0x8308, 0x8308,
    0x59E5, 0x8308, 0x59E5, 0x8308, 0x0000, 0xC638, 0x9BE9, 0x9BE9, 0x9BE9, 0x9BE9, 0x9BE9, 0x9BE9,
    0x9BE9, 0x9BE9, 0x9BE9, 0x9BE9, 0x9BE9, 0x9BE9, 0x9BE9, 0xDEDB, 0xDEDB, 0xDEDB, 0xDEDB, 0xDEDB,
    0xDEDB, 0xDEDB, 0xDEDB, 0xDEDB, 0xDEDB, 0xDEDB, 0xDEDB, 0xDEDB, 0xDEDB, 0xDEDB, 0xDEDB, 0xDEDB,
    0xDEDB, 0xDEDB, 0xDEDB, 0xDEDB, 0xDEDB, 0x9BE9, 0x9BE9, 0x9BE9, 0x9BE9, 0x9BE9, 0x9BE9, 0x9BE9,
    0x9BE9, 0x9BE9, 0x9BE9, 0x9BE9, 0x9BE9, 0x9BE9, 0x9BE9, 0x9BE9, 0x9BE9, 0x9BE9, 0x9BE9, 0x9BE9,
    0x9BE9, 0x9BE9, 0x9BE9, 0x9BE9, 0x9BE9, 0x9BE9, 0x9BE9, 0x9BE9, 0x9BE9, 0x9BE9, 0x9BE9, 0x9BE9,
    0x9BE9, 0x9BE9, 0x9BE9, 0x9BE9, 0x9BE9, 0x9BE9, 0x9BE9, 0x9BE9, 0x9BE9, 0x9BE9, 0x9BE9, 0x9BE9,
    0x9BE9, 0x9BE9, 0x9BE9, 0x9BE9, 0x9BE9, 0x9BE9, 0x9BE9, 0x9BE9, 0x9BE9, 0x9BE9, 0x9BE9, 0x9BE9,
    0x9BE9, 0x9BE9, 0x9BE9, 0x9BE9, 0x9BE9, 0x9BE9, 0x9BE9, 0x9BE9, 0x9BE9, 0x9BE9, 0x9BE9, 0x9BE9,
    0x9BE9, 0x9BE9, 0x9BE9, 0x9BE9, 0x9BE9, 0x9BE9, 0x9BE9, 0x9BE9, 0x9BE9, 0x9BE9, 0x9BE9, 0x9BE9,
    0x9BE9, 0x9BE9, 0x9BE9, 0x9BE9, 0x9BE9, 0x9BE9, 0x9BE9, 0x9BE9, 0x9BE9, 0x9BE9, 0x9BE9, 0x9BE9,
    0x9BE9, 0x9BE9, 0x9BE9, 0x9BE9, 0x9BE9, 0x9BE9, 0x9BE9, 0x9BE9, 0x9BE9, 0x9BE9, 0x9BE9, 0x9BE9,
    0x9BE9, 0x9BE9, 0x9BE9, 0x9BE9, 0x9BE9, 0x9BE9, 0x9BE9, 0x9BE9, 0x9BE9, 0x9BE9, 0x9BE9, 0x9BE9,
    0x9BE9, 0x9BE9, 0x9BE9, 0x9BE9, 0x9BE9, 0x9BE9, 0x9BE9, 0x9BE9, 0x9BE9, 0x9BE9, 0x9BE9, 0x9BE9,
    0x9BE9, 0x9BE9, 0x9BE9, 0x9BE9, 0x9BE9, 0x9BE9, 0x9BE9, 0x9BE9, 0x9BE9, 0x9BE9, 0x9BE9, 0x9BE9,
    0x9BE9, 0x9BE9, 0x9BE9, 0x9BE9, 0x9BE9, 0x9BE9, 0x9BE9, 0x9BE9, 0x9BE9, 0x9BE9, 0x9BE9, 0x9BE9,
    0x9BE9, 0x9BE9, 0x9BE9, 0x9BE9, 0x9BE9, 0x9BE9, 0x9BE9, 0x9BE9, 0x9BE9, 0x9BE9, 0x31A6, 0x0000,
    0x8308, 0x59E5, 0x8308, 0x8308, 0x59E5, 0x8308, 0x59E5, 0x8308, 0x59E5, 0x8308, 0x59E5, 0x59E5,
    0x59E5, 0x59E5, 0x59E5, 0x59E5, 0x8308, 0x59E5, 0x8308, 0x8308, 0x59E5, 0x8308, 0x59E5, 0x8308,
    0x59E5, 0x8308, 0x59E5, 0x59E5, 0x59E5, 0x59E5, 0x59E5, 0x59E5, 0x8308, 0x59E5, 0x8308, 0x8308,
    0x59E5, 0x8308, 0x59E5, 0x8308, 0x59E5, 0x8308, 0x59E5, 0x59E5, 0x59E5, 0x59E5, 0x59E5, 0x59E5,
    0x8308, 0x59E5, 0x8308, 0x8308, 0x59E5, 0x8308, 0x59E5, 0x8308, 0x59E5, 0x8308, 0x59E5, 0x59E5,
    0x8308, 0x8308, 0x8308, 0x8308, 0x59E5, 0x8308, 0x8308, 0x8308, 0x59E5, 0x8308, 0x59E5, 0x59E5,
    0x8308, 0x8308, 0x59E5, 0x59E5, 0x8308, 0x8308, 0x8308, 0x8308, 0x59E5, 0x8308, 0x8308, 0x8308,
    0x59E5, 0x8308, 0x59E5, 0x59E5, 0x8308, 0x8308, 0x59E5, 0x59E5, 0x8308, 0x8308, 0x8308, 0x8308,
    0x59E5, 0x8308, 0x8308, 0x8308, 0x59E5, 0x8308, 0x59E5, 0x59E5, 0x8308, 0x8308, 0x59E5, 0x59E5,
    0x8308, 0x8308, 0x8308, 0x8308, 0x59E5, 0x8308, 0x8308, 0x8308, 0x59E5, 0x8308, 0x59E5, 0x59E5,
    0x0000, 0xC638, 0x9BE9, 0x9BE9, 0x9BE9, 0x9BE9, 0x9BE9, 0x9BE9, 0x9BE9, 0x9BE9, 0x9BE9, 0x9BE9,
    0x9BE9, 0x9BE9, 0x9BE9, 0xDEDB, 0xDEDB, 0xDEDB, 0xDEDB, 0xDEDB, 0xDEDB, 0xDEDB, 0xDEDB, 0xDEDB,
    0xDEDB, 0xDEDB, 0xDEDB, 0xDEDB, 0xDEDB, 0xDEDB, 0xDEDB, 0xDEDB, 0xDEDB, 0xDEDB, 0xDEDB, 0xDEDB,
    0xDEDB, 0x9BE9, 0x9BE9, 0x9BE9, 0x9BE9, 0x9BE9, 0x9BE9, 0x9BE9, 0x9BE9, 0x9BE9, 0x9BE9, 0x9BE9,
    0x9BE9, 0x9BE9, 0x9BE9, 0x9BE9, 0x9BE9, 0x9BE9, 0x9BE9, 0x9BE9, 0x9BE9, 0x9BE9, 0x9BE9, 0x9BE9,
    0x9BE9, 0x9BE9, 0x9BE9, 0x9BE9, 0x9BE9, 0x9BE9, 0x9BE9, 0x9BE9, 0x9BE9, 0x9BE9, 0x9BE9, 0x9BE9,
    0x9BE9, 0x9BE9, 0x9BE9, 0x9BE9, 0x9BE9, 0x9BE9, 0x9BE9, 0x9BE9, 0x9BE9, 0x9BE9, 0x9BE9, 0x9BE9,
    0x9BE9, 0x9BE9, 0x9BE9, 0x9BE9, 0x9BE9, 0x9BE9, 0x9BE9, 0x9BE9, 0x9BE9, 0x9BE9, 0x9BE9, 0x9BE9,
    0x9BE9, 0x9BE9, 0x9BE9, 0x9BE9, 0x9BE9, 0x9BE9, 0x9BE9, 0x9BE9, 0x9BE9, 0x9BE9, 0x9BE9, 0x9BE9,
    0x9BE9, 0x9BE9, 0x9BE9, 0x9BE9, 0x9BE9, 0x9BE9, 0x9BE9, 0x9BE9, 0x9BE9, 0x9BE9, 0x9BE9, 0x9BE9,
    0x9BE9, 0x9BE9, 0x9BE9, 0x9BE9, 0x9BE9, 0x9BE9, 0x9BE9, 0x9BE9, 0x9BE9, 0x9BE9, 0x9BE9, 0x9BE9,
    0x9BE9, 0x9BE9, 0x9BE9, 0x9BE9, 0x9BE9, 0x9BE9, 0x9BE9, 0x9BE9, 0x9BE9, 0x9BE9, 0x9BE9, 0x9BE9,
    0x9BE9, 0x9BE9, 0x9BE9, 0x9BE9, 0x9BE9, 0x9BE9, 0x9BE9, 0x9BE9, 0x9BE9, 0x9BE9, 0x9BE9, 0x9BE9,
    0x9BE9, 0x9BE9, 0x9BE9, 0x9BE9, 0x9BE9, 0x9BE9, 0x9BE9, 0x9BE9, 0x9BE9, 0x9BE9, 0x9BE9, 0x9BE9,
    0x9BE9, 0x9BE9, 0x9BE9, 0x9BE9, 0x9BE9, 0x9BE9, 0x9BE9, 0x9BE9, 0x9BE9, 0x9BE9, 0x9BE9, 0x9BE9,
    0x9BE9, 0x9BE9, 0x9BE9, 0x9BE9, 0x9BE9, 0x9BE9, 0x9BE9, 0x9BE9, 0x9BE9, 0x9BE9, 0x9BE9, 0x9BE9,
    0x9BE9, 0x9BE9, 0x9BE9, 0x9BE9, 0x9BE9, 0x9BE9, 0x31A6, 0x0000, 0x59E5, 0x8308, 0x8308, 0x8308,
    0x59E5, 0x8308, 0x59E5, 0x59E5, 0x8308, 0x8308, 0x59E5, 0x59E5, 0x8308, 0x8308, 0x8308, 0x8308,
    0x59E5, 0x8308, 0x8308, 0x8308, 0x59E5, 0x8308, 0x59E5, 0x59E5, 0x8308, 0x8308, 0x59E5, 0x59E5,
    0x8308, 0x8308, 0x8308, 0x8308, 0x59E5, 0x8308, 0x8308, 0x8308, 0x59E5, 0x8308, 0x59E5, 0x59E5,
    0x8308, 0x8308, 0x59E5, 0x59E5, 0x8308, 0x8308, 0x8308, 0x8308, 0x59E5, 0x8308, 0x8308, 0x8308,
    0x59E5, 0x8308, 0x59E5, 0x59E5, 0x8308, 0x8308, 0x59E5, 0x59E5, 0x59E5, 0x8308, 0x59E5, 0x8308,
    0x8308, 0x8308, 0x8308, 0x8308, 0x8308, 0x8308, 0x59E5, 0x59E5, 0x8308, 0x8308, 0x59E5, 0x59E5,
    0x59E5, 0x8308, 0x59E5, 0x8308, 0x8308, 0x8308, 0x8308, 0x8308, 0x8308, 0x8308, 0x59E5, 0x59E5,
    0x8308, 0x8308, 0x59E5, 0x59E5, 0x59E5, 0x8308, 0x59E5, 0x8308, 0x8308, 0x8308, 0x8308, 0x8308,
    0x8308, 0x8308, 0x59E5, 0x59E5, 0x8308, 0x8308, 0x59E5, 0x59E5, 0x59E5, 0x8308, 0x59E5, 0x8308,
    0x8308, 0x8308, 0x8308, 0x8308, 0x8308, 0x8308, 0x59E5, 0x59E5, 0x0000, 0xC638, 0x9BE9, 0x9BE9,
    0x9BE9, 0x9BE9, 0x9BE9, 0x9BE9, 0x9BE9, 0x9BE9, 0x9BE9, 0x9BE9, 0x9BE9, 0x9BE9, 0x9BE9, 0x9BE9,
    0x9BE9, 0xDEDB, 0xDEDB, 0xDEDB, 0xDEDB, 0xDEDB, 0xDEDB, 0xDEDB, 0xDEDB, 0xDEDB, 0xDEDB, 0xDEDB,
    0xDEDB, 0xDEDB, 0xDEDB, 0xDEDB, 0xDEDB, 0x9BE9, 0x9BE9, 0x9BE9, 0x9BE9, 0x9BE9, 0x9BE9, 0x9BE9,
    0x9BE9, 0x9BE9, 0x9BE9, 0x9BE9, 0x9BE9, 0x9BE9, 0x9BE9, 0x9BE9, 0x9BE9, 0x9BE9, 0x9BE9, 0x9BE9,
    0x9BE9, 0x9BE9, 0x9BE9, 0x9BE9, 0x9BE9, 0x9BE9, 0x9BE9, 0x9BE9, 0x9BE9, 0x9BE9, 0x9BE9, 0x9BE9,
    0x9BE9, 0x9BE9, 0x9BE9, 0x9BE9, 0x9BE9, 0x9BE9, 0x9BE9, 0x9BE9, 0x9BE9, 0x9BE9, 0x9BE9, 0x9BE9,
    0x9BE9, 0x9BE9, 0x9BE9, 0x9BE9, 0x9BE9, 0x9BE9, 0x9BE9, 0x9BE9, 0x9BE9, 0x9BE9, 0x9BE9, 0x9BE9,
    0x9BE9, 0x9BE9, 0x9BE9, 0x9BE9, 0x9BE9, 0x9BE9, 0x9BE9, 0x9BE9, 0x9BE9, 0x9BE9, 0x9BE9, 0x9BE9,
    0x9BE9, 0x9BE9, 0x9BE9, 0x9BE9, 0x9BE9, 0x9BE9, 0x9BE9, 0x9BE9, 0x9BE9, 0x9BE9, 0x9BE9, 0x9BE9,
    0x9BE9, 0x9BE9, 0x9BE9, 0x9BE9, 0x9BE9, 0x9BE9, 0x9BE9, 0x9BE9, 0x9BE9, 0x9BE9, 0x9BE9, 0x9BE9,
    0x9BE9, 0x9BE9, 0x9BE9, 0x9BE9, 0x9BE9, 0x9BE9, 0x9BE9, 0x9BE9, 0x9BE9, 0x9BE9, 0x9BE9, 0x9BE9,
    0x9BE9, 0x9BE9, 0x9BE9, 0x9BE9, 0x9BE9, 0x9BE9, 0x9BE9, 0x9BE9, 0x9BE9, 0x9BE9, 0x9BE9, 0x9BE9,
    0x9BE9, 0x9BE9, 0x9BE9, 0x9BE9, 0x9BE9, 0x9BE9, 0x9BE9, 0x9BE9, 0x9BE9, 0x9BE9, 0x9BE9, 0x9BE9,
    0x9BE9, 0x9BE9, 0x9BE9, 0x9BE9, 0x9BE9, 0x9BE9, 0x9BE9, 0x9BE9, 0x9BE9, 0x9BE9, 0x9BE9, 0x9BE9,
    0x9BE9, 0x9BE9, 0x9BE9, 0x9BE9, 0x9BE9, 0x9BE9, 0x9BE9, 0x9BE9, 0x9BE9, 0x9BE9, 0x9BE9, 0x9BE9,
    0x9BE9, 0x9BE9, 0x9BE9, 0x9BE9, 0x9BE9, 0x9BE9, 0x9BE9, 0x9BE9, 0x9BE9, 0x9BE9, 0x9BE9, 0x9BE9,
    0x9BE9, 0x9BE9, 0x31A6, 0x0000, 0x8308, 0x8308, 0x8308, 0x8308, 0x8308, 0x8308, 0x59E5, 0x59E5,
    0x8308, 0x8308, 0x59E5, 0x59E5, 0x59E5, 0x8308, 0x59E5, 0x8308, 0x8308, 0x8308, 0x8308, 0x8308,
    0x8308, 0x8308, 0x59E5, 0x59E5, 0x8308, 0x8308, 0x59E5, 0x59E5, 0x59E5, 0x8308, 0x59E5, 0x8308,
    0x8308, 0x8308, 0x8308, 0x8308, 0x8308, 0x8308, 0x59E5, 0x59E5, 0x8308, 0x8308, 0x59E5, 0x59E5,
    0x59E5, 0x8308, 0x59E5, 0x8308, 0x8308, 0x8308, 0x8308, 0x8308, 0x8308, 0x8308, 0x59E5, 0x59E5,
    0x8308, 0x8308, 0x59E5, 0x59E5, 0x8308, 0x8308, 0x59E5, 0x8308, 0x8308, 0x8308, 0x8308, 0x59E5,
    0x59E5, 0x8308, 0x59E5, 0x8308, 0x59E5, 0x8308, 0x8308, 0x59E5, 0x8308, 0x8308, 0x59E5, 0x8308,
    0x8308, 0x8308, 0x8308, 0x59E5, 0x59E5, 0x8308, 0x59E5, 0x8308, 0x59E5, 0x8308, 0x8308, 0x59E5,
    0x8308, 0x8308, 0x59E5, 0x8308, 0x8308, 0x8308, 0x8308, 0x59E5, 0x59E5, 0x8308, 0x59E5, 0x8308,
    0x59E5, 0x8308, 0x8308, 0x59E5, 0x8308, 0x8308, 0x59E5, 0x8308, 0x8308, 0x8308, 0x8308, 0x59E5,
    0x59E5, 0x8308, 0x59E5, 0x8308, 0x0000, 0xC638, 0x9BE9, 0x9BE9, 0x9BE9, 0x9BE9, 0x9BE9, 0x9BE9,
    0x9BE9, 0x9BE9, 0x9BE9, 0x9BE9, 0x9BE9, 0x9BE9, 0x9BE9, 0x9BE9, 0x9BE9, 0xDEDB, 0xDEDB, 0xDEDB,
    0xDEDB, 0xDEDB, 0xDEDB, 0xDEDB, 0xDEDB, 0xDEDB, 0xDEDB, 0xDEDB, 0xDEDB, 0xDEDB, 0xDEDB, 0xDEDB,
    0xDEDB, 0x9BE9, 0x9BE9, 0x9BE9, 0x9BE9, 0x9BE9, 0x9BE9, 0x9BE9, 0x9BE9, 0x9BE9, 0x9BE9, 0x9BE9,
    0x9BE9, 0x9BE9, 0x9BE9, 0x9BE9, 0x9BE9, 0x9BE9, 0x9BE9, 0x9BE9, 0x9BE9, 0x9BE9, 0x9BE9, 0x9BE9,
    0x9BE9, 0x9BE9, 0x9BE9, 0x9BE9, 0x9BE9, 0x9BE9, 0x9BE9, 0x9BE9, 0x9BE9, 0x9BE9, 0x9BE9, 0x9BE9,
    0x9BE9, 0x9BE9, 0x9BE9, 0x9BE9, 0x9BE9, 0x9BE9, 0x9BE9, 0x9BE9, 0x9BE9, 0x9BE9, 0x9BE9, 0x9BE9,
    0x9BE9, 0x9BE9, 0x9BE9, 0x9BE9, 0x9BE9, 0x9BE9, 0x9BE9, 0x9BE9, 0x9BE9, 0x9BE9, 0x9BE9, 0x9BE9,
    0x9BE9, 0x9BE9, 0x9BE9, 0x9BE9, 0x9BE9, 0x9BE9, 0x9BE9, 0x9BE9, 0x9BE9, 0x9BE9, 0x9BE9, 0x9BE9,
    0x9BE9, 0x9BE9, 0x9BE9, 0x9BE9, 0x9BE9, 0x9BE9, 0x9BE9, 0x9BE9, 0x9BE9, 0x9BE9, 0x9BE9, 0x9BE9,
    0x9BE9, 0x9BE9, 0x9BE9, 0x9BE9, 0x9BE9, 0x9BE9, 0x9BE9, 0x9BE9, 0x9BE9, 0x9BE9, 0x9BE9, 0x9BE9,
    0x9BE9, 0x9BE9, 0x9BE9, 0x9BE9, 0x9BE9, 0x9BE9, 0x9BE9, 0x9BE9, 0x9BE9, 0x9BE9, 0x9BE9, 0x9BE9,
    0x9BE9, 0x9BE9, 0x9BE9, 0x9BE9, 0x9BE9, 0x9BE9, 0x9BE9, 0x9BE9, 0x9BE9, 0x9BE9, 0x9BE9, 0x9BE9,
    0x9BE9, 0x9BE9, 0x9BE9, 0x9BE9, 0x9BE9, 0x9BE9, 0x9BE9, 0x9BE9, 0x9BE9, 0x9BE9, 0x9BE9, 0x9BE9,
    0x9BE9, 0x9BE9, 0x9BE9, 0x9BE9, 0x9BE9, 0x9BE9, 0x9BE9, 0x9BE9, 0x9BE9, 0x9BE9, 0x9BE9, 0x9BE9,
    0x9BE9, 0x9BE9, 0x9BE9, 0x9BE9, 0x9BE9, 0x9BE9, 0x9BE9, 0x9BE9, 0x9BE9, 0x9BE9, 0x9BE9, 0x9BE9,
    0x9BE9, 0x9BE9, 0x9BE9, 0x9BE9, 0x9BE9, 0x9BE9, 0x9BE9, 0x9BE9, 0x9BE9, 0x9BE9, 0x31A6, 0x0000,
    0x8308, 0x8308, 0x8308, 0x59E5, 0x59E5, 0x8308, 0x59E5, 0x8308, 0x59E5, 0x8308, 0x8308, 0x59E5,
    0x8308, 0x8308, 0x59E5, 0x8308, 0x8308, 0x8308, 0x8308, 0x59E5, 0x59E5, 0x8308, 0x59E5, 0x8308,
    0x59E5, 0x8308, 0x8308, 0x59E5, 0x8308, 0x8308, 0x59E5, 0x8308, 0x8308, 0x8308, 0x8308, 0x59E5,
    0x59E5, 0x8308, 0x59E5, 0x8308, 0x59E5, 0x8308, 0x8308, 0x59E5, 0x8308, 0x8308, 0x59E5, 0x8308,
    0x8308, 0x8308, 0x8308, 0x59E5, 0x59E5, 0x8308, 0x59E5, 0x8308, 0x59E5, 0x8308, 0x8308, 0x59E5,
    0x59E5, 0x8308, 0x59E5, 0x59E5, 0x8308, 0x8308, 0x8308, 0x59E5, 0x8308, 0x59E5, 0x59E5, 0x59E5,
    0x8308, 0x59E5, 0x59E5, 0x8308, 0x59E5, 0x8308, 0x59E5, 0x59E5, 0x8308, 0x8308, 0x8308, 0x59E5,
    0x8308, 0x59E5, 0x59E5, 0x59E5, 0x8308, 0x59E5, 0x59E5, 0x8308, 0x59E5, 0x8308, 0x59E5, 0x59E5,
    0x8308, 0x8308, 0x8308, 0x59E5, 0x8308, 0x59E5, 0x59E5, 0x59E5, 0x8308, 0x59E5, 0x59E5, 0x8308,
    0x59E5, 0x8308, 0x59E5, 0x59E5, 0x8308, 0x8308, 0x8308, 0x59E5, 0x8308, 0x59E5, 0x59E5, 0x59E5,
    0x0000, 0xC638, 0x9BE9, 0x9BE9, 0x9BE9, 0x9BE9, 0x9BE9, 0x9BE9, 0x9BE9, 0x9BE9, 0x9BE9, 0x9BE9,
    0x9BE9, 0x9BE9, 0x9BE9, 0x9BE9, 0x9BE9, 0x9BE9, 0x9BE9, 0x9BE9, 0x9BE9, 0x9BE9, 0x9BE9, 0xDEDB,
    0xDEDB, 0xDEDB, 0xDEDB, 0x0000, 0x0000, 0x51E4, 0x51E4, 0x9BE9, 0x9BE9, 0x9BE9, 0x9BE9, 0x9BE9,
    0x9BE9, 0x9BE9, 0x9BE9, 0x9BE9, 0x9BE9, 0x9BE9, 0x9BE9, 0x9BE9, 0x9BE9, 0x9BE9, 0x9BE9, 0x9BE9,
    0x9BE9, 0x9BE9, 0x9BE9, 0x9BE9, 0x9BE9, 0x9BE9, 0x9BE9, 0x9BE9, 0x9BE9, 0x9BE9, 0x9BE9, 0x9BE9,
    0x9BE9, 0x9BE9, 0x9BE9, 0x9BE9, 0x9BE9, 0x9BE9, 0x9BE9, 0x9BE9, 0x9BE9, 0x9BE9, 0x9BE9, 0x9BE9,
    0x9BE9, 0x9BE9, 0x9BE9, 0x9BE9, 0x9BE9, 0x9BE9, 0x9BE9, 0x9BE9, 0x9BE9, 0x9BE9, 0x9BE9, 0x9BE9,
    0x9BE9, 0x9BE9, 0x9BE9, 0x9BE9, 0x9BE9, 0x9BE9, 0x9BE9, 0x9BE9, 0x9BE9, 0x9BE9, 0x9BE9, 0x9BE9,
    0x9BE9, 0x9BE9, 0x9BE9, 0x9BE9, 0x9BE9, 0x9BE9, 0x9BE9, 0x9BE9, 0x9BE9, 0x9BE9, 0x9BE9, 0x9BE9,
    0x9BE9, 0x9BE9, 0x9BE9, 0x9BE9, 0x9BE9, 0x9BE9, 0x9BE9, 0x9BE9, 0x9BE9, 0x9BE9, 0x9BE9, 0x9BE9,
    0x9BE9, 0x9BE9, 0x9BE9, 0x9BE9, 0x9BE9, 0x9BE9, 0x9BE9, 0x9BE9, 0x9BE9, 0x9BE9, 0x9BE9, 0x9BE9,
    0x9BE9, 0x9BE9, 0x9BE9, 0x9BE9, 0x9BE9, 0x9BE9, 0x9BE9, 0x9BE9, 0x9BE9, 0x9BE9, 0x9BE9, 0x9BE9,
    0x9BE9, 0x9BE9, 0x9BE9, 0x9BE9, 0x9BE9, 0x9BE9, 0x9BE9, 0x9BE9, 0x9BE9, 0x9BE9, 0x9BE9, 0x9BE9,
    0x9BE9, 0x9BE9, 0x9BE9, 0x9BE9, 0x9BE9, 0x9BE9, 0x9BE9, 0x9BE9, 0x9BE9, 0x9BE9, 0x9BE9, 0x9BE9,
    0x9BE9, 0x9BE9, 0x9BE9, 0x9BE9, 0x9BE9, 0x9BE9, 0x9BE9, 0x9BE9, 0x9BE9, 0x9BE9, 0x9BE9, 0x9BE9,
    0x9BE9, 0x9BE9, 0x9BE9, 0x9BE9, 0x9BE9, 0x9BE9, 0x9BE9, 0x9BE9, 0x9BE9, 0x9BE9, 0x9BE9, 0x9BE9,
    0x9BE9, 0x9BE9, 0x9BE9, 0x9BE9, 0x9BE9, 0x9BE9, 0x31A6, 0x0000, 0x8308, 0x8308, 0x8308, 0x59E5,
    0x8308, 0x59E5, 0x59E5, 0x59E5, 0x8308, 0x59E5, 0x59E5, 0x8308, 0x59E5, 0x8308, 0x59E5, 0x59E5,
    0x8308, 0x8308, 0x8308, 0x59E5, 0x8308, 0x59E5, 0x59E5, 0x59E5, 0x8308, 0x59E5, 0x59E5, 0x8308,
    0x59E5, 0x8308, 0x59E5, 0x59E5, 0x8308, 0x8308, 0x8308, 0x59E5, 0x8308, 0x59E5, 0x59E5, 0x59E5,
    0x8308, 0x59E5, 0x59E5, 0x8308, 0x59E5, 0x8308, 0x59E5, 0x59E5, 0x8308, 0x8308, 0x8308, 0x59E5,
    0x8308, 0x59E5, 0x59E5, 0x59E5, 0x8308, 0x59E5, 0x59E5, 0x8308, 0x8308, 0x59E5, 0x8308, 0x8308,
    0x8308, 0x8308, 0x8308, 0x8308, 0x59E5, 0x59E5, 0x59E5, 0x8308, 0x8308, 0x8308, 0x59E5, 0x8308,
    0x8308, 0x59E5, 0x8308, 0x8308, 0x8308, 0x8308, 0x8308, 0x8308, 0x59E5, 0x59E5, 0x59E5, 0x8308,
    0x8308, 0x8308, 0x59E5, 0x8308, 0x8308, 0x59E5, 0x8308, 0x8308, 0x8308, 0x8308, 0x8308, 0x8308,
    0x59E5, 0x59E5, 0x59E5, 0x8308, 0x8308, 0x8308, 0x59E5, 0x8308, 0x8308, 0x59E5, 0x8308, 0x8308,
    0x8308, 0x8308, 0x8308, 0x8308, 0x59E5, 0x59E5, 0x59E5, 0x8308, 0x0000, 0xC638, 0x9BE9, 0x9BE9,
    0x9BE9, 0x9BE9, 0x9BE9, 0x9BE9, 0x9BE9, 0x9BE9, 0x9BE9, 0x9BE9, 0x9BE9, 0x9BE9, 0x9BE9, 0x9BE9,
    0x9BE9, 0x9BE9, 0x9BE9, 0x9BE9, 0x9BE9, 0x9BE9, 0x9BE9, 0xDEDB, 0xDEDB, 0xDEDB, 0xDEDB, 0x0000,
    0x0000, 0x51E4, 0x51E4, 0x9BE9, 0x9BE9, 0x9BE9, 0x9BE9, 0x9BE9, 0x9BE9, 0x9BE9, 0x9BE9, 0x9BE9,
    0x9BE9, 0x9BE9, 0x9BE9, 0x9BE9, 0x9BE9, 0x9BE9, 0x9BE9, 0x9BE9, 0x9BE9, 0x9BE9, 0x9BE9, 0x9BE9,
    0x9BE9, 0x9BE9, 0x9BE9, 0x9BE9, 0x9BE9, 0x9BE9, 0x9BE9, 0x9BE9, 0x9BE9, 0x9BE9, 0x9BE9, 0x9BE9,
    0x9BE9, 0x9BE9, 0x9BE9, 0x9BE9, 0x9BE9, 0x9BE9, 0x9BE9, 0x9BE9, 0x9BE9, 0x9BE9, 0x9BE9, 0x9BE9,
    0x9BE9, 0x9BE9, 0x9BE9, 0x9BE9, 0x9BE9, 0x9BE9, 0x9BE9, 0x9BE9, 0x9BE9, 0x9BE9, 0x9BE9, 0x9BE9,
    0x9BE9, 0x9BE9, 0x9BE9, 0x9BE9, 0x9BE9, 0x9BE9, 0x9BE9, 0x9BE9, 0x9BE9, 0x9BE9, 0x9BE9, 0x9BE9,
    0x9BE9, 0x9BE9, 0x9BE9, 0x9BE9, 0x9BE9, 0x9BE9, 0x9BE9, 0x9BE9, 0x9BE9, 0x9BE9, 0x9BE9, 0x9BE9,
    0x9BE9, 0x9BE9, 0x9BE9, 0x9BE9, 0x9BE9, 0x9BE9, 0x9BE9, 0x9BE9, 0x9BE9, 0x9BE9, 0x9BE9, 0x9BE9,
    0x9BE9, 0x9BE9, 0x9BE9, 0x9BE9, 0x9BE9, 0x9BE9, 0x9BE9, 0x9BE9, 0x9BE9, 0x9BE9, 0x9BE9, 0x9BE9,
    0x9BE9, 0x9BE9, 0x9BE9, 0x9BE9, 0x9BE9, 0x9BE9, 0x9BE9, 0x9BE9, 0x9BE9, 0x9BE9, 0x9BE9, 0x9BE9,
    0x9BE9, 0x9BE9, 0x9BE9, 0x9BE9, 0x9BE9, 0x9BE9, 0x9BE9, 0x9BE9, 0x9BE9, 0x9BE9, 0x9BE9, 0x9BE9,
    0x9BE9, 0x9BE9, 0x9BE9, 0x9BE9, 0x9BE9, 0x9BE9, 0x9BE9, 0x9BE9, 0x9BE9, 0x9BE9, 0x9BE9, 0x9BE9,
    0x9BE9, 0x9BE9, 0x9BE9, 0x9BE9, 0x9BE9, 0x9BE9, 0x9BE9, 0x9BE9, 0x9BE9, 0x9BE9, 0x9BE9, 0x9BE9,
    0x9BE9, 0x9BE9, 0x9BE9, 0x9BE9, 0x9BE9, 0x9BE9, 0x9BE9, 0x9BE9, 0x9BE9, 0x9BE9, 0x9BE9, 0x9BE9,
    0x9BE9, 0x9BE9, 0x31A6, 0x0000, 0x8308, 0x8308, 0x8308, 0x8308, 0x59E5, 0x59E5, 0x59E5, 0x8308,
    0x8308, 0x8308, 0x59E5, 0x8308, 0x8308, 0x59E5, 0x8308, 0x8308, 0x8308, 0x8308, 0x8308, 0x8308,
    0x59E5, 0x59E5, 0x59E5, 0x8308, 0x8308, 0x8308, 0x59E5, 0x8308, 0x8308, 0x59E5, 0x8308, 0x8308,
    0x8308, 0x8308, 0x8308, 0x8308, 0x59E5, 0x59E5, 0x59E5, 0x8308, 0x8308, 0x8308, 0x59E5, 0x8308,
    0x8308, 0x59E5, 0x8308, 0x8308, 0x8308, 0x8308, 0x8308, 0x8308, 0x59E5, 0x59E5, 0x59E5, 0x8308,
    0x8308, 0x8308, 0x59E5, 0x8308, 0x8308, 0x8308, 0x8308, 0x8308, 0x59E5, 0x8308, 0x8308, 0x8308,
    0x8308, 0x8308, 0x8308, 0x8308, 0x8308, 0x8308, 0x8308, 0x8308, 0x8308, 0x8308, 0x8308, 0x8308,
    0x59E5, 0x8308, 0x8308, 0x8308, 0x8308, 0x8308, 0x8308, 0x8308, 0x8308, 0x8308, 0x8308, 0x8308,
    0x8308, 0x8308, 0x8308, 0x8308, 0x59E5, 0x8308, 0x8308, 0x8308, 0x8308, 0x8308, 0x8308, 0x8308,
    0x8308, 0x8308, 0x8308, 0x8308, 0x8308, 0x8308, 0x8308, 0x8308, 0x59E5, 0x8308, 0x8308, 0x8308,
    0x8308, 0x8308, 0x8308, 0x8308, 0x0000, 0xC638, 0x9BE9, 0x9BE9, 0x9BE9, 0x9BE9, 0x9BE9, 0x9BE9,
    0x9BE9, 0x9BE9, 0x9BE9, 0x9BE9, 0x9BE9, 0x9BE9, 0x9BE9, 0x9BE9, 0x9BE9, 0x9BE9, 0x9BE9, 0x9BE9,
    0x9BE9, 0xDEDB, 0xDEDB, 0xDEDB, 0xDEDB, 0x0000, 0x0000, 0x51E4, 0x51E4, 0x9BE9, 0x9BE9, 0x9BE9,
    0x9BE9, 0x9BE9, 0x9BE9, 0x9BE9, 0x9BE9, 0x9BE9, 0x9BE9, 0x9BE9, 0x9BE9, 0x9BE9, 0x9BE9, 0x9BE9,
    0x9BE9, 0x9BE9, 0x9BE9, 0x9BE9, 0x9BE9, 0x9BE9, 0x9BE9, 0x9BE9, 0x9BE9, 0x9BE9, 0x9BE9, 0x9BE9,
    0x9BE9, 0x9BE9, 0x9BE9, 0x9BE9, 0x9BE9, 0x9BE9, 0x9BE9, 0x9BE9, 0x9BE9, 0x9BE9, 0x9BE9, 0x9BE9,
    0x9BE9, 0x9BE9, 0x9BE9, 0x9BE9, 0x9BE9, 0x9BE9, 0x9BE9, 0x9BE9, 0x9BE9, 0x9BE9, 0x9BE9, 0x9BE9,
    0x9BE9, 0x9BE9, 0x9BE9, 0x9BE9, 0x9BE9, 0x9BE9, 0x9BE9, 0x9BE9, 0x9BE9, 0x9BE9, 0x9BE9, 0x9BE9,
    0x9BE9, 0x9BE9, 0x9BE9, 0x9BE9, 0x9BE9, 0x9BE9, 0x9BE9, 0x9BE9, 0x9BE9, 0x9BE9, 0x9BE9, 0x9BE9,
    0x9BE9, 0x9BE9, 0x9BE9, 0x9BE9, 0x9BE9, 0x9BE9, 0x9BE9, 0x9BE9, 0x9BE9, 0x9BE9, 0x9BE9, 0x9BE9,
    0x9BE9, 0x9BE9, 0x9BE9, 0x9BE9, 0x9BE9, 0x9BE9, 0x9BE9, 0x9BE9, 0x9BE9, 0x9BE9, 0x9BE9, 0x9BE9,
    0x9BE9, 0x9BE9, 0x9BE9, 0x9BE9, 0x9BE9, 0x9BE9, 0x9BE9, 0x9BE9, 0x9BE9, 0x9BE9, 0x9BE9, 0x9BE9,
    0x9BE9, 0x9BE9, 0x9BE9, 0x9BE9, 0x9BE9, 0x9BE9, 0x9BE9, 0x9BE9, 0x9BE9, 0x9BE9, 0x9BE9, 0x9BE9,
    0x9BE9, 0x9BE9, 0x9BE9, 0x9BE9, 0x9BE9, 0x9BE9, 0x9BE9, 0x9BE9, 0x9BE9, 0x9BE9, 0x9BE9, 0x9BE9,
    0x9BE9, 0x9BE9, 0x9BE9, 0x9BE9, 0x9BE9, 0x9BE9, 0x9BE9, 0x9BE9, 0x9BE9, 0x9BE9, 0x9BE9, 0x9BE9,
    0x9BE9, 0x9BE9, 0x9BE9, 0x9BE9, 0x9BE9, 0x9BE9, 0x9BE9, 0x9BE9, 0x9BE9, 0x9BE9, 0x9BE9, 0x9BE9,
    0x9BE9, 0x9BE9, 0x9BE9, 0x9BE9, 0x9BE9, 0x9BE9, 0x9BE9, 0x9BE9, 0x9BE9, 0x9BE9, 0x31A6, 0x0000,
    0x59E5, 0x8308, 0x8308, 0x8308, 0x8308, 0x8308, 0x8308, 0x8308, 0x8308, 0x8308, 0x8308, 0x8308,
    0x8308, 0x8308, 0x8308, 0x8308, 0x59E5, 0x8308, 0x8308, 0x8308, 0x8308, 0x8308, 0x8308, 0x8308,
    0x8308, 0x8308, 0x8308, 0x8308, 0x8308, 0x8308, 0x8308, 0x8308, 0x59E5, 0x8308, 0x8308, 0x8308,
    0x8308, 0x8308, 0x8308, 0x8308, 0x8308, 0x8308, 0x8308, 0x8308, 0x8308, 0x8308, 0x8308, 0x8308,
    0x59E5, 0x8308, 0x8308, 0x8308, 0x8308, 0x8308, 0x8308, 0x8308, 0x8308, 0x8308, 0x8308, 0x8308,
    0x8308, 0x8308, 0x8308, 0x8308, 0x8308, 0x8308, 0x8308, 0x8308, 0x59E5, 0x8308, 0x8308, 0x8308,
    0x8308, 0x8308, 0x8308, 0x8308, 0x8308, 0x8308, 0x8308, 0x8308, 0x8308, 0x8308, 0x8308, 0x8308,
    0x59E5, 0x8308, 0x8308, 0x8308, 0x8308, 0x8308, 0x8308, 0x8308, 0x8308, 0x8308, 0x8308, 0x8308,
    0x8308, 0x8308, 0x8308, 0x8308, 0x59E5, 0x8308, 0x8308, 0x8308, 0x8308, 0x8308, 0x8308, 0x8308,
    0x8308, 0x8308, 0x8308, 0x8308, 0x8308, 0x8308, 0x8308, 0x8308, 0x59E5, 0x8308, 0x8308, 0x8308,
    0x0000, 0xC638, 0x9BE9, 0x9BE9, 0x9BE9, 0x9BE9, 0x9BE9, 0x9BE9, 0x9BE9, 0x9BE9, 0x9BE9, 0x9BE9,
    0x9BE9, 0x9BE9, 0x9BE9, 0x9BE9, 0x9BE9, 0x9BE9, 0x9BE9, 0x9BE9, 0x9BE9, 0xDEDB, 0xDEDB, 0xDEDB,
    0xDEDB, 0x0000, 0x0000, 0x51E4, 0x51E4, 0x9BE9, 0x9BE9, 0x9BE9, 0x9BE9, 0x9BE9, 0x9BE9, 0x9BE9,
    0x9BE9, 0x9BE9, 0x9BE9, 0x9BE9, 0x9BE9, 0x9BE9, 0x9BE9, 0x9BE9, 0x9BE9, 0x9BE9, 0x9BE9, 0x9BE9,
    0x9BE9, 0x9BE9, 0x9BE9, 0x9BE9, 0x9BE9, 0x9BE9, 0x9BE9, 0x9BE9, 0x9BE9, 0x9BE9, 0x9BE9, 0x9BE9,
    0x9BE9, 0x9BE9, 0x9BE9, 0x9BE9, 0x9BE9, 0x9BE9, 0x9BE9, 0x9BE9, 0x9BE9, 0x9BE9, 0x9BE9, 0x9BE9,
    0x9BE9, 0x9BE9, 0x9BE9, 0x9BE9, 0x9BE9, 0x9BE9, 0x9BE9, 0x9BE9, 0x9BE9, 0x9BE9, 0x9BE9, 0x9BE9,
    0x9BE9, 0x9BE9, 0x9BE9, 0x9BE9, 0x9BE9, 0x9BE9, 0x9BE9, 0x9BE9, 0x9BE9, 0x9BE9, 0x9BE9, 0x9BE9,
    0x9BE9, 0x9BE9, 0x9BE9, 0x9BE9, 0x9BE9, 0x9BE9, 0x9BE9, 0x9BE9, 0x9BE9, 0x9BE9, 0x9BE9, 0x9BE9,
    0x9BE9, 0x9BE9, 0x9BE9, 0x9BE9, 0x9BE9, 0x9BE9, 0x9BE9, 0x9BE9, 0x9BE9, 0x9BE9, 0x9BE9, 0x9BE9,
    0x9BE9, 0x9BE9, 0x9BE9, 0x9BE9, 0x9BE9, 0x9BE9, 0x9BE9, 0x9BE9, 0x9BE9, 0x9BE9, 0x9BE9, 0x9BE9,
    0x9BE9, 0x9BE9, 0x9BE9, 0x9BE9, 0x9BE9, 0x9BE9, 0x9BE9, 0x9BE9, 0x9BE9, 0x9BE9, 0x9BE9, 0x9BE9,
    0x9BE9, 0x9BE9, 0x9BE9, 0x9BE9, 0x9BE9, 0x9BE9, 0x9BE9, 0x9BE9, 0x9BE9, 0x9BE9, 0x9BE9, 0x9BE9,
    0x9BE9, 0x9BE9, 0x9BE9, 0x9BE9, 0x9BE9, 0x9BE9, 0x9BE9, 0x9BE9, 0x9BE9, 0x9BE9, 0x9BE9, 0x9BE9,
    0x9BE9, 0x9BE9, 0x9BE9, 0x9BE9, 0x9BE9, 0x9BE9, 0x9BE9, 0x9BE9, 0x9BE9, 0x9BE9, 0x9BE9, 0x9BE9,
    0x9BE9, 0x9BE9, 0x9BE9, 0x9BE9, 0x9BE9, 0x9BE9, 0x9BE9, 0x9BE9, 0x9BE9, 0x9BE9, 0x9BE9, 0x9BE9,
    0x9BE9, 0x9BE9, 0x9BE9, 0x9BE9, 0x9BE9, 0x9BE9, 0x31A6, 0x0000, 0x8308, 0x8308, 0x8308, 0x8308,
    0x59E5, 0x8308, 0x8308, 0x8308, 0x8308, 0x8308, 0x8308, 0x8308, 0x8308, 0x8308, 0x8308, 0x8308,
    0x8308, 0x8308, 0x8308, 0x8308, 0x59E5, 0x8308, 0x8308, 0x8308, 0x8308, 0x8308, 0x8308, 0x8308,
    0x8308, 0x8308, 0x8308, 0x8308, 0x8308, 0x8308, 0x8308, 0x8308, 0x59E5, 0x8308, 0x8308, 0x8308,
    0x8308, 0x8308, 0x8308, 0x8308, 0x8308, 0x8308, 0x8308, 0x8308, 0x8308, 0x8308, 0x8308, 0x8308,
    0x59E5, 0x8308, 0x8308, 0x8308, 0x8308, 0x8308, 0x8308, 0x8308, 0x8308, 0x8308, 0x59E5, 0x8308,
    0x59E5, 0x8308, 0x8308, 0x59E5, 0x8308, 0x8308, 0x8308, 0x8308, 0x59E5, 0x59E5, 0x8308, 0x8308,
    0x8308, 0x8308, 0x59E5, 0x8308, 0x59E5, 0x8308, 0x8308, 0x59E5, 0x8308, 0x8308, 0x8308, 0x8308,
    0x59E5, 0x59E5, 0x8308, 0x8308, 0x8308, 0x8308, 0x59E5, 0x8308, 0x59E5, 0x8308, 0x8308, 0x59E5,
    0x8308, 0x8308, 0x8308, 0x8308, 0x59E5, 0x59E5, 0x8308, 0x8308, 0x8308, 0x8308, 0x59E5, 0x8308,
    0x59E5, 0x8308, 0x8308, 0x59E5, 0x8308, 0x8308, 0x8308, 0x8308, 0x0000, 0xC638, 0x9BE9, 0x9BE9,
    0x9BE9, 0x9BE9, 0x9BE9, 0x9BE9, 0x9BE9, 0x9BE9, 0x9BE9, 0x9BE9, 0x9BE9, 0x9BE9, 0x9BE9, 0x9BE9,
    0x9BE9, 0x9BE9, 0x9BE9, 0x9BE9, 0x9BE9, 0xDEDB, 0xDEDB, 0x0000, 0x0000, 0x51E4, 0x51E4, 0x9BE9,
    0x9BE9, 0x9BE9, 0x9BE9, 0x9BE9, 0x9BE9, 0x9BE9, 0x9BE9, 0x9BE9, 0x9BE9, 0x9BE9, 0x9BE9, 0x9BE9,
    0x9BE9, 0x9BE9, 0x9BE9, 0x9BE9, 0x9BE9, 0x9BE9, 0x9BE9, 0x9BE9, 0x9BE9, 0x9BE9, 0x9BE9, 0x9BE9,
    0x9BE9, 0x9BE9, 0x9BE9, 0x9BE9, 0x9BE9, 0x9BE9, 0x9BE9, 0x9BE9, 0x9BE9, 0x9BE9, 0x9BE9, 0x9BE9,
    0x9BE9, 0x9BE9, 0x9BE9, 0x9BE9, 0x9BE9, 0x9BE9, 0x9BE9, 0x9BE9, 0x9BE9, 0x9BE9, 0x9BE9, 0x9BE9,
    0x9BE9, 0x9BE9, 0x9BE9, 0x9BE9, 0x9BE9, 0x9BE9, 0x9BE9, 0x9BE9, 0x9BE9, 0x9BE9, 0x9BE9, 0x9BE9,
    0x9BE9, 0x9BE9, 0x9BE9, 0x9BE9, 0x9BE9, 0x9BE9, 0x9BE9, 0x9BE9, 0x9BE9, 0x9BE9, 0x9BE9, 0x9BE9,
    0x9BE9, 0x9BE9, 0x9BE9, 0x9BE9, 0x9BE9, 0x9BE9, 0x9BE9, 0x9BE9, 0x9BE9, 0x9BE9, 0x9BE9, 0x9BE9,
    0x9BE9, 0x9BE9, 0x9BE9, 0x9BE9, 0x9BE9, 0x9BE9, 0x9BE9, 0x9BE9, 0x9BE9, 0x9BE9, 0x9BE9, 0x9BE9,
    0x9BE9, 0x9BE9, 0x9BE9, 0x9BE9, 0x9BE9, 0x9BE9, 0x9BE9, 0x9BE9, 0x9BE9, 0x9BE9, 0x9BE9, 0x9BE9,
    0x9BE9, 0x9BE9, 0x9BE9, 0x9BE9, 0x9BE9, 0x9BE9, 0x9BE9, 0x9BE9, 0x9BE9, 0x9BE9, 0x9BE9, 0x9BE9,
    0x9BE9, 0x9BE9, 0x9BE9, 0x9BE9, 0x9BE9, 0x9BE9, 0x9BE9, 0x9BE9, 0x9BE9, 0x9BE9, 0x9BE9, 0x9BE9,
    0x9BE9, 0x9BE9, 0x9BE9, 0x9BE9, 0x9BE9, 0x9BE9, 0x9BE9, 0x9BE9, 0x9BE9, 0x9BE9, 0x9BE9, 0x9BE9,
    0x9BE9, 0x9BE9, 0x9BE9, 0x9BE9, 0x9BE9, 0x9BE9, 0x9BE9, 0x9BE9, 0x9BE9, 0x9BE9, 0x9BE9, 0x9BE9,
    0x9BE9, 0x9BE9, 0x9BE9, 0x9BE9, 0x9BE9, 0x9BE9, 0x9BE9, 0x9BE9, 0x9BE9, 0x9BE9, 0x9BE9, 0x9BE9,
    0x9BE9, 0x9BE9, 0x31A6, 0x0000, 0x59E5, 0x8308, 0x8308, 0x59E5, 0x8308, 0x8308, 0x8308, 0x8308,
    0x59E5, 0x59E5, 0x8308, 0x8308, 0x8308, 0x8308, 0x59E5, 0x8308, 0x59E5, 0x8308, 0x8308, 0x59E5,
    0x8308, 0x8308, 0x8308, 0x8308, 0x59E5, 0x59E5, 0x8308, 0x8308, 0x8308, 0x8308, 0x59E5, 0x8308,
    0x59E5, 0x8308, 0x8308, 0x59E5, 0x8308, 0x8308, 0x8308, 0x8308, 0x59E5, 0x59E5, 0x8308, 0x8308,
    0x8308, 0x8308, 0x59E5, 0x8308, 0x59E5, 0x8308, 0x8308, 0x59E5, 0x8308, 0x8308, 0x8308, 0x8308,
    0x59E5, 0x59E5, 0x8308, 0x8308, 0x59E5, 0x59E5, 0x8308, 0x8308, 0x8308, 0x8308, 0x8308, 0x8308,
    0x59E5, 0x8308, 0x8308, 0x8308, 0x8308, 0x8308, 0x8308, 0x8308, 0x59E5, 0x59E5, 0x8308, 0x8308,
    0x8308, 0x8308, 0x8308, 0x8308, 0x59E5, 0x8308, 0x8308, 0x8308, 0x8308, 0x8308, 0x8308, 0x8308,
    0x59E5, 0x59E5, 0x8308, 0x8308, 0x8308, 0x8308, 0x8308, 0x8308, 0x59E5, 0x8308, 0x8308, 0x8308,
    0x8308, 0x8308, 0x8308, 0x8308, 0x59E5, 0x59E5, 0x8308, 0x8308, 0x8308, 0x8308, 0x8308, 0x8308,
    0x59E5, 0x8308, 0x8308, 0x8308, 0x0000, 0xC638, 0x9BE9, 0x9BE9, 0x9BE9, 0x9BE9, 0x9BE9, 0x9BE9,
    0x9BE9, 0x9BE9, 0x9BE9, 0x9BE9, 0x9BE9, 0x9BE9, 0x9BE9, 0x9BE9, 0x9BE9, 0x9BE9, 0x9BE9, 0x9BE9,
    0x9BE9, 0xDEDB, 0xDEDB, 0x0000, 0x0000, 0x51E4, 0x51E4, 0x9BE9, 0x9BE9, 0x9BE9, 0x9BE9, 0x9BE9,
    0x9BE9, 0x9BE9, 0x9BE9, 0x9BE9, 0x9BE9, 0x9BE9, 0x9BE9, 0x9BE9, 0x9BE9, 0x9BE9, 0x9BE9, 0x9BE9,
    0x9BE9, 0x9BE9, 0x9BE9, 0x9BE9, 0x9BE9, 0x9BE9, 0x9BE9, 0x9BE9, 0x9BE9, 0x9BE9, 0x9BE9, 0x9BE9,
    0x9BE9, 0x9BE9, 0x9BE9, 0x9BE9, 0x9BE9, 0x9BE9, 0x9BE9, 0x9BE9, 0x9BE9, 0x9BE9, 0x9BE9, 0x9BE9,
    0x9BE9, 0x9BE9, 0x9BE9, 0x9BE9, 0x9BE9, 0x9BE9, 0x9BE9, 0x9BE9, 0x9BE9, 0x9BE9, 0x9BE9, 0x9BE9,
    0x9BE9, 0x9BE9, 0x9BE9, 0x9BE9, 0x9BE9, 0x9BE9, 0x9BE9, 0x9BE9, 0x9BE9, 0x9BE9, 0x9BE9, 0x9BE9,
    0x9BE9, 0x9BE9, 0x9BE9, 0x9BE9, 0x9BE9, 0x9BE9, 0x9BE9, 0x9BE9, 0x9BE9, 0x9BE9, 0x9BE9, 0x9BE9,
    0x9BE9, 0x9BE9, 0x9BE9, 0x9BE9, 0x9BE9, 0x9BE9, 0x9BE9, 0x9BE9, 0x9BE9, 0x9BE9, 0x9BE9, 0x9BE9,
    0x9BE9, 0x9BE9, 0x9BE9, 0x9BE9, 0x9BE9, 0x9BE9, 0x9BE9, 0x9BE9, 0x9BE9, 0x9BE9, 0x9BE9, 0x9BE9,
    0x9BE9, 0x9BE9, 0x9BE9, 0x9BE9, 0x9BE9, 0x9BE9, 0x9BE9, 0x9BE9, 0x9BE9, 0x9BE9, 0x9BE9, 0x9BE9,
    0x9BE9, 0x9BE9, 0x9BE9, 0x9BE9, 0x9BE9, 0x9BE9, 0x9BE9, 0x9BE9, 0x9BE9, 0x9BE9, 0x9BE9, 0x9BE9,
    0x9BE9, 0x9BE9, 0x9BE9, 0x9BE9, 0x9BE9, 0x9BE9, 0x9BE9, 0x9BE9, 0x9BE9, 0x9BE9, 0x9BE9, 0x9BE9,
    0x9BE9, 0x9BE9, 0x9BE9, 0x9BE9, 0x9BE9, 0x9BE9, 0x9BE9, 0x9BE9, 0x9BE9, 0x9BE9, 0x9BE9, 0x9BE9,
    0x9BE9, 0x9BE9, 0x9BE9, 0x9BE9, 0x9BE9, 0x9BE9, 0x9BE9, 0x9BE9, 0x9BE9, 0x9BE9, 0x9BE9, 0x9BE9,
    0x9BE9, 0x9BE9, 0x9BE9, 0x9BE9, 0x9BE9, 0x9BE9, 0x9BE9, 0x9BE9, 0x9BE9, 0x9BE9, 0x31A6, 0x0000,
    0x8308, 0x8308, 0x8308, 0x8308, 0x59E5, 0x8308, 0x8308, 0x8308, 0x8308, 0x8308, 0x8308, 0x8308,
    0x59E5, 0x59E5, 0x8308, 0x8308, 0x8308, 0x8308, 0x8308, 0x8308, 0x59E5, 0x8308, 0x8308, 0x8308,
    0x8308, 0x8308, 0x8308, 0x8308, 0x59E5, 0x59E5, 0x8308, 0x8308, 0x8308, 0x8308, 0x8308, 0x8308,
    0x59E5, 0x8308, 0x8308, 0x8308, 0x8308, 0x8308, 0x8308, 0x8308, 0x59E5, 0x59E5, 0x8308, 0x8308,
    0x8308, 0x8308, 0x8308, 0x8308, 0x59E5, 0x8308, 0x8308, 0x8308, 0x8308, 0x8308, 0x8308, 0x8308,
    0x59E5, 0x8308, 0x8308, 0x8308, 0x8308, 0x8308, 0x59E5, 0x59E5, 0x8308, 0x59E5, 0x59E5, 0x8308,
    0x8308, 0x8308, 0x8308, 0x8308, 0x59E5, 0x8308, 0x8308, 0x8308, 0x8308, 0x8308, 0x59E5, 0x59E5,
    0x8308, 0x59E5, 0x59E5, 0x8308, 0x8308, 0x8308, 0x8308, 0x8308, 0x59E5, 0x8308, 0x8308, 0x8308,
    0x8308, 0x8308, 0x59E5, 0x59E5, 0x8308, 0x59E5, 0x59E5, 0x8308, 0x8308, 0x8308, 0x8308, 0x8308,
    0x59E5, 0x8308, 0x8308, 0x8308, 0x8308, 0x8308, 0x59E5, 0x59E5, 0x8308, 0x59E5, 0x59E5, 0x8308,
    0x0000, 0xC638, 0x9BE9, 0x9BE9, 0x9BE9, 0x9BE9, 0x9BE9, 0x9BE9, 0x9BE9, 0x9BE9, 0x9BE9, 0x9BE9,
    0x9BE9, 0x9BE9, 0x9BE9, 0x9BE9, 0x9BE9, 0x9BE9, 0x9BE9, 0x51E4, 0x51E4, 0x0000, 0x0000, 0x51E4,
    0x51E4, 0x9BE9, 0x9BE9, 0x9BE9, 0x9BE9, 0x9BE9, 0x9BE9, 0x9BE9, 0x9BE9, 0x9BE9, 0x9BE9, 0x9BE9,
    0x9BE9, 0x9BE9, 0x9BE9, 0x9BE9, 0x9BE9, 0x9BE9, 0x9BE9, 0x9BE9, 0x9BE9, 0x9BE9, 0x9BE9, 0x9BE9,
    0x9BE9, 0x9BE9, 0x9BE9, 0x9BE9, 0x9BE9, 0x9BE9, 0x9BE9, 0x9BE9, 0x9BE9, 0x9BE9, 0x9BE9, 0x9BE9,
    0x9BE9, 0x9BE9, 0x9BE9, 0x9BE9, 0x9BE9, 0x9BE9, 0x9BE9, 0x9BE9, 0x9BE9, 0x9BE9, 0x9BE9, 0x9BE9,
    0x9BE9, 0x9BE9, 0x9BE9, 0x9BE9, 0x9BE9, 0x9BE9, 0x9BE9, 0x9BE9, 0x9BE9, 0x9BE9, 0x9BE9, 0x9BE9,
    0x9BE9, 0x9BE9, 0x9BE9, 0x9BE9, 0x9BE9, 0x9BE9, 0x9BE9, 0x9BE9, 0x9BE9, 0x9BE9, 0x9BE9, 0x9BE9,
    0x9BE9, 0x9BE9, 0x9BE9, 0x9BE9, 0x9BE9, 0x9BE9, 0x9BE9, 0x9BE9, 0x9BE9, 0x9BE9, 0x9BE9, 0x9BE9,
    0x9BE9, 0x9BE9, 0x9BE9, 0x9BE9, 0x9BE9, 0x9BE9, 0x9BE9, 0x9BE9, 0x9BE9, 0x9BE9, 0x9BE9, 0x9BE9,
    0x9BE9, 0x9BE9, 0x9BE9, 0x9BE9, 0x9BE9, 0x9BE9, 0x9BE9, 0x9BE9, 0x9BE9, 0x9BE9, 0x9BE9, 0x9BE9,
    0x9BE9, 0x9BE9, 0x9BE9, 0x9BE9, 0x9BE9, 0x9BE9, 0x9BE9, 0x9BE9, 0x9BE9, 0x9BE9, 0x9BE9, 0x9BE9,
    0x9BE9, 0x9BE9, 0x9BE9, 0x9BE9, 0x9BE9, 0x9BE9, 0x9BE9, 0x9BE9, 0x9BE9, 0x9BE9, 0x9BE9, 0x9BE9,
    0x9BE9, 0x9BE9, 0x9BE9, 0x9BE9, 0x9BE9, 0x9BE9, 0x9BE9, 0x9BE9, 0x9BE9, 0x9BE9, 0x9BE9, 0x9BE9,
    0x9BE9, 0x9BE9, 0x9BE9, 0x9BE9, 0x9BE9, 0x9BE9, 0x9BE9, 0x9BE9, 0x9BE9, 0x9BE9, 0x9BE9, 0x9BE9,
    0x9BE9, 0x9BE9, 0x9BE9, 0x9BE9, 0x9BE9, 0x9BE9, 0x9BE9, 0x9BE9, 0x9BE9, 0x9BE9, 0x9BE9, 0x9BE9,
    0x9BE9, 0x9BE9, 0x9BE9, 0x9BE9, 0x9BE9, 0x9BE9, 0x31A6, 0x0000, 0x8308, 0x8308, 0x59E5, 0x59E5,
    0x8308, 0x59E5, 0x59E5, 0x8308, 0x8308, 0x8308, 0x8308, 0x8308, 0x59E5, 0x8308, 0x8308, 0x8308,
    0x8308, 0x8308, 0x59E5, 0x59E5, 0x8308, 0x59E5, 0x59E5, 0x8308, 0x8308, 0x8308, 0x8308, 0x8308,
    0x59E5, 0x8308, 0x8308, 0x8308, 0x8308, 0x8308, 0x59E5, 0x59E5, 0x8308, 0x59E5, 0x59E5, 0x8308,
    0x8308, 0x8308, 0x8308, 0x8308, 0x59E5, 0x8308, 0x8308, 0x8308, 0x8308, 0x8308, 0x59E5, 0x59E5,
    0x8308, 0x59E5, 0x59E5, 0x8308, 0x8308, 0x8308, 0x8308, 0x8308, 0x8308, 0x8308, 0x59E5, 0x59E5,
    0x8308, 0x59E5, 0x8308, 0x8308, 0x8308, 0x8308, 0x59E5, 0x59E5, 0x8308, 0x59E5, 0x8308, 0x59E5,
    0x8308, 0x8308, 0x59E5, 0x59E5, 0x8308, 0x59E5, 0x8308, 0x8308, 0x8308, 0x8308, 0x59E5, 0x59E5,
    0x8308, 0x59E5, 0x8308, 0x59E5, 0x8308, 0x8308, 0x59E5, 0x59E5, 0x8308, 0x59E5, 0x8308, 0x8308,
    0x8308, 0x8308, 0x59E5, 0x59E5, 0x8308, 0x59E5, 0x8308, 0x59E5, 0x8308, 0x8308, 0x59E5, 0x59E5,
    0x8308, 0x59E5, 0x8308, 0x8308, 0x8308, 0x8308, 0x59E5, 0x59E5, 0x0000, 0xC638, 0x9BE9, 0x9BE9,
    0x9BE9, 0x9BE9, 0x9BE9, 0x9BE9, 0x9BE9, 0x9BE9, 0x9BE9, 0x9BE9, 0x9BE9, 0x9BE9, 0x9BE9, 0x9BE9,
    0x9BE9, 0x9BE9, 0x9BE9, 0x51E4, 0x51E4, 0x0000, 0x0000, 0x51E4, 0x51E4, 0x9BE9, 0x9BE9, 0x9BE9,
    0x9BE9, 0x9BE9, 0x9BE9, 0x9BE9, 0x9BE9, 0x9BE9, 0x9BE9, 0x9BE9, 0x9BE9, 0x9BE9, 0x9BE9, 0x9BE9,
    0x9BE9, 0x9BE9, 0x9BE9, 0x9BE9, 0x9BE9, 0x9BE9, 0x9BE9, 0x9BE9, 0x9BE9, 0x9BE9, 0x9BE9, 0x9BE9,
    0x9BE9, 0x9BE9, 0x9BE9, 0x9BE9, 0x9BE9, 0x9BE9, 0x9BE9, 0x9BE9, 0x9BE9, 0x9BE9, 0x9BE9, 0x9BE9,
    0x9BE9, 0x9BE9, 0x9BE9, 0x9BE9, 0x9BE9, 0x9BE9, 0x9BE9, 0x9BE9, 0x9BE9, 0x9BE9, 0x9BE9, 0x9BE9,
    0x9BE9, 0x9BE9, 0x9BE9, 0x9BE9, 0x9BE9, 0x9BE9, 0x9BE9, 0x9BE9, 0x9BE9, 0x9BE9, 0x9BE9, 0x9BE9,
    0x9BE9, 0x9BE9, 0x9BE9, 0x9BE9, 0x9BE9, 0x9BE9, 0x9BE9, 0x9BE9, 0x9BE9, 0x9BE9, 0x9BE9, 0x9BE9,
    0x9BE9, 0x9BE9, 0x9BE9, 0x9BE9, 0x9BE9, 0x9BE9, 0x9BE9, 0x9BE9, 0x9BE9, 0x9BE9, 0x9BE9, 0x9BE9,
    0x9BE9, 0x9BE9, 0x9BE9, 0x9BE9, 0x9BE9, 0x9BE9, 0x9BE9, 0x9BE9, 0x9BE9, 0x9BE9, 0x9BE9, 0x9BE9,
    0x9BE9, 0x9BE9, 0x9BE9, 0x9BE9, 0x9BE9, 0x9BE9, 0x9BE9, 0x9BE9, 0x9BE9, 0x9BE9, 0x9BE9, 0x9BE9,
    0x9BE9, 0x9BE9, 0x9BE9, 0x9BE9, 0x9BE9, 0x9BE9, 0x9BE9, 0x9BE9, 0x9BE9, 0x9BE9, 0x9BE9, 0x9BE9,
    0x9BE9, 0x9BE9, 0x9BE9, 0x9BE9, 0x9BE9, 0x9BE9, 0x9BE9, 0x9BE9, 0x9BE9, 0x9BE9, 0x9BE9, 0x9BE9,
    0x9BE9, 0x9BE9, 0x9BE9, 0x9BE9, 0x9BE9, 0x9BE9, 0x9BE9, 0x9BE9, 0x9BE9, 0x9BE9, 0x9BE9, 0x9BE9,
    0x9BE9, 0x9BE9, 0x9BE9, 0x9BE9, 0x9BE9, 0x9BE9, 0x9BE9, 0x9BE9, 0x9BE9, 0x9BE9, 0x9BE9, 0x9BE9,
    0x9BE9, 0x9BE9, 0x9BE9, 0x9BE9, 0x9BE9, 0x9BE9, 0x9BE9, 0x9BE9, 0x9BE9, 0x9BE9, 0x9BE9, 0x9BE9,
    0x9BE9, 0x9BE9, 0x31A6, 0x0000, 0x8308, 0x59E5, 0x8308, 0x8308, 0x8308, 0x8308, 0x59E5, 0x59E5,
    0x8308, 0x59E5, 0x8308, 0x59E5, 0x8308, 0x8308, 0x59E5, 0x59E5, 0x8308, 0x59E5, 0x8308, 0x8308,
    0x8308, 0x8308, 0x59E5, 0x59E5, 0x8308, 0x59E5, 0x8308, 0x59E5, 0x8308, 0x8308, 0x59E5, 0x59E5,
    0x8308, 0x59E5, 0x8308, 0x8308, 0x8308, 0x8308, 0x59E5, 0x59E5, 0x8308, 0x59E5, 0x8308, 0x59E5,
    0x8308, 0x8308, 0x59E5, 0x59E5, 0x8308, 0x59E5, 0x8308, 0x8308, 0x8308, 0x8308, 0x59E5, 0x59E5,
    0x8308, 0x59E5, 0x8308, 0x59E5, 0x8308, 0x8308, 0x8308, 0x8308, 0x8308, 0x8308, 0x59E5, 0x8308,
    0x8308, 0x8308, 0x59E5, 0x8308, 0x59E5, 0x8308, 0x8308, 0x59E5, 0x8308, 0x8308, 0x8308, 0x8308,
    0x8308, 0x8308, 0x59E5, 0x8308, 0x8308, 0x8308, 0x59E5, 0x8308, 0x59E5, 0x8308, 0x8308, 0x59E5,
    0x8308, 0x8308, 0x8308, 0x8308, 0x8308, 0x8308, 0x59E5, 0x8308, 0x8308, 0x8308, 0x59E5, 0x8308,
    0x59E5, 0x8308, 0x8308, 0x59E5, 0x8308, 0x8308, 0x8308, 0x8308, 0x8308, 0x8308, 0x59E5, 0x8308,
    0x8308, 0x8308, 0x59E5, 0x8308, 0x0000, 0xC638, 0x9BE9, 0x9BE9, 0x9BE9, 0x9BE9, 0x9BE9, 0x9BE9,
    0x9BE9, 0x9BE9, 0x9BE9, 0x9BE9, 0x9BE9, 0x9BE9, 0x9BE9, 0x9BE9, 0x9BE9, 0x9BE9, 0x9BE9, 0x51E4,
    0x51E4, 0x51E4, 0x51E4, 0x9BE9, 0x9BE9, 0x9BE9, 0x9BE9, 0x9BE9, 0x9BE9, 0x9BE9, 0x9BE9, 0x9BE9,
    0x9BE9, 0x9BE9, 0x9BE9, 0x9BE9, 0x9BE9, 0x9BE9, 0x9BE9, 0x9BE9, 0x9BE9, 0x9BE9, 0x9BE9, 0x9BE9,
    0x9BE9, 0x9BE9, 0x9BE9, 0x9BE9, 0x9BE9, 0x9BE9, 0x9BE9, 0x9BE9, 0x9BE9, 0x9BE9, 0x9BE9, 0x9BE9,
    0x9BE9, 0x9BE9, 0x9BE9, 0x9BE9, 0x9BE9, 0x9BE9, 0x9BE9, 0x9BE9, 0x9BE9, 0x9BE9, 0x9BE9, 0x9BE9,
    0x9BE9, 0x9BE9, 0x9BE9, 0x9BE9, 0x9BE9, 0x9BE9, 0x9BE9, 0x9BE9, 0x9BE9, 0x9BE9, 0x9BE9, 0x9BE9,
    0x9BE9, 0x9BE9, 0x9BE9, 0x9BE9, 0x9BE9, 0x9BE9, 0x9BE9, 0x9BE9, 0x9BE9, 0x9BE9, 0x9BE9, 0x9BE9,
    0x9BE9, 0x9BE9, 0x9BE9, 0x9BE9, 0x9BE9, 0x9BE9, 0x9BE9, 0x9BE9, 0x9BE9, 0x9BE9, 0x9BE9, 0x9BE9,
    0x9BE9, 0x9BE9, 0x9BE9, 0x9BE9, 0x9BE9, 0x9BE9, 0x9BE9, 0x9BE9, 0x9BE9, 0x9BE9, 0x9BE9, 0x9BE9,
    0x9BE9, 0x9BE9, 0x9BE9, 0x9BE9, 0x9BE9, 0x9BE9, 0x9BE9, 0x9BE9, 0x9BE9, 0x9BE9, 0x9BE9, 0x9BE9,
    0x9BE9, 0x9BE9, 0x9BE9, 0x9BE9, 0x9BE9, 0x9BE9, 0x9BE9, 0x9BE9, 0x9BE9, 0x9BE9, 0x9BE9, 0x9BE9,
    0x9BE9, 0x9BE9, 0x9BE9, 0x9BE9, 0x9BE9, 0x9BE9, 0x9BE9, 0x9BE9, 0x9BE9, 0x9BE9, 0x9BE9, 0x9BE9,
    0x9BE9, 0x9BE9, 0x9BE9, 0x9BE9, 0x9BE9, 0x9BE9, 0x9BE9, 0x9BE9, 0x9BE9, 0x9BE9, 0x9BE9, 0x9BE9,
    0x9BE9, 0x9BE9, 0x9BE9, 0x9BE9, 0x9BE9, 0x9BE9, 0x9BE9, 0x9BE9, 0x9BE9, 0x9BE9, 0x9BE9, 0x9BE9,
    0x9BE9, 0x9BE9, 0x9BE9, 0x9BE9, 0x9BE9, 0x9BE9, 0x9BE9, 0x9BE9, 0x9BE9, 0x9BE9, 0x9BE9, 0x9BE9,
    0x9BE9, 0x9BE9, 0x9BE9, 0x9BE9, 0x9BE9, 0x9BE9, 0x9BE9, 0x9BE9, 0x9BE9, 0x9BE9, 0x31A6, 0x0000,
    0x8308, 0x8308, 0x59E5, 0x8308, 0x8308, 0x8308, 0x59E5, 0x8308, 0x59E5, 0x8308, 0x8308, 0x59E5,
    0x8308, 0x8308, 0x8308, 0x8308, 0x8308, 0x8308, 0x59E5, 0x8308, 0x8308, 0x8308, 0x59E5, 0x8308,
    0x59E5, 0x8308, 0x8308, 0x59E5, 0x8308, 0x8308, 0x8308, 0x8308, 0x8308, 0x8308, 0x59E5, 0x8308,
    0x8308, 0x8308, 0x59E5, 0x8308, 0x59E5, 0x8308, 0x8308, 0x59E5, 0x8308, 0x8308, 0x8308, 0x8308,
    0x8308, 0x8308, 0x59E5, 0x8308, 0x8308, 0x8308, 0x59E5, 0x8308, 0x59E5, 0x8308, 0x8308, 0x59E5,
    0x8308, 0x8308, 0x8308, 0x8308, 0x59E5, 0x59E5, 0x8308, 0x59E5, 0x59E5, 0x59E5, 0x59E5, 0x8308,
    0x8308, 0x8308, 0x8308, 0x8308, 0x8308, 0x8308, 0x8308, 0x8308, 0x59E5, 0x59E5, 0x8308, 0x59E5,
    0x59E5, 0x59E5, 0x59E5, 0x8308, 0x8308, 0x8308, 0x8308, 0x8308, 0x8308, 0x8308, 0x8308, 0x8308,
    0x59E5, 0x59E5, 0x8308, 0x59E5, 0x59E5, 0x59E5, 0x59E5, 0x8308, 0x8308, 0x8308, 0x8308, 0x8308,
    0x8308, 0x8308, 0x8308, 0x8308, 0x59E5, 0x59E5, 0x8308, 0x59E5, 0x59E5, 0x59E5, 0x59E5, 0x8308,
    0x0000, 0xC638, 0x9BE9, 0x9BE9, 0x9BE9, 0x9BE9, 0x9BE9, 0x9BE9, 0x9BE9, 0x9BE9, 0x9BE9, 0x9BE9,
    0x9BE9, 0x9BE9, 0x9BE9, 0x9BE9, 0x9BE9, 0x9BE9, 0x9BE9, 0x51E4, 0x51E4, 0x51E4, 0x51E4, 0x9BE9,
    0x9BE9, 0x9BE9, 0x9BE9, 0x9BE9, 0x9BE9, 0x9BE9, 0x9BE9, 0x9BE9, 0x9BE9, 0x9BE9, 0x9BE9, 0x9BE9,
    0x9BE9, 0x9BE9, 0x9BE9, 0x9BE9, 0x9BE9, 0x9BE9, 0x9BE9, 0x9BE9, 0x9BE9, 0x9BE9, 0x9BE9, 0x9BE9,
    0x9BE9, 0x9BE9, 0x9BE9, 0x9BE9, 0x9BE9, 0x9BE9, 0x9BE9, 0x9BE9, 0x9BE9, 0x9BE9, 0x9BE9, 0x9BE9,
    0x9BE9, 0x9BE9, 0x9BE9, 0x9BE9, 0x9BE9, 0x9BE9, 0x9BE9, 0x9BE9, 0x9BE9, 0x9BE9, 0x9BE9, 0x9BE9,
    0x9BE9, 0x9BE9, 0x9BE9, 0x9BE9, 0x9BE9, 0x9BE9, 0x9BE9, 0x9BE9, 0x9BE9, 0x9BE9, 0x9BE9, 0x9BE9,
    0x9BE9, 0x9BE9, 0x9BE9, 0x9BE9, 0x9BE9, 0x9BE9, 0x9BE9, 0x9BE9, 0x9BE9, 0x9BE9, 0x9BE9, 0x9BE9,
    0x9BE9, 0x9BE9, 0x9BE9, 0x9BE9, 0x9BE9, 0x9BE9, 0x9BE9, 0x9BE9, 0x9BE9, 0x9BE9, 0x9BE9, 0x9BE9,
    0x9BE9, 0x9BE9, 0x9BE9, 0x9BE9, 0x9BE9, 0x9BE9, 0x9BE9, 0x9BE9, 0x9BE9, 0x9BE9, 0x9BE9, 0x9BE9,
    0x9BE9, 0x9BE9, 0x9BE9, 0x9BE9, 0x9BE9, 0x9BE9, 0x9BE9, 0x9BE9, 0x9BE9, 0x9BE9, 0x9BE9, 0x9BE9,
    0x9BE9, 0x9BE9, 0x9BE9, 0x9BE9, 0x9BE9, 0x9BE9, 0x9BE9, 0x9BE9, 0x9BE9, 0x9BE9, 0x9BE9, 0x9BE9,
    0x9BE9, 0x9BE9, 0x9BE9, 0x9BE9, 0x9BE9, 0x9BE9, 0x9BE9, 0x9BE9, 0x9BE9, 0x9BE9, 0x9BE9, 0x9BE9,
    0x9BE9, 0x9BE9, 0x9BE9, 0x9BE9, 0x9BE9, 0x9BE9, 0x9BE9, 0x9BE9, 0x9BE9, 0x9BE9, 0x9BE9, 0x9BE9,
    0x9BE9, 0x9BE9, 0x9BE9, 0x9BE9, 0x9BE9, 0x9BE9, 0x9BE9, 0x9BE9, 0x9BE9, 0x9BE9, 0x9BE9, 0x9BE9,
    0x9BE9, 0x9BE9, 0x9BE9, 0x9BE9, 0x9BE9, 0x9BE9, 0x9BE9, 0x9BE9, 0x9BE9, 0x9BE9, 0x9BE9, 0x9BE9,
    0x9BE9, 0x9BE9, 0x9BE9, 0x9BE9, 0x9BE9, 0x9BE9, 0x31A6, 0x0000, 0x59E5, 0x59E5, 0x8308, 0x59E5,
    0x59E5, 0x59E5, 0x59E5, 0x8308, 0x8308, 0x8308, 0x8308, 0x8308, 0x8308, 0x8308, 0x8308, 0x8308,
    0x59E5, 0x59E5, 0x8308, 0x59E5, 0x59E5, 0x59E5, 0x59E5, 0x8308, 0x8308, 0x8308, 0x8308, 0x8308,
    0x8308, 0x8308, 0x8308, 0x8308, 0x59E5, 0x59E5, 0x8308, 0x59E5, 0x59E5, 0x59E5, 0x59E5, 0x8308,
    0x8308, 0x8308, 0x8308, 0x8308, 0x8308, 0x8308, 0x8308, 0x8308, 0x59E5, 0x59E5, 0x8308, 0x59E5,
    0x59E5, 0x59E5, 0x59E5, 0x8308, 0x8308, 0x8308, 0x8308, 0x8308, 0x8308, 0x8308, 0x8308, 0x59E5,
    0x8308, 0x8308, 0x8308, 0x8308, 0x8308, 0x59E5, 0x59E5, 0x59E5, 0x8308, 0x8308, 0x8308, 0x8308,
    0x8308, 0x8308, 0x8308, 0x59E5, 0x8308, 0x8308, 0x8308, 0x8308, 0x8308, 0x59E5, 0x59E5, 0x59E5,
    0x8308, 0x8308, 0x8308, 0x8308, 0x8308, 0x8308, 0x8308, 0x59E5, 0x8308, 0x8308, 0x8308, 0x8308,
    0x8308, 0x59E5, 0x59E5, 0x59E5, 0x8308, 0x8308, 0x8308, 0x8308, 0x8308, 0x8308, 0x8308, 0x59E5,
    0x8308, 0x8308, 0x8308, 0x8308, 0x8308, 0x59E5, 0x59E5, 0x59E5, 0x0000, 0xC638, 0x9BE9, 0x9BE9,
    0x9BE9, 0x9BE9, 0x9BE9, 0x9BE9, 0x9BE9, 0x9BE9, 0x9BE9, 0x9BE9, 0x9BE9, 0x9BE9, 0x9BE9, 0x9BE9,
    0x9BE9, 0x51E4, 0x51E4, 0x51E4, 0x51E4, 0x9BE9, 0x9BE9, 0x9BE9, 0x9BE9, 0x9BE9, 0x9BE9, 0x9BE9,
    0x9BE9, 0x9BE9, 0x9BE9, 0x9BE9, 0x9BE9, 0x9BE9, 0x9BE9, 0x9BE9, 0x9BE9, 0x9BE9, 0x9BE9, 0x9BE9,
    0x9BE9, 0x9BE9, 0x9BE9, 0x9BE9, 0x9BE9, 0x9BE9, 0x9BE9, 0x9BE9, 0x9BE9, 0x9BE9, 0x9BE9, 0x9BE9,
    0x9BE9, 0x9BE9, 0x9BE9, 0x9BE9, 0x9BE9, 0x9BE9, 0x9BE9, 0x9BE9, 0x9BE9, 0x9BE9, 0x9BE9, 0x9BE9,
    0x9BE9, 0x9BE9, 0x9BE9, 0x9BE9, 0x9BE9, 0x9BE9, 0x9BE9, 0x9BE9, 0x9BE9, 0x9BE9, 0x9BE9, 0x9BE9,
    0x9BE9, 0x9BE9, 0x9BE9, 0x9BE9, 0x9BE9, 0x9BE9, 0x9BE9, 0x9BE9, 0x9BE9, 0x9BE9, 0x9BE9, 0x9BE9,
    0x9BE9, 0x9BE9, 0x9BE9, 0x9BE9, 0x9BE9, 0x9BE9, 0x9BE9, 0x9BE9, 0x9BE9, 0x9BE9, 0x9BE9, 0x9BE9,
    0x9BE9, 0x9BE9, 0x9BE9, 0x9BE9, 0x9BE9, 0x9BE9, 0x9BE9, 0x9BE9, 0x9BE9, 0x9BE9, 0x9BE9, 0x9BE9,
    0x9BE9, 0x9BE9, 0x9BE9, 0x9BE9, 0x9BE9, 0x9BE9, 0x9BE9, 0x9BE9, 0x9BE9, 0x9BE9, 0x9BE9, 0x9BE9,
    0x9BE9, 0x9BE9, 0x9BE9, 0x9BE9, 0x9BE9, 0x9BE9, 0x9BE9, 0x9BE9, 0x9BE9, 0x9BE9, 0x9BE9, 0x9BE9,
    0x9BE9, 0x9BE9, 0x9BE9, 0x9BE9, 0x9BE9, 0x9BE9, 0x9BE9, 0x9BE9, 0x9BE9, 0x9BE9, 0x9BE9, 0x9BE9,
    0x9BE9, 0x9BE9, 0x9BE9, 0x9BE9, 0x9BE9, 0x9BE9, 0x9BE9, 0x9BE9, 0x9BE9, 0x9BE9, 0x9BE9, 0x9BE9,
    0x9BE9, 0x9BE9, 0x9BE9, 0x9BE9, 0x9BE9, 0x9BE9, 0x9BE9, 0x9BE9, 0x9BE9, 0x9BE9, 0x9BE9, 0x9BE9,
    0x9BE9, 0x9BE9, 0x9BE9, 0x9BE9, 0x9BE9, 0x9BE9, 0x9BE9, 0x9BE9, 0x9BE9, 0x9BE9, 0x9BE9, 0x9BE9,
    0x9BE9, 0x9BE9, 0x9BE9, 0x9BE9, 0x9BE9, 0x9BE9, 0x9BE9, 0x9BE9, 0x9BE9, 0x9BE9, 0x9BE9, 0x9BE9,
    0x9BE9, 0x9BE9, 0x31A6, 0x0000, 0x8308, 0x8308, 0x8308, 0x8308, 0x8308, 0x59E5, 0x59E5, 0x59E5,
    0x8308, 0x8308, 0x8308, 0x8308, 0x8308, 0x8308, 0x8308, 0x59E5, 0x8308, 0x8308, 0x8308, 0x8308,
    0x8308, 0x59E5, 0x59E5, 0x59E5, 0x8308, 0x8308, 0x8308, 0x8308, 0x8308, 0x8308, 0x8308, 0x59E5,
    0x8308, 0x8308, 0x8308, 0x8308, 0x8308, 0x59E5, 0x59E5, 0x59E5, 0x8308, 0x8308, 0x8308, 0x8308,
    0x8308, 0x8308, 0x8308, 0x59E5, 0x8308, 0x8308, 0x8308, 0x8308, 0x8308, 0x59E5, 0x59E5, 0x59E5,
    0x8308, 0x8308, 0x8308, 0x8308, 0x8308, 0x8308, 0x59E5, 0x59E5, 0x8308, 0x8308, 0x8308, 0x8308,
    0x59E5, 0x8308, 0x8308, 0x59E5, 0x59E5, 0x8308, 0x8308, 0x8308, 0x8308, 0x8308, 0x59E5, 0x59E5,
    0x8308, 0x8308, 0x8308, 0x8308, 0x59E5, 0x8308, 0x8308, 0x59E5, 0x59E5, 0x8308, 0x8308, 0x8308,
    0x8308, 0x8308, 0x59E5, 0x59E5, 0x8308, 0x8308, 0x8308, 0x8308, 0x59E5, 0x8308, 0x8308, 0x59E5,
    0x59E5, 0x8308, 0x8308, 0x8308, 0x8308, 0x8308, 0x59E5, 0x59E5, 0x8308, 0x8308, 0x8308, 0x8308,
    0x59E5, 0x8308, 0x8308, 0x59E5, 0x0000, 0xC638, 0x9BE9, 0x9BE9, 0x9BE9, 0x9BE9, 0x9BE9, 0x9BE9,
    0x9BE9, 0x9BE9, 0x9BE9, 0x9BE9, 0x9BE9, 0x9BE9, 0x9BE9, 0x9BE9, 0x9BE9, 0x51E4, 0x51E4, 0x51E4,
    0x51E4, 0x9BE9, 0x9BE9, 0x9BE9, 0x9BE9, 0x9BE9, 0x9BE9, 0x9BE9, 0x9BE9, 0x9BE9, 0x9BE9, 0x9BE9,
    0x9BE9, 0x9BE9, 0x9BE9, 0x9BE9, 0x9BE9, 0x9BE9, 0x9BE9, 0x9BE9, 0x9BE9, 0x9BE9, 0x9BE9, 0x9BE9,
    0x9BE9, 0x9BE9, 0x9BE9, 0x9BE9, 0x9BE9, 0x9BE9, 0x9BE9, 0x9BE9, 0x9BE9, 0x9BE9, 0x9BE9, 0x9BE9,
    0x9BE9, 0x9BE9, 0x9BE9, 0x9BE9, 0x9BE9, 0x9BE9, 0x9BE9, 0x9BE9, 0x9BE9, 0x9BE9, 0x9BE9, 0x9BE9,
    0x9BE9, 0x9BE9, 0x9BE9, 0x9BE9, 0x9BE9, 0x9BE9, 0x9BE9, 0x9BE9, 0x9BE9, 0x9BE9, 0x9BE9, 0x9BE9,
    0x9BE9, 0x9BE9, 0x9BE9, 0x9BE9, 0x9BE9, 0x9BE9, 0x9BE9, 0x9BE9, 0x9BE9, 0x9BE9, 0x9BE9, 0x9BE9,
    0x9BE9, 0x9BE9, 0x9BE9, 0x9BE9, 0x9BE9, 0x9BE9, 0x9BE9, 0x9BE9, 0x9BE9, 0x9BE9, 0x9BE9, 0x9BE9,
    0x9BE9, 0x9BE9, 0x9BE9, 0x9BE9, 0x9BE9, 0x9BE9, 0x9BE9, 0x9BE9, 0x9BE9, 0x9BE9, 0x9BE9, 0x9BE9,
    0x9BE9, 0x9BE9, 0x9BE9, 0x9BE9, 0x9BE9, 0x9BE9, 0x9BE9, 0x9BE9, 0x9BE9, 0x9BE9, 0x9BE9, 0x9BE9,
    0x9BE9, 0x9BE9, 0x9BE9, 0x9BE9, 0x9BE9, 0x9BE9, 0x9BE9, 0x9BE9, 0x9BE9, 0x9BE9, 0x9BE9, 0x9BE9,
    0x9BE9, 0x9BE9, 0x9BE9, 0x9BE9, 0x9BE9, 0x9BE9, 0x9BE9, 0x9BE9, 0x9BE9, 0x9BE9, 0x9BE9, 0x9BE9,
    0x9BE9, 0x9BE9, 0x9BE9, 0x9BE9, 0x9BE9, 0x9BE9, 0x9BE9, 0x9BE9, 0x9BE9, 0x9BE9, 0x9BE9, 0x9BE9,
    0x9BE9, 0x9BE9, 0x9BE9, 0x9BE9, 0x9BE9, 0x9BE9, 0x9BE9, 0x9BE9, 0x9BE9, 0x9BE9, 0x9BE9, 0x9BE9,
    0x9BE9, 0x9BE9, 0x9BE9, 0x9BE9, 0x9BE9, 0x9BE9, 0x9BE9, 0x9BE9, 0x9BE9, 0x9BE9, 0x9BE9, 0x9BE9,
    0x9BE9, 0x9BE9, 0x9BE9, 0x9BE9, 0x9BE9, 0x9BE9, 0x9BE9, 0x9BE9, 0x9BE9, 0x9BE9, 0x31A6, 0x0000,
    0x8308, 0x8308, 0x8308, 0x8308, 0x59E5, 0x8308, 0x8308, 0x59E5, 0x59E5, 0x8308, 0x8308, 0x8308,
    0x8308, 0x8308, 0x59E5, 0x59E5, 0x8308, 0x8308, 0x8308, 0x8308, 0x59E5, 0x8308, 0x8308, 0x59E5,
    0x59E5, 0x8308, 0x8308, 0x8308, 0x8308, 0x8308, 0x59E5, 0x59E5, 0x8308, 0x8308, 0x8308, 0x8308,
    0x59E5, 0x8308, 0x8308, 0x59E5, 0x59E5, 0x8308, 0x8308, 0x8308, 0x8308, 0x8308, 0x59E5, 0x59E5,
    0x8308, 0x8308, 0x8308, 0x8308, 0x59E5, 0x8308, 0x8308, 0x59E5, 0x59E5, 0x8308, 0x8308, 0x8308,
    0x59E5, 0x59E5, 0x59E5, 0x59E5, 0x8308, 0x59E5, 0x8308, 0x8308, 0x59E5, 0x8308, 0x59E5, 0x8308,
    0x59E5, 0x8308, 0x59E5, 0x59E5, 0x59E5, 0x59E5, 0x59E5, 0x59E5, 0x8308, 0x59E5, 0x8308, 0x8308,
    0x59E5, 0x8308, 0x59E5, 0x8308, 0x59E5, 0x8308, 0x59E5, 0x59E5, 0x59E5, 0x59E5, 0x59E5, 0x59E5,
    0x8308, 0x59E5, 0x8308, 0x8308, 0x59E5, 0x8308, 0x59E5, 0x8308, 0x59E5, 0x8308, 0x59E5, 0x59E5,
    0x59E5, 0x59E5, 0x59E5, 0x59E5, 0x8308, 0x59E5, 0x8308, 0x8308, 0x59E5, 0x8308, 0x59E5, 0x8308,
    0x0000, 0xC638, 0x9BE9, 0x9BE9, 0x9BE9, 0x9BE9, 0x9BE9, 0x9BE9, 0x9BE9, 0x9BE9, 0x9BE9, 0x9BE9,
    0x9BE9, 0x9BE9, 0x9BE9, 0x9BE9, 0x9BE9, 0x51E4, 0x51E4, 0x9BE9, 0x9BE9, 0x9BE9, 0x9BE9, 0x9BE9,
    0x9BE9, 0x9BE9, 0x9BE9, 0x9BE9, 0x9BE9, 0x9BE9, 0x9BE9, 0x9BE9, 0x9BE9, 0x9BE9, 0x9BE9, 0x9BE9,
    0x9BE9, 0x9BE9, 0x9BE9, 0x9BE9, 0x9BE9, 0x9BE9, 0x9BE9, 0x9BE9, 0x9BE9, 0x9BE9, 0x9BE9, 0x9BE9,
    0x9BE9, 0x9BE9, 0x9BE9, 0x9BE9, 0x9BE9, 0x9BE9, 0x9BE9, 0x9BE9, 0x9BE9, 0x9BE9, 0x9BE9, 0x9BE9,
    0x9BE9, 0x9BE9, 0x9BE9, 0x9BE9, 0x9BE9, 0x9BE9, 0x9BE9, 0x9BE9, 0x9BE9, 0x9BE9, 0x9BE9, 0x9BE9,
    0x9BE9, 0x9BE9, 0x9BE9, 0x9BE9, 0x9BE9, 0x9BE9, 0x9BE9, 0x9BE9, 0x9BE9, 0x9BE9, 0x9BE9, 0x9BE9,
    0x9BE9, 0x9BE9, 0x9BE9, 0x9BE9, 0x9BE9, 0x9BE9, 0x9BE9, 0x9BE9, 0x9BE9, 0x9BE9, 0x9BE9, 0x9BE9,
    0x9BE9, 0x9BE9, 0x9BE9, 0x9BE9, 0x9BE9, 0x9BE9, 0x9BE9, 0x9BE9, 0x9BE9, 0x9BE9, 0x9BE9, 0x9BE9,
    0x9BE9, 0x9BE9, 0x9BE9, 0x9BE9, 0x9BE9, 0x9BE9, 0x9BE9, 0x9BE9, 0x9BE9, 0x9BE9, 0x9BE9, 0x9BE9,
    0x9BE9, 0x9BE9, 0x9BE9, 0x9BE9, 0x9BE9, 0x9BE9, 0x9BE9, 0x9BE9, 0x9BE9, 0x9BE9, 0x9BE9, 0x9BE9,
    0x9BE9, 0x9BE9, 0x9BE9, 0x9BE9, 0x9BE9, 0x9BE9, 0x9BE9, 0x9BE9, 0x9BE9, 0x9BE9, 0x9BE9, 0x9BE9,
    0x9BE9, 0x9BE9, 0x9BE9, 0x9BE9, 0x9BE9, 0x9BE9, 0x9BE9, 0x9BE9, 0x9BE9, 0x9BE9, 0x9BE9, 0x9BE9,
    0x9BE9, 0x9BE9, 0x9BE9, 0x9BE9, 0x9BE9, 0x9BE9, 0x9BE9, 0x9BE9, 0x9BE9, 0x9BE9, 0x9BE9, 0x9BE9,
    0x9BE9, 0x9BE9, 0x9BE9, 0x9BE9, 0x9BE9, 0x9BE9, 0x9BE9, 0x9BE9, 0x9BE9, 0x9BE9, 0x9BE9, 0x9BE9,
    0x9BE9, 0x9BE9, 0x9BE9, 0x9BE9, 0x9BE9, 0x9BE9, 0x9BE9, 0x9BE9, 0x9BE9, 0x9BE9, 0x9BE9, 0x9BE9,
    0x9BE9, 0x9BE9, 0x9BE9, 0x9BE9, 0x9BE9, 0x9BE9, 0x31A6, 0x0000, 0x8308, 0x59E5, 0x8308, 0x8308,
    0x59E5, 0x8308, 0x59E5, 0x8308, 0x59E5, 0x8308, 0x59E5, 0x59E5, 0x59E5, 0x59E5, 0x59E5, 0x59E5,
    0x8308, 0x59E5, 0x8308, 0x8308, 0x59E5, 0x8308, 0x59E5, 0x8308, 0x59E5, 0x8308, 0x59E5, 0x59E5,
    0x59E5, 0x59E5, 0x59E5, 0x59E5, 0x8308, 0x59E5, 0x8308, 0x8308, 0x59E5, 0x8308, 0x59E5, 0x8308,
    0x59E5, 0x8308, 0x59E5, 0x59E5, 0x59E5, 0x59E5, 0x59E5, 0x59E5, 0x8308, 0x59E5, 0x8308, 0x8308,
    0x59E5, 0x8308, 0x59E5, 0x8308, 0x59E5, 0x8308, 0x59E5, 0x59E5, 0x8308, 0x8308, 0x8308, 0x8308,
    0x59E5, 0x8308, 0x8308, 0x8308, 0x59E5, 0x8308, 0x59E5, 0x59E5, 0x8308, 0x8308, 0x59E5, 0x59E5,
    0x8308, 0x8308, 0x8308, 0x8308, 0x59E5, 0x8308, 0x8308, 0x8308, 0x59E5, 0x8308, 0x59E5, 0x59E5,
    0x8308, 0x8308, 0x59E5, 0x59E5, 0x8308, 0x8308, 0x8308, 0x8308, 0x59E5, 0x8308, 0x8308, 0x8308,
    0x59E5, 0x8308, 0x59E5, 0x59E5, 0x8308, 0x8308, 0x59E5, 0x59E5, 0x8308, 0x8308, 0x8308, 0x8308,
    0x59E5, 0x8308, 0x8308, 0x8308, 0x59E5, 0x8308, 0x59E5, 0x59E5, 0x0000, 0xC638, 0x9BE9, 0x9BE9,
    0x9BE9, 0x9BE9, 0x9BE9, 0x9BE9, 0x9BE9, 0x9BE9, 0x9BE9, 0x9BE9, 0x9BE9, 0x9BE9, 0x9BE9, 0x9BE9,
    0x9BE9, 0x51E4, 0x51E4, 0x9BE9, 0x9BE9, 0x9BE9, 0x9BE9, 0x9BE9, 0x9BE9, 0x9BE9, 0x9BE9, 0x9BE9,
    0x9BE9, 0x9BE9, 0x9BE9, 0x9BE9, 0x9BE9, 0x9BE9, 0x9BE9, 0x9BE9, 0x9BE9, 0x9BE9, 0x9BE9, 0x9BE9,
    0x9BE9, 0x9BE9, 0x9BE9, 0x9BE9, 0x9BE9, 0x9BE9, 0x9BE9, 0x9BE9, 0x9BE9, 0x9BE9, 0x9BE9, 0x9BE9,
    0x9BE9, 0x9BE9, 0x9BE9, 0x9BE9, 0x9BE9, 0x9BE9, 0x9BE9, 0x9BE9, 0x9BE9, 0x9BE9, 0x9BE9, 0x9BE9,
    0x9BE9, 0x9BE9, 0x9BE9, 0x9BE9, 0x9BE9, 0x9BE9, 0x9BE9, 0x9BE9, 0x9BE9, 0x9BE9, 0x9BE9, 0x9BE9,
    0x9BE9, 0x9BE9, 0x9BE9, 0x9BE9, 0x9BE9, 0x9BE9, 0x9BE9, 0x9BE9, 0x9BE9, 0x9BE9, 0x9BE9, 0x9BE9,
    0x9BE9, 0x9BE9, 0x9BE9, 0x9BE9, 0x9BE9, 0x9BE9, 0x9BE9, 0x9BE9, 0x9BE9, 0x9BE9, 0x9BE9, 0x9BE9,
    0x9BE9, 0x9BE9, 0x9BE9, 0x9BE9, 0x9BE9, 0x9BE9, 0x9BE9, 0x9BE9, 0x9BE9, 0x9BE9, 0x9BE9, 0x9BE9,
    0x9BE9, 0x9BE9, 0x9BE9, 0x9BE9, 0x9BE9, 0x9BE9, 0x9BE9, 0x9BE9, 0x9BE9, 0x9BE9, 0x9BE9, 0x9BE9,
    0x9BE9, 0x9BE9, 0x9BE9, 0x9BE9, 0x9BE9, 0x9BE9, 0x9BE9, 0x9BE9, 0x9BE9, 0x9BE9, 0x9BE9, 0x9BE9,
    0x9BE9, 0x9BE9, 0x9BE9, 0x9BE9, 0x9BE9, 0x9BE9, 0x9BE9, 0x9BE9, 0x9BE9, 0x9BE9, 0x9BE9, 0x9BE9,
    0x9BE9, 0x9BE9, 0x9BE9, 0x9BE9, 0x9BE9, 0x9BE9, 0x9BE9, 0x9BE9, 0x9BE9, 0x9BE9, 0x9BE9, 0x9BE9,
    0x9BE9, 0x9BE9, 0x9BE9, 0x9BE9, 0x9BE9, 0x9BE9, 0x9BE9, 0x9BE9, 0x9BE9, 0x9BE9, 0x9BE9, 0x9BE9,
    0x9BE9, 0x9BE9, 0x9BE9, 0x9BE9, 0x9BE9, 0x9BE9, 0x9BE9, 0x9BE9, 0x9BE9, 0x9BE9, 0x9BE9, 0x9BE9,
    0x9BE9, 0x9BE9, 0x9BE9, 0x9BE9, 0x9BE9, 0x9BE9, 0x9BE9, 0x9BE9, 0x9BE9, 0x9BE9, 0x9BE9, 0x9BE9,
    0x9BE9, 0x9BE9, 0x31A6, 0x0000, 0x59E5, 0x8308, 0x8308, 0x8308, 0x59E5, 0x8308, 0x59E5, 0x59E5,
    0x8308, 0x8308, 0x59E5, 0x59E5, 0x8308, 0x8308, 0x8308, 0x8308, 0x59E5, 0x8308, 0x8308, 0x8308,
    0x59E5, 0x8308, 0x59E5, 0x59E5, 0x8308, 0x8308, 0x59E5, 0x59E5, 0x8308, 0x8308, 0x8308, 0x8308,
    0x59E5, 0x8308, 0x8308, 0x8308, 0x59E5, 0x8308, 0x59E5, 0x59E5, 0x8308, 0x8308, 0x59E5, 0x59E5,
    0x8308, 0x8308, 0x8308, 0x8308, 0x59E5, 0x8308, 0x8308, 0x8308, 0x59E5, 0x8308, 0x59E5, 0x59E5,
    0x8308, 0x8308, 0x59E5, 0x59E5, 0x59E5, 0x8308, 0x59E5, 0x8308, 0x8308, 0x8308, 0x8308, 0x8308,
    0x8308, 0x8308, 0x59E5, 0x59E5, 0x8308, 0x8308, 0x59E5, 0x59E5, 0x59E5, 0x8308, 0x59E5, 0x8308,
    0x8308, 0x8308, 0x8308, 0x8308, 0x8308, 0x8308, 0x59E5, 0x59E5, 0x8308, 0x8308, 0x59E5, 0x59E5,
    0x59E5, 0x8308, 0x59E5, 0x8308, 0x8308, 0x8308, 0x8308, 0x8308, 0x8308, 0x8308, 0x59E5, 0x59E5,
    0x8308, 0x8308, 0x59E5, 0x59E5, 0x59E5, 0x8308, 0x59E5, 0x8308, 0x8308, 0x8308, 0x8308, 0x8308,
    0x8308, 0x8308, 0x59E5, 0x59E5, 0x0000, 0xC638, 0x9BE9, 0x9BE9, 0x9BE9, 0x9BE9, 0x9BE9, 0x9BE9,
    0x9BE9, 0x9BE9, 0x9BE9, 0x9BE9, 0x9BE9, 0x9BE9, 0x9BE9, 0x51E4, 0x51E4, 0x9BE9, 0x9BE9, 0x9BE9,
    0x9BE9, 0x9BE9, 0x9BE9, 0x9BE9, 0x9BE9, 0x9BE9, 0x9BE9, 0x9BE9, 0x9BE9, 0x9BE9, 0x9BE9, 0x9BE9,
    0x9BE9, 0x9BE9, 0x9BE9, 0x9BE9, 0x9BE9, 0x9BE9, 0x9BE9, 0x9BE9, 0x9BE9, 0x9BE9, 0x9BE9, 0x9BE9,
    0x9BE9, 0x9BE9, 0x9BE9, 0x9BE9, 0x9BE9, 0x9BE9, 0x9BE9, 0x9BE9, 0x9BE9, 0x9BE9, 0x9BE9, 0x9BE9,
    0x9BE9, 0x9BE9, 0x9BE9, 0x9BE9, 0x9BE9, 0x9BE9, 0x9BE9, 0x9BE9, 0x9BE9, 0x9BE9, 0x9BE9, 0x9BE9,
    0x9BE9, 0x9BE9, 0x9BE9, 0x9BE9, 0x9BE9, 0x9BE9, 0x9BE9, 0x9BE9, 0x9BE9, 0x9BE9, 0x9BE9, 0x9BE9,
    0x9BE9, 0x9BE9, 0x9BE9, 0x9BE9, 0x9BE9, 0x9BE9, 0x9BE9, 0x9BE9, 0x9BE9, 0x9BE9, 0x9BE9, 0x9BE9,
    0x9BE9, 0x9BE9, 0x9BE9, 0x9BE9, 0x9BE9, 0x9BE9, 0x9BE9, 0x9BE9, 0x9BE9, 0x9BE9, 0x9BE9, 0x9BE9,
    0x9BE9, 0x9BE9, 0x9BE9, 0x9BE9, 0x9BE9, 0x9BE9, 0x9BE9, 0x9BE9, 0x9BE9, 0x9BE9, 0x9BE9, 0x9BE9,
    0x9BE9, 0x9BE9, 0x9BE9, 0x9BE9, 0x9BE9, 0x9BE9, 0x9BE9, 0x9BE9, 0x9BE9, 0x9BE9, 0x9BE9, 0x9BE9,
    0x9BE9, 0x9BE9, 0x9BE9, 0x9BE9, 0x9BE9, 0x9BE9, 0x9BE9, 0x9BE9, 0x9BE9, 0x9BE9, 0x9BE9, 0x9BE9,
    0x9BE9, 0x9BE9, 0x9BE9, 0x9BE9, 0x9BE9, 0x9BE9, 0x9BE9, 0x9BE9, 0x9BE9, 0x9BE9, 0x9BE9, 0x9BE9,
    0x9BE9, 0x9BE9, 0x9BE9, 0x9BE9, 0x9BE9, 0x9BE9, 0x9BE9, 0x9BE9, 0x9BE9, 0x9BE9, 0x9BE9, 0x9BE9,
    0x9BE9, 0x9BE9, 0x9BE9, 0x9BE9, 0x9BE9, 0x9BE9, 0x9BE9, 0x9BE9, 0x9BE9, 0x9BE9, 0x9BE9, 0x9BE9,
    0x9BE9, 0x9BE9, 0x9BE9, 0x9BE9, 0x9BE9, 0x9BE9, 0x9BE9, 0x9BE9, 0x9BE9, 0x9BE9, 0x9BE9, 0x9BE9,
    0x9BE9, 0x9BE9, 0x9BE9, 0x9BE9, 0x9BE9, 0x9BE9, 0x9BE9, 0x9BE9, 0x9BE9, 0x9BE9, 0x31A6, 0x0000,
    0x8308, 0x8308, 0x8308, 0x8308, 0x8308, 0x8308, 0x59E5, 0x59E5, 0x8308, 0x8308, 0x59E5, 0x59E5,
    0x59E5, 0x8308, 0x59E5, 0x8308, 0x8308, 0x8308, 0x8308, 0x8308, 0x8308, 0x8308, 0x59E5, 0x59E5,
    0x8308, 0x8308, 0x59E5, 0x59E5, 0x59E5, 0x8308, 0x59E5, 0x8308, 0x8308, 0x8308, 0x8308, 0x8308,
    0x8308, 0x8308, 0x59E5, 0x59E5, 0x8308, 0x8308, 0x59E5, 0x59E5, 0x59E5, 0x8308, 0x59E5, 0x8308,
    0x8308, 0x8308, 0x8308, 0x8308, 0x8308, 0x8308, 0x59E5, 0x59E5, 0x8308, 0x8308, 0x59E5, 0x59E5,
    0x8308, 0x8308, 0x59E5, 0x8308, 0x8308, 0x8308, 0x8308, 0x59E5, 0x59E5, 0x8308, 0x59E5, 0x8308,
    0x59E5, 0x8308, 0x8308, 0x59E5, 0x8308, 0x8308, 0x59E5, 0x8308, 0x8308, 0x8308, 0x8308, 0x59E5,
    0x59E5, 0x8308, 0x59E5, 0x8308, 0x59E5, 0x8308, 0x8308, 0x59E5, 0x8308, 0x8308, 0x59E5, 0x8308,
    0x8308, 0x8308, 0x8308, 0x59E5, 0x59E5, 0x8308, 0x59E5, 0x8308, 0x59E5, 0x8308, 0x8308, 0x59E5,
    0x8308, 0x8308, 0x59E5, 0x8308, 0x8308, 0x8308, 0x8308, 0x59E5, 0x59E5, 0x8308, 0x59E5, 0x8308,
    0x0000, 0xC638, 0x9BE9, 0x9BE9, 0x9BE9, 0x9BE9, 0x9BE9, 0x9BE9, 0x9BE9, 0x9BE9, 0x9BE9, 0x9BE9,
    0x9BE9, 0x9BE9, 0x9BE9, 0x51E4, 0x51E4, 0x9BE9, 0x9BE9, 0x9BE9, 0x9BE9, 0x9BE9, 0x9BE9, 0x9BE9,
    0x9BE9, 0x9BE9, 0x9BE9, 0x9BE9, 0x9BE9, 0x9BE9, 0x9BE9, 0x9BE9, 0x9BE9, 0x9BE9, 0x9BE9, 0x9BE9,
    0x9BE9, 0x9BE9, 0x9BE9, 0x9BE9, 0x9BE9, 0x9BE9, 0x9BE9, 0x9BE9, 0x9BE9, 0x9BE9, 0x9BE9, 0x9BE9,
    0x9BE9, 0x9BE9, 0x9BE9, 0x9BE9, 0x9BE9, 0x9BE9, 0x9BE9, 0x9BE9, 0x9BE9, 0x9BE9, 0x9BE9, 0x9BE9,
    0x9BE9, 0x9BE9, 0x9BE9, 0x9BE9, 0x9BE9, 0x9BE9, 0x9BE9, 0x9BE9, 0x9BE9, 0x9BE9, 0x9BE9, 0x9BE9,
    0x9BE9, 0x9BE9, 0x9BE9, 0x9BE9, 0x9BE9, 0x9BE9, 0x9BE9, 0x9BE9, 0x9BE9, 0x9BE9, 0x9BE9, 0x9BE9,
    0x9BE9, 0x9BE9, 0x9BE9, 0x9BE9, 0x9BE9, 0x9BE9, 0x9BE9, 0x9BE9, 0x9BE9, 0x9BE9, 0x9BE9, 0x9BE9,
    0x9BE9, 0x9BE9, 0x9BE9, 0x9BE9, 0x9BE9, 0x9BE9, 0x9BE9, 0x9BE9, 0x9BE9, 0x9BE9, 0x9BE9, 0x9BE9,
    0x9BE9, 0x9BE9, 0x9BE9, 0x9BE9, 0x9BE9, 0x9BE9, 0x9BE9, 0x9BE9, 0x9BE9, 0x9BE9, 0x9BE9, 0x9BE9,
    0x9BE9, 0x9BE9, 0x9BE9, 0x9BE9, 0x9BE9, 0x9BE9, 0x9BE9, 0x9BE9, 0x9BE9, 0x9BE9, 0x9BE9, 0x9BE9,
    0x9BE9, 0x9BE9, 0x9BE9, 0x9BE9, 0x9BE9, 0x9BE9, 0x9BE9, 0x9BE9, 0x9BE9, 0x9BE9, 0x9BE9, 0x9BE9,
    0x9BE9, 0x9BE9, 0x9BE9, 0x9BE9, 0x9BE9, 0x9BE9, 0x9BE9, 0x9BE9, 0x9BE9, 0x9BE9, 0x9BE9, 0x9BE9,
    0x9BE9, 0x9BE9, 0x9BE9, 0x9BE9, 0x9BE9, 0x9BE9, 0x9BE9, 0x9BE9, 0x9BE9, 0x9BE9, 0x9BE9, 0x9BE9,
    0x9BE9, 0x9BE9, 0x9BE9, 0x9BE9, 0x9BE9, 0x9BE9, 0x9BE9, 0x9BE9, 0x9BE9, 0x9BE9, 0x9BE9, 0x9BE9,
    0x9BE9, 0x9BE9, 0x9BE9, 0x9BE9, 0x9BE9, 0x9BE9, 0x9BE9, 0x9BE9, 0x9BE9, 0x9BE9, 0x9BE9, 0x9BE9,
    0x9BE9, 0x9BE9, 0x9BE9, 0x9BE9, 0x9BE9, 0x9BE9, 0x31A6, 0x0000, 0x8308, 0x8308, 0x8308, 0x59E5,
    0x59E5, 0x8308, 0x59E5, 0x8308, 0x59E5, 0x8308, 0x8308, 0x59E5, 0x8308, 0x8308, 0x59E5, 0x8308,
    0x8308, 0x8308, 0x8308, 0x59E5, 0x59E5, 0x8308, 0x59E5, 0x8308, 0x59E5, 0x8308, 0x8308, 0x59E5,
    0x8308, 0x8308, 0x59E5, 0x8308, 0x8308, 0x8308, 0x8308, 0x59E5, 0x59E5, 0x8308, 0x59E5, 0x8308,
    0x59E5, 0x8308, 0x8308, 0x59E5, 0x8308, 0x8308, 0x59E5, 0x8308, 0x8308, 0x8308, 0x8308, 0x59E5,
    0x59E5, 0x8308, 0x59E5, 0x8308, 0x59E5, 0x8308, 0x8308, 0x59E5, 0x59E5, 0x8308, 0x59E5, 0x59E5,
    0x8308, 0x8308, 0x8308, 0x59E5, 0x8308, 0x59E5, 0x59E5, 0x59E5, 0x8308, 0x59E5, 0x59E5, 0x8308,
    0x59E5, 0x8308, 0x59E5, 0x59E5, 0x8308, 0x8308, 0x8308, 0x59E5, 0x8308, 0x59E5, 0x59E5, 0x59E5,
    0x8308, 0x59E5, 0x59E5, 0x8308, 0x59E5, 0x8308, 0x59E5, 0x59E5, 0x8308, 0x8308, 0x8308, 0x59E5,
    0x8308, 0x59E5, 0x59E5, 0x59E5, 0x8308, 0x59E5, 0x59E5, 0x8308, 0x59E5, 0x8308, 0x59E5, 0x59E5,
    0x8308, 0x8308, 0x8308, 0x59E5, 0x8308, 0x59E5, 0x59E5, 0x59E5, 0x0000, 0xC638, 0x9BE9, 0x9BE9,
    0x9BE9, 0x9BE9, 0x9BE9, 0x9BE9, 0x9BE9, 0x9BE9, 0x9BE9, 0x9BE9, 0x9BE9, 0x9BE9, 0x9BE9, 0x9BE9,
    0x9BE9, 0x9BE9, 0x9BE9, 0x9BE9, 0x9BE9, 0x9BE9, 0x9BE9, 0x9BE9, 0x9BE9, 0x9BE9, 0x9BE9, 0x9BE9,
    0x9BE9, 0x9BE9, 0x9BE9, 0x9BE9, 0x9BE9, 0x9BE9, 0x9BE9, 0x9BE9, 0x9BE9, 0x9BE9, 0x9BE9, 0x9BE9,
    0x9BE9, 0x9BE9, 0x9BE9, 0x9BE9, 0x9BE9, 0x9BE9, 0x9BE9, 0x9BE9, 0x9BE9, 0x9BE9, 0x9BE9, 0x9BE9,
    0x9BE9, 0x9BE9, 0x9BE9, 0x9BE9, 0x9BE9, 0x9BE9, 0x9BE9, 0x9BE9, 0x9BE9, 0x9BE9, 0x9BE9, 0x9BE9,
    0x9BE9, 0x9BE9, 0x9BE9, 0x9BE9, 0x9BE9, 0x9BE9, 0x9BE9, 0x9BE9, 0x9BE9, 0x9BE9, 0x9BE9, 0x9BE9,
    0x9BE9, 0x9BE9, 0x9BE9, 0x9BE9, 0x9BE9, 0x9BE9, 0x9BE9, 0x9BE9, 0x9BE9, 0x9BE9, 0x9BE9, 0x9BE9,
    0x9BE9, 0x9BE9, 0x9BE9, 0x9BE9, 0x9BE9, 0x9BE9, 0x9BE9, 0x9BE9, 0x9BE9, 0x9BE9, 0x9BE9, 0x9BE9,
    0x9BE9, 0x9BE9, 0x9BE9, 0x9BE9, 0x9BE9, 0x9BE9, 0x9BE9, 0x9BE9, 0x9BE9, 0x9BE9, 0x9BE9, 0x9BE9,
    0x9BE9, 0x9BE9, 0x9BE9, 0x9BE9, 0x9BE9, 0x9BE9, 0x9BE9, 0x9BE9, 0x9BE9, 0x9BE9, 0x9BE9, 0x9BE9,
    0x9BE9, 0x9BE9, 0x9BE9, 0x9BE9, 0x9BE9, 0x9BE9, 0x9BE9, 0x9BE9, 0x9BE9, 0x9BE9, 0x9BE9, 0x9BE9,
    0x9BE9, 0x9BE9, 0x9BE9, 0x9BE9, 0x9BE9, 0x9BE9, 0x9BE9, 0x9BE9, 0x9BE9, 0x9BE9, 0x9BE9, 0x9BE9,
    0x9BE9, 0x9BE9, 0x9BE9, 0x9BE9, 0x9BE9, 0x9BE9, 0x9BE9, 0x9BE9, 0x9BE9, 0x9BE9, 0x9BE9, 0x9BE9,
    0x9BE9, 0x9BE9, 0x9BE9, 0x9BE9, 0x9BE9, 0x9BE9, 0x9BE9, 0x9BE9, 0x9BE9, 0x9BE9, 0x9BE9, 0x9BE9,
    0x9BE9, 0x9BE9, 0x9BE9, 0x9BE9, 0x9BE9, 0x9BE9, 0x9BE9, 0x9BE9, 0x9BE9, 0x9BE9, 0x9BE9, 0x9BE9,
    0x9BE9, 0x9BE9, 0x9BE9, 0x9BE9, 0x9BE9, 0x9BE9, 0x9BE9, 0x9BE9, 0x9BE9, 0x9BE9, 0x9BE9, 0x9BE9,
    0x9BE9, 0x9BE9, 0x31A6, 0x0000, 0x8308, 0x8308, 0x8308, 0x59E5, 0x8308, 0x59E5, 0x59E5, 0x59E5,
    0x8308, 0x59E5, 0x59E5, 0x8308, 0x59E5, 0x8308, 0x59E5, 0x59E5, 0x8308, 0x8308, 0x8308, 0x59E5,
    0x8308, 0x59E5, 0x59E5, 0x59E5, 0x8308, 0x59E5, 0x59E5, 0x8308, 0x59E5, 0x8308, 0x59E5, 0x59E5,
    0x8308, 0x8308, 0x8308, 0x59E5, 0x8308, 0x59E5, 0x59E5, 0x59E5, 0x8308, 0x59E5, 0x59E5, 0x8308,
    0x59E5, 0x8308, 0x59E5, 0x59E5, 0x8308, 0x8308, 0x8308, 0x59E5, 0x8308, 0x59E5, 0x59E5, 0x59E5,
    0x8308, 0x59E5, 0x59E5, 0x8308, 0x8308, 0x59E5, 0x8308, 0x8308, 0x8308, 0x8308, 0x8308, 0x8308,
    0x59E5, 0x59E5, 0x59E5, 0x8308, 0x8308, 0x8308, 0x59E5, 0x8308, 0x8308, 0x59E5, 0x8308, 0x8308,
    0x8308, 0x8308, 0x8308, 0x8308, 0x59E5, 0x59E5, 0x59E5, 0x8308, 0x8308, 0x8308, 0x59E5, 0x8308,
    0x8308, 0x59E5, 0x8308, 0x8308, 0x8308, 0x8308, 0x8308, 0x8308, 0x59E5, 0x59E5, 0x59E5, 0x8308,
    0x8308, 0x8308, 0x59E5, 0x8308, 0x8308, 0x59E5, 0x8308, 0x8308, 0x8308, 0x8308, 0x8308, 0x8308,
    0x59E5, 0x59E5, 0x59E5, 0x8308, 0x0000, 0xC638, 0x9BE9, 0x9BE9, 0x9BE9, 0x9BE9, 0x9BE9, 0x9BE9,
    0x9BE9, 0x9BE9, 0x9BE9, 0x9BE9, 0x9BE9, 0x9BE9, 0x9BE9, 0x9BE9, 0x9BE9, 0x9BE9, 0x9BE9, 0x9BE9,
    0x9BE9, 0x9BE9, 0x9BE9, 0x9BE9, 0x9BE9, 0x9BE9, 0x9BE9, 0x9BE9, 0x9BE9, 0x9BE9, 0x9BE9, 0x9BE9,
    0x9BE9, 0x9BE9, 0x9BE9, 0x9BE9, 0x9BE9, 0x9BE9, 0x9BE9, 0x9BE9, 0x9BE9, 0x9BE9, 0x9BE9, 0x9BE9,
    0x9BE9, 0x9BE9, 0x9BE9, 0x9BE9, 0x9BE9, 0x9BE9, 0x9BE9, 0x9BE9, 0x9BE9, 0x9BE9, 0x9BE9, 0x9BE9,
    0x9BE9, 0x9BE9, 0x9BE9, 0x9BE9, 0x9BE9, 0x9BE9, 0x9BE9, 0x9BE9, 0x9BE9, 0x9BE9, 0x9BE9, 0x9BE9,
    0x9BE9, 0x9BE9, 0x9BE9, 0x9BE9, 0x9BE9, 0x9BE9, 0x9BE9, 0x9BE9, 0x9BE9, 0x9BE9, 0x9BE9, 0x9BE9,
    0x9BE9, 0x9BE9, 0x9BE9, 0x9BE9, 0x9BE9, 0x9BE9, 0x9BE9, 0x9BE9, 0x9BE9, 0x9BE9, 0x9BE9, 0x9BE9,
    0x9BE9, 0x9BE9, 0x9BE9, 0x9BE9, 0x9BE9, 0x9BE9, 0x9BE9, 0x9BE9, 0x9BE9, 0x9BE9, 0x9BE9, 0x9BE9,
    0x9BE9, 0x9BE9, 0x9BE9, 0x9BE9, 0x9BE9, 0x9BE9, 0x9BE9, 0x9BE9, 0x9BE9, 0x9BE9, 0x9BE9, 0x9BE9,
    0x9BE9, 0x9BE9, 0x9BE9, 0x9BE9, 0x9BE9, 0x9BE9, 0x9BE9, 0x9BE9, 0x9BE9, 0x9BE9, 0x9BE9, 0x9BE9,
    0x9BE9, 0x9BE9, 0x9BE9, 0x9BE9, 0x9BE9, 0x9BE9, 0x9BE9, 0x9BE9, 0x9BE9, 0x9BE9, 0x9BE9, 0x9BE9,
    0x9BE9, 0x9BE9, 0x9BE9, 0x9BE9, 0x9BE9, 0x9BE9, 0x9BE9, 0x9BE9, 0x9BE9, 0x9BE9, 0x9BE9, 0x9BE9,
    0x9BE9, 0x9BE9, 0x9BE9, 0x9BE9, 0x9BE9, 0x9BE9, 0x9BE9, 0x9BE9, 0x9BE9, 0x9BE9, 0x9BE9, 0x9BE9,
    0x9BE9, 0x9BE9, 0x9BE9, 0x9BE9, 0x9BE9, 0x9BE9, 0x9BE9, 0x9BE9, 0x9BE9, 0x9BE9, 0x9BE9, 0x9BE9,
    0x9BE9, 0x9BE9, 0x9BE9, 0x9BE9, 0x9BE9, 0x9BE9, 0x9BE9, 0x9BE9, 0x9BE9, 0x9BE9, 0x9BE9, 0x9BE9,
    0x9BE9, 0x9BE9, 0x9BE9, 0x9BE9, 0x9BE9, 0x9BE9, 0x9BE9, 0x9BE9, 0x9BE9, 0x9BE9, 0x31A6, 0x0000,
    0x8308, 0x8308, 0x8308, 0x8308, 0x59E5, 0x59E5, 0x59E5, 0x8308, 0x8308, 0x8308, 0x59E5, 0x8308,
    0x8308, 0x59E5, 0x8308, 0x8308, 0x8308, 0x8308, 0x8308, 0x8308, 0x59E5, 0x59E5, 0x59E5, 0x8308,
    0x8308, 0x8308, 0x59E5, 0x8308, 0x8308, 0x59E5, 0x8308, 0x8308, 0x8308, 0x8308, 0x8308, 0x8308,
    0x59E5, 0x59E5, 0x59E5, 0x8308, 0x8308, 0x8308, 0x59E5, 0x8308, 0x8308, 0x59E5, 0x8308, 0x8308,
    0x8308, 0x8308, 0x8308, 0x8308, 0x59E5, 0x59E5, 0x59E5, 0x8308, 0x8308, 0x8308, 0x59E5, 0x8308,
    0x8308, 0x8308, 0x8308, 0x8308, 0x59E5, 0x8308, 0x8308, 0x8308, 0x8308, 0x8308, 0x8308, 0x8308,
    0x8308, 0x8308, 0x8308, 0x8308, 0x8308, 0x8308, 0x8308, 0x8308, 0x59E5, 0x8308, 0x8308, 0x8308,
    0x8308, 0x8308, 0x8308, 0x8308, 0x8308, 0x8308, 0x8308, 0x8308, 0x8308, 0x8308, 0x8308, 0x8308,
    0x59E5, 0x8308, 0x8308, 0x8308, 0x8308, 0x8308, 0x8308, 0x8308, 0x8308, 0x8308, 0x8308, 0x8308,
    0x8308, 0x8308, 0x8308, 0x8308, 0x59E5, 0x8308, 0x8308, 0x8308, 0x8308, 0x8308, 0x8308, 0x8308,
    0x0000, 0xC638, 0x9BE9, 0x9BE9, 0x9BE9, 0x9BE9, 0x9BE9, 0x9BE9, 0x9BE9, 0x9BE9, 0x9BE9, 0x9BE9,
    0x9BE9, 0x9BE9, 0x9BE9, 0x9BE9, 0x9BE9, 0x9BE9, 0x9BE9, 0x9BE9, 0x9BE9, 0x9BE9, 0x9BE9, 0x9BE9,
    0x9BE9, 0x9BE9, 0x9BE9, 0x9BE9, 0x9BE9, 0x9BE9, 0x9BE9, 0x9BE9, 0x9BE9, 0x9BE9, 0x9BE9, 0x9BE9,
    0x9BE9, 0x9BE9, 0x9BE9, 0x9BE9, 0x9BE9, 0x9BE9, 0x9BE9, 0x9BE9, 0x9BE9, 0x9BE9, 0x9BE9, 0x9BE9,
    0x9BE9, 0x9BE9, 0x9BE9, 0x9BE9, 0x9BE9, 0x9BE9, 0x9BE9, 0x9BE9, 0x9BE9, 0x9BE9, 0x9BE9, 0x9BE9,
    0x9BE9, 0x9BE9, 0x9BE9, 0x9BE9, 0x9BE9, 0x9BE9, 0x9BE9, 0x9BE9, 0x9BE9, 0x9BE9, 0x9BE9, 0x9BE9,
    0x9BE9, 0x9BE9, 0x9BE9, 0x9BE9, 0x9BE9, 0x9BE9, 0x9BE9, 0x9BE9, 0x9BE9, 0x9BE9, 0x9BE9, 0x9BE9,
    0x9BE9, 0x9BE9, 0x9BE9, 0x9BE9, 0x9BE9, 0x9BE9, 0x9BE9, 0x9BE9, 0x9BE9, 0x9BE9, 0x9BE9, 0x9BE9,
    0x9BE9, 0x9BE9, 0x9BE9, 0x9BE9, 0x9BE9, 0x9BE9, 0x9BE9, 0x9BE9, 0x9BE9, 0x9BE9, 0x9BE9, 0x9BE9,
    0x9BE9, 0x9BE9, 0x9BE9, 0x9BE9, 0x9BE9, 0x9BE9, 0x9BE9, 0x9BE9, 0x9BE9, 0x9BE9, 0x9BE9, 0x9BE9,
    0x9BE9, 0x9BE9, 0x9BE9, 0x9BE9, 0x9BE9, 0x9BE9, 0x9BE9, 0x9BE9, 0x9BE9, 0x9BE9, 0x9BE9, 0x9BE9,
    0x9BE9, 0x9BE9, 0x9BE9, 0x9BE9, 0x9BE9, 0x9BE9, 0x9BE9, 0x9BE9, 0x9BE9, 0x9BE9, 0x9BE9, 0x9BE9,
    0x9BE9, 0x9BE9, 0x9BE9, 0x9BE9, 0x9BE9, 0x9BE9, 0x9BE9, 0x9BE9, 0x9BE9, 0x9BE9, 0x9BE9, 0x9BE9,
    0x9BE9, 0x9BE9, 0x9BE9, 0x9BE9, 0x9BE9, 0x9BE9, 0x9BE9, 0x9BE9, 0x9BE9, 0x9BE9, 0x9BE9, 0x9BE9,
    0x9BE9, 0x9BE9, 0x9BE9, 0x9BE9, 0x9BE9, 0x9BE9, 0x9BE9, 0x9BE9, 0x9BE9, 0x9BE9, 0x9BE9, 0x9BE9,
    0x9BE9, 0x9BE9, 0x9BE9, 0x9BE9, 0x9BE9, 0x9BE9, 0x9BE9, 0x9BE9, 0x9BE9, 0x9BE9, 0x9BE9, 0x9BE9,
    0x9BE9, 0x9BE9, 0x9BE9, 0x9BE9, 0x9BE9, 0x9BE9, 0x31A6, 0x0000, 0x59E5, 0x8308, 0x8308, 0x8308,
    0x8308, 0x8308, 0x8308, 0x8308, 0x8308, 0x8308, 0x8308, 0x8308, 0x8308, 0x8308, 0x8308, 0x8308,
    0x59E5, 0x8308, 0x8308, 0x8308, 0x8308, 0x8308, 0x8308, 0x8308, 0x8308, 0x8308, 0x8308, 0x8308,
    0x8308, 0x8308, 0x8308, 0x8308, 0x59E5, 0x8308, 0x8308, 0x8308, 0x8308, 0x8308, 0x8308, 0x8308,
    0x8308, 0x8308, 0x8308, 0x8308, 0x8308, 0x8308, 0x8308, 0x8308, 0x59E5, 0x8308, 0x8308, 0x8308,
    0x8308, 0x8308, 0x8308, 0x8308, 0x8308, 0x8308, 0x8308, 0x8308, 0x8308, 0x8308, 0x8308, 0x8308,
    0x8308, 0x8308, 0x8308, 0x8308, 0x59E5, 0x8308, 0x8308, 0x8308, 0x8308, 0x8308, 0x8308, 0x8308,
    0x8308, 0x8308, 0x8308, 0x8308, 0x8308, 0x8308, 0x8308, 0x8308, 0x59E5, 0x8308, 0x8308, 0x8308,
    0x8308, 0x8308, 0x8308, 0x8308, 0x8308, 0x8308, 0x8308, 0x8308, 0x8308, 0x8308, 0x8308, 0x8308,
    0x59E5, 0x8308, 0x8308, 0x8308, 0x8308, 0x8308, 0x8308, 0x8308, 0x8308, 0x8308, 0x8308, 0x8308,
    0x8308, 0x8308, 0x8308, 0x8308, 0x59E5, 0x8308, 0x8308, 0x8308, 0x0000, 0xC638, 0x9BE9, 0x9BE9,
    0x9BE9, 0x9BE9, 0x9BE9, 0x9BE9, 0x9BE9, 0x9BE9, 0x9BE9, 0x9BE9, 0x9BE9, 0x9BE9, 0x9BE9, 0x9BE9,
    0x9BE9, 0x9BE9, 0x9BE9, 0x9BE9, 0x9BE9, 0x9BE9, 0x9BE9, 0x9BE9, 0x9BE9, 0x9BE9, 0x9BE9, 0x9BE9,
    0x9BE9, 0x9BE9, 0x9BE9, 0x9BE9, 0x9BE9, 0x9BE9, 0x9BE9, 0x9BE9, 0x9BE9, 0x9BE9, 0x9BE9, 0x9BE9,
    0x9BE9, 0x9BE9, 0x9BE9, 0x9BE9, 0x9BE9, 0x9BE9, 0x9BE9, 0x9BE9, 0x9BE9, 0x9BE9, 0x9BE9, 0x9BE9,
    0x9BE9, 0x9BE9, 0x9BE9, 0x9BE9, 0x9BE9, 0x9BE9, 0x9BE9, 0x9BE9, 0x9BE9, 0x9BE9, 0x9BE9, 0x9BE9,
    0x9BE9, 0x9BE9, 0x9BE9, 0x9BE9, 0x9BE9, 0x9BE9, 0x9BE9, 0x9BE9, 0x9BE9, 0x9BE9, 0x9BE9, 0x9BE9,
    0x9BE9, 0x9BE9, 0x9BE9, 0x9BE9, 0x9BE9, 0x9BE9, 0x9BE9, 0x9BE9, 0x9BE9, 0x9BE9, 0x9BE9, 0x9BE9,
    0x9BE9, 0x9BE9, 0x9BE9, 0x9BE9, 0x9BE9, 0x9BE9, 0x9BE9, 0x9BE9, 0x9BE9, 0x9BE9, 0x9BE9, 0x9BE9,
    0x9BE9, 0x9BE9, 0x9BE9, 0x9BE9, 0x9BE9, 0x9BE9, 0x9BE9, 0x9BE9, 0x9BE9, 0x9BE9, 0x9BE9, 0x9BE9,
    0x9BE9, 0x9BE9, 0x9BE9, 0x9BE9, 0x9BE9, 0x9BE9, 0x9BE9, 0x9BE9, 0x9BE9, 0x9BE9, 0x9BE9, 0x9BE9,
    0x9BE9, 0x9BE9, 0x9BE9, 0x9BE9, 0x9BE9, 0x9BE9, 0x9BE9, 0x9BE9, 0x9BE9, 0x9BE9, 0x9BE9, 0x9BE9,
    0x9BE9, 0x9BE9, 0x9BE9, 0x9BE9, 0x9BE9, 0x9BE9, 0x9BE9, 0x9BE9, 0x9BE9, 0x9BE9, 0x9BE9, 0x9BE9,
    0x9BE9, 0x9BE9, 0x9BE9, 0x9BE9, 0x9BE9, 0x9BE9, 0x9BE9, 0x9BE9, 0x9BE9, 0x9BE9, 0x9BE9, 0x9BE9,
    0x9BE9, 0x9BE9, 0x9BE9, 0x9BE9, 0x9BE9, 0x9BE9, 0x9BE9, 0x9BE9, 0x9BE9, 0x9BE9, 0x9BE9, 0x9BE9,
    0x9BE9, 0x9BE9, 0x9BE9, 0x9BE9, 0x9BE9, 0x9BE9, 0x9BE9, 0x9BE9, 0x9BE9, 0x9BE9, 0x9BE9, 0x9BE9,
    0x9BE9, 0x9BE9, 0x9BE9, 0x9BE9, 0x9BE9, 0x9BE9, 0x9BE9, 0x9BE9, 0x9BE9, 0x9BE9, 0x9BE9, 0x9BE9,
    0x9BE9, 0x9BE9, 0x31A6, 0x0000, 0x8308, 0x8308, 0x8308, 0x8308, 0x59E5, 0x8308, 0x8308, 0x8308,
    0x8308, 0x8308, 0x8308, 0x8308, 0x8308, 0x8308, 0x8308, 0x8308, 0x8308, 0x8308, 0x8308, 0x8308,
    0x59E5, 0x8308, 0x8308, 0x8308, 0x8308, 0x8308, 0x8308, 0x8308, 0x8308, 0x8308, 0x8308, 0x8308,
    0x8308, 0x8308, 0x8308, 0x8308, 0x59E5, 0x8308, 0x8308, 0x8308, 0x8308, 0x8308, 0x8308, 0x8308,
    0x8308, 0x8308, 0x8308, 0x8308, 0x8308, 0x8308, 0x8308, 0x8308, 0x59E5, 0x8308, 0x8308, 0x8308,
    0x8308, 0x8308, 0x8308, 0x8308, 0x8308, 0x8308, 0x59E5, 0x8308, 0x59E5, 0x8308, 0x8308, 0x59E5,
    0x8308, 0x8308, 0x8308, 0x8308, 0x59E5, 0x59E5, 0x8308, 0x8308, 0x8308, 0x8308, 0x59E5, 0x8308,
    0x59E5, 0x8308, 0x8308, 0x59E5, 0x8308, 0x8308, 0x8308, 0x8308, 0x59E5, 0x59E5, 0x8308, 0x8308,
    0x8308, 0x8308, 0x59E5, 0x8308, 0x59E5, 0x8308, 0x8308, 0x59E5, 0x8308, 0x8308, 0x8308, 0x8308,
    0x59E5, 0x59E5, 0x8308, 0x8308, 0x8308, 0x8308, 0x59E5, 0x8308, 0x59E5, 0x8308, 0x8308, 0x59E5,
    0x8308, 0x8308, 0x8308, 0x8308, 0x0000, 0xC638, 0x9BE9, 0x9BE9, 0x9BE9, 0x9BE9, 0x9BE9, 0x9BE9,
    0x9BE9, 0x9BE9, 0x9BE9, 0x9BE9, 0x9BE9, 0x9BE9, 0x9BE9, 0x9BE9, 0x9BE9, 0x9BE9, 0x9BE9, 0x9BE9,
    0x9BE9, 0x9BE9, 0x9BE9, 0x9BE9, 0x9BE9, 0x9BE9, 0x9BE9, 0x9BE9, 0x9BE9, 0x9BE9, 0x9BE9, 0x9BE9,
    0x9BE9, 0x9BE9, 0x9BE9, 0x9BE9, 0x9BE9, 0x9BE9, 0x9BE9, 0x9BE9, 0x9BE9, 0x9BE9, 0x9BE9, 0x9BE9,
    0x9BE9, 0x9BE9, 0x9BE9, 0x9BE9, 0x9BE9, 0x9BE9, 0x9BE9, 0x9BE9, 0x9BE9, 0x9BE9, 0x9BE9, 0x9BE9,
    0x9BE9, 0x9BE9, 0x9BE9, 0x9BE9, 0x9BE9, 0x9BE9, 0x9BE9, 0x9BE9, 0x9BE9, 0x9BE9, 0x9BE9, 0x9BE9,
    0x9BE9, 0x9BE9, 0x9BE9, 0x9BE9, 0x9BE9, 0x9BE9, 0x9BE9, 0x9BE9, 0x9BE9, 0x9BE9, 0x9BE9, 0x9BE9,
    0x9BE9, 0x9BE9, 0x9BE9, 0x9BE9, 0x9BE9, 0x9BE9, 0x9BE9, 0x9BE9, 0x9BE9, 0x9BE9, 0x9BE9, 0x9BE9,
    0x9BE9, 0x9BE9, 0x9BE9, 0x9BE9, 0x9BE9, 0x9BE9, 0x9BE9, 0x9BE9, 0x9BE9, 0x9BE9, 0x9BE9, 0x9BE9,
    0x9BE9, 0x9BE9, 0x9BE9, 0x9BE9, 0x9BE9, 0x9BE9, 0x9BE9, 0x9BE9, 0x9BE9, 0x9BE9, 0x9BE9, 0x9BE9,
    0x9BE9, 0x9BE9, 0x9BE9, 0x9BE9, 0x9BE9, 0x9BE9, 0x9BE9, 0x9BE9, 0x9BE9, 0x9BE9, 0x9BE9, 0x9BE9,
    0x9BE9, 0x9BE9, 0x9BE9, 0x9BE9, 0x9BE9, 0x9BE9, 0x9BE9, 0x9BE9, 0x9BE9, 0x9BE9, 0x9BE9, 0x9BE9,
    0x9BE9, 0x9BE9, 0x9BE9, 0x9BE9, 0x9BE9, 0x9BE9, 0x9BE9, 0x9BE9, 0x9BE9, 0x9BE9, 0x9BE9, 0x9BE9,
    0x9BE9, 0x9BE9, 0x9BE9, 0x9BE9, 0x9BE9, 0x9BE9, 0x9BE9, 0x9BE9, 0x9BE9, 0x9BE9, 0x9BE9, 0x9BE9,
    0x9BE9, 0x9BE9, 0x9BE9, 0x9BE9, 0x9BE9, 0x9BE9, 0x9BE9, 0x9BE9, 0x9BE9, 0x9BE9, 0x9BE9, 0x9BE9,
    0x9BE9, 0x9BE9, 0x9BE9, 0x9BE9, 0x9BE9, 0x9BE9, 0x9BE9, 0x9BE9, 0x9BE9, 0x9BE9, 0x9BE9, 0x9BE9,
    0x9BE9, 0x9BE9, 0x9BE9, 0x9BE9, 0x9BE9, 0x9BE9, 0x9BE9, 0x9BE9, 0x9BE9, 0x9BE9, 0x31A6, 0x0000,
    0x59E5, 0x8308, 0x8308, 0x59E5, 0x8308, 0x8308, 0x8308, 0x8308, 0x59E5, 0x59E5, 0x8308, 0x8308,
    0x8308, 0x8308, 0x59E5, 0x8308, 0x59E5, 0x8308, 0x8308, 0x59E5, 0x8308, 0x8308, 0x8308, 0x8308,
    0x59E5, 0x59E5, 0x8308, 0x8308, 0x8308, 0x8308, 0x59E5, 0x8308, 0x59E5, 0x8308, 0x8308, 0x59E5,
    0x8308, 0x8308, 0x8308, 0x8308, 0x59E5, 0x59E5, 0x8308, 0x8308, 0x8308, 0x8308, 0x59E5, 0x8308,
    0x59E5, 0x8308, 0x8308, 0x59E5, 0x8308, 0x8308, 0x8308, 0x8308, 0x59E5, 0x59E5, 0x8308, 0x8308,
    0x59E5, 0x59E5, 0x8308, 0x8308, 0x8308, 0x8308, 0x8308, 0x8308, 0x59E5, 0x8308, 0x8308, 0x8308,
    0x8308, 0x8308, 0x8308, 0x8308, 0x59E5, 0x59E5, 0x8308, 0x8308, 0x8308, 0x8308, 0x8308, 0x8308,
    0x59E5, 0x8308, 0x8308, 0x8308, 0x8308, 0x8308, 0x8308, 0x8308, 0x59E5, 0x59E5, 0x8308, 0x8308,
    0x8308, 0x8308, 0x8308, 0x8308, 0x59E5, 0x8308, 0x8308, 0x8308, 0x8308, 0x8308, 0x8308, 0x8308,
    0x59E5, 0x59E5, 0x8308, 0x8308, 0x8308, 0x8308, 0x8308, 0x8308, 0x59E5, 0x8308, 0x8308, 0x8308,
    0x0000, 0xC638, 0x9BE9, 0x9BE9, 0x9BE9, 0x9BE9, 0x9BE9, 0x9BE9, 0x9BE9, 0x9BE9, 0x9BE9, 0x9BE9,
    0x9BE9, 0x9BE9, 0x9BE9, 0x9BE9, 0x9BE9, 0x9BE9, 0x9BE9, 0x9BE9, 0x9BE9, 0x9BE9, 0x9BE9, 0x9BE9,
    0x9BE9, 0x9BE9, 0x9BE9, 0x9BE9, 0x9BE9, 0x9BE9, 0x9BE9, 0x9BE9, 0x9BE9, 0x9BE9, 0x9BE9, 0x9BE9,
    0x9BE9, 0x9BE9, 0x9BE9, 0x9BE9, 0x9BE9, 0x9BE9, 0x9BE9, 0x9BE9, 0x9BE9, 0x9BE9, 0x9BE9, 0x9BE9,
    0x9BE9, 0x9BE9, 0x9BE9, 0x9BE9, 0x9BE9, 0x9BE9, 0x9BE9, 0x9BE9, 0x9BE9, 0x9BE9, 0x9BE9, 0x9BE9,
    0x9BE9, 0x9BE9, 0x9BE9, 0x9BE9, 0x9BE9, 0x9BE9, 0x9BE9, 0x9BE9, 0x9BE9, 0x9BE9, 0x9BE9, 0x9BE9,
    0x9BE9, 0x9BE9, 0x9BE9, 0x9BE9, 0x9BE9, 0x9BE9, 0x9BE9, 0x9BE9, 0x9BE9, 0x9BE9, 0x9BE9, 0x9BE9,
    0x9BE9, 0x9BE9, 0x9BE9, 0x9BE9, 0x9BE9, 0x9BE9, 0x9BE9, 0x9BE9, 0x9BE9, 0x9BE9, 0x9BE9, 0x9BE9,
    0x9BE9, 0x9BE9, 0x9BE9, 0x9BE9, 0x9BE9, 0x9BE9, 0x9BE9, 0x9BE9, 0x9BE9, 0x9BE9, 0x9BE9, 0x9BE9,
    0x9BE9, 0x9BE9, 0x9BE9, 0x9BE9, 0x9BE9, 0x9BE9, 0x9BE9, 0x9BE9, 0x9BE9, 0x9BE9, 0x9BE9, 0x9BE9,
    0x9BE9, 0x9BE9, 0x9BE9, 0x9BE9, 0x9BE9, 0x9BE9, 0x9BE9, 0x9BE9, 0x9BE9, 0x9BE9, 0x9BE9, 0x9BE9,
    0x9BE9, 0x9BE9, 0x9BE9, 0x9BE9, 0x9BE9, 0x9BE9, 0x9BE9, 0x9BE9, 0x9BE9, 0x9BE9, 0x9BE9, 0x9BE9,
    0x9BE9, 0x9BE9, 0x9BE9, 0x9BE9, 0x9BE9, 0x9BE9, 0x9BE9, 0x9BE9, 0x9BE9, 0x9BE9, 0x9BE9, 0x9BE9,
    0x9BE9, 0x9BE9, 0x9BE9, 0x9BE9, 0x9BE9, 0x9BE9, 0x9BE9, 0x9BE9, 0x9BE9, 0x9BE9, 0x9BE9, 0x9BE9,
    0x9BE9, 0x9BE9, 0x9BE9, 0x9BE9, 0x9BE9, 0x9BE9, 0x9BE9, 0x9BE9, 0x9BE9, 0x9BE9, 0x9BE9, 0x9BE9,
    0x9BE9, 0x9BE9, 0x9BE9, 0x9BE9, 0x9BE9, 0x9BE9, 0x9BE9, 0x9BE9, 0x9BE9, 0x9BE9, 0x9BE9, 0x9BE9,
    0x9BE9, 0x9BE9, 0x9BE9, 0x9BE9, 0x9BE9, 0x9BE9, 0x31A6, 0x0000, 0x8308, 0x8308, 0x8308, 0x8308,
    0x59E5, 0x8308, 0x8308, 0x8308, 0x8308, 0x8308, 0x8308, 0x8308, 0x59E5, 0x59E5, 0x8308, 0x8308,
    0x8308, 0x8308, 0x8308, 0x8308, 0x59E5, 0x8308, 0x8308, 0x8308, 0x8308, 0x8308, 0x8308, 0x8308,
    0x59E5, 0x59E5, 0x8308, 0x8308, 0x8308, 0x8308, 0x8308, 0x8308, 0x59E5, 0x8308, 0x8308, 0x8308,
    0x8308, 0x8308, 0x8308, 0x8308, 0x59E5, 0x59E5, 0x8308, 0x8308, 0x8308, 0x8308, 0x8308, 0x8308,
    0x59E5, 0x8308, 0x8308, 0x8308, 0x8308, 0x8308, 0x8308, 0x8308, 0x59E5, 0x8308, 0x8308, 0x8308,
    0x8308, 0x8308, 0x59E5, 0x59E5, 0x8308, 0x59E5, 0x59E5, 0x8308, 0x8308, 0x8308, 0x8308, 0x8308,
    0x59E5, 0x8308, 0x8308, 0x8308, 0x8308, 0x8308, 0x59E5, 0x59E5, 0x8308, 0x59E5, 0x59E5, 0x8308,
    0x8308, 0x8308, 0x8308, 0x8308, 0x59E5, 0x8308, 0x8308, 0x8308, 0x8308, 0x8308, 0x59E5, 0x59E5,
    0x8308, 0x59E5, 0x59E5, 0x8308, 0x8308, 0x8308, 0x8308, 0x8308, 0x59E5, 0x8308, 0x8308, 0x8308,
    0x8308, 0x8308, 0x59E5, 0x59E5, 0x8308, 0x59E5, 0x59E5, 0x8308, 0x0000, 0xC638, 0x9BE9, 0x9BE9,
    0x9BE9, 0x9BE9, 0x9BE9, 0x9BE9, 0x9BE9, 0x9BE9, 0x9BE9, 0x9BE9, 0x9BE9, 0x9BE9, 0x9BE9, 0x9BE9,
    0x9BE9, 0x9BE9, 0x9BE9, 0x9BE9, 0x9BE9, 0x9BE9, 0x9BE9, 0x9BE9, 0x9BE9, 0x9BE9, 0x9BE9, 0x9BE9,
    0x9BE9, 0x9BE9, 0x9BE9, 0x9BE9, 0x9BE9, 0x9BE9, 0x9BE9, 0x9BE9, 0x9BE9, 0x9BE9, 0x9BE9, 0x9BE9,
    0x9BE9, 0x9BE9, 0x9BE9, 0x9BE9, 0x9BE9, 0x9BE9, 0x9BE9, 0x9BE9, 0x9BE9, 0x9BE9, 0x9BE9, 0x9BE9,
    0x9BE9, 0x9BE9, 0x9BE9, 0x9BE9, 0x9BE9, 0x9BE9, 0x9BE9, 0x9BE9, 0x9BE9, 0x9BE9, 0x9BE9, 0x9BE9,
    0x9BE9, 0x9BE9, 0x9BE9, 0x9BE9, 0x9BE9, 0x9BE9, 0x9BE9, 0x9BE9, 0x9BE9, 0x9BE9, 0x9BE9, 0x9BE9,
    0x9BE9, 0x9BE9, 0x9BE9, 0x9BE9, 0x9BE9, 0x9BE9, 0x9BE9, 0x9BE9, 0x9BE9, 0x9BE9, 0x9BE9, 0x9BE9,
    0x9BE9, 0x9BE9, 0x9BE9, 0x9BE9, 0x9BE9, 0x9BE9, 0x9BE9, 0x9BE9, 0x9BE9, 0x9BE9, 0x9BE9, 0x9BE9,
    0x9BE9, 0x9BE9, 0x9BE9, 0x9BE9, 0x9BE9, 0x9BE9, 0x9BE9, 0x9BE9, 0x9BE9, 0x9BE9, 0x9BE9, 0x9BE9,
    0x9BE9, 0x9BE9, 0x9BE9, 0x9BE9, 0x9BE9, 0x9BE9, 0x9BE9, 0x9BE9, 0x9BE9, 0x9BE9, 0x9BE9, 0x9BE9,
    0x9BE9, 0x9BE9, 0x9BE9, 0x9BE9, 0x9BE9, 0x9BE9, 0x9BE9, 0x9BE9, 0x9BE9, 0x9BE9, 0x9BE9, 0x9BE9,
    0x9BE9, 0x9BE9, 0x9BE9, 0x9BE9, 0x9BE9, 0x9BE9, 0x9BE9, 0x9BE9, 0x9BE9, 0x9BE9, 0x9BE9, 0x9BE9,
    0x9BE9, 0x9BE9, 0x9BE9, 0x9BE9, 0x9BE9, 0x9BE9, 0x9BE9, 0x9BE9, 0x9BE9, 0x9BE9, 0x9BE9, 0x9BE9,
    0x9BE9, 0x9BE9, 0x9BE9, 0x9BE9, 0x9BE9, 0x9BE9, 0x9BE9, 0x9BE9, 0x9BE9, 0x9BE9, 0x9BE9, 0x9BE9,
    0x9BE9, 0x9BE9, 0x9BE9, 0x9BE9, 0x9BE9, 0x9BE9, 0x9BE9, 0x9BE9, 0x9BE9, 0x9BE9, 0x9BE9, 0x9BE9,
    0x9BE9, 0x9BE9, 0x9BE9, 0x9BE9, 0x9BE9, 0x9BE9, 0x9BE9, 0x9BE9, 0x9BE9, 0x9BE9, 0x9BE9, 0x9BE9,
    0x9BE9, 0x9BE9, 0x31A6, 0x0000, 0x8308, 0x8308, 0x59E5, 0x59E5, 0x8308, 0x59E5, 0x59E5, 0x8308,
    0x8308, 0x8308, 0x8308, 0x8308, 0x59E5, 0x8308, 0x8308, 0x8308, 0x8308, 0x8308, 0x59E5, 0x59E5,
    0x8308, 0x59E5, 0x59E5, 0x8308, 0x8308, 0x8308, 0x8308, 0x8308, 0x59E5, 0x8308, 0x8308, 0x8308,
    0x8308, 0x8308, 0x59E5, 0x59E5, 0x8308, 0x59E5, 0x59E5, 0x8308, 0x8308, 0x8308, 0x8308, 0x8308,
    0x59E5, 0x8308, 0x8308, 0x8308, 0x8308, 0x8308, 0x59E5, 0x59E5, 0x8308, 0x59E5, 0x59E5, 0x8308,
    0x8308, 0x8308, 0x8308, 0x8308, 0x8308, 0x8308, 0x59E5, 0x59E5, 0x8308, 0x59E5, 0x8308, 0x8308,
    0x8308, 0x8308, 0x59E5, 0x59E5, 0x8308, 0x59E5, 0x8308, 0x59E5, 0x8308, 0x8308, 0x59E5, 0x59E5,
    0x8308, 0x59E5, 0x8308, 0x8308, 0x8308, 0x8308, 0x59E5, 0x59E5, 0x8308, 0x59E5, 0x8308, 0x59E5,
    0x8308, 0x8308, 0x59E5, 0x59E5, 0x8308, 0x59E5, 0x8308, 0x8308, 0x8308, 0x8308, 0x59E5, 0x59E5,
    0x8308, 0x59E5, 0x8308, 0x59E5, 0x8308, 0x8308, 0x59E5, 0x59E5, 0x8308, 0x59E5, 0x8308, 0x8308,
    0x8308, 0x8308, 0x59E5, 0x59E5, 0x0000, 0xC638, 0x9BE9, 0x9BE9, 0x9BE9, 0x9BE9, 0x9BE9, 0x9BE9,
    0x9BE9, 0x9BE9, 0x9BE9, 0x9BE9, 0x9BE9, 0x9BE9, 0x9BE9, 0x9BE9, 0x9BE9, 0x9BE9, 0x9BE9, 0x9BE9,
    0x9BE9, 0x9BE9, 0x9BE9, 0x9BE9, 0x9BE9, 0x9BE9, 0x9BE9, 0x9BE9, 0x9BE9, 0x9BE9, 0x9BE9, 0x9BE9,
    0x9BE9, 0x9BE9, 0x9BE9, 0x9BE9, 0x9BE9, 0x9BE9, 0x9BE9, 0x9BE9, 0x9BE9, 0x9BE9, 0x9BE9, 0x9BE9,
    0x9BE9, 0x9BE9, 0x9BE9, 0x9BE9, 0x9BE9, 0x9BE9, 0x9BE9, 0x9BE9, 0x9BE9, 0x9BE9, 0x9BE9, 0x9BE9,
    0x9BE9, 0x9BE9, 0x9BE9, 0x9BE9, 0x9BE9, 0x9BE9, 0x9BE9, 0x9BE9, 0x9BE9, 0x9BE9, 0x9BE9, 0x9BE9,
    0x9BE9, 0x9BE9, 0x9BE9, 0x9BE9, 0x9BE9, 0x9BE9, 0x9BE9, 0x9BE9, 0x9BE9, 0x9BE9, 0x9BE9, 0x9BE9,
    0x9BE9, 0x9BE9, 0x9BE9, 0x9BE9, 0x9BE9, 0x9BE9, 0x9BE9, 0x9BE9, 0x9BE9, 0x9BE9, 0x9BE9, 0x9BE9,
    0x9BE9, 0x9BE9, 0x9BE9, 0x9BE9, 0x9BE9, 0x9BE9, 0x9BE9, 0x9BE9, 0x9BE9, 0x9BE9, 0x9BE9, 0x9BE9,
    0x9BE9, 0x9BE9, 0x9BE9, 0x9BE9, 0x9BE9, 0x9BE9, 0x9BE9, 0x9BE9, 0x9BE9, 0x9BE9, 0x9BE9, 0x9BE9,
    0x9BE9, 0x9BE9, 0x9BE9, 0x9BE9, 0x9BE9, 0x9BE9, 0x9BE9, 0x9BE9, 0x9BE9, 0x9BE9, 0x9BE9, 0x9BE9,
    0x9BE9, 0x9BE9, 0x9BE9, 0x9BE9, 0x9BE9, 0x9BE9, 0x9BE9, 0x9BE9, 0x9BE9, 0x9BE9, 0x9BE9, 0x9BE9,
    0x9BE9, 0x9BE9, 0x9BE9, 0x9BE9, 0x9BE9, 0x9BE9, 0x9BE9, 0x9BE9, 0x9BE9, 0x9BE9, 0x9BE9, 0x9BE9,
    0x9BE9, 0x9BE9, 0x9BE9, 0x9BE9, 0x9BE9, 0x9BE9, 0x9BE9, 0x9BE9, 0x9BE9, 0x9BE9, 0x9BE9, 0x9BE9,
    0x9BE9, 0x9BE9, 0x9BE9, 0x9BE9, 0x9BE9, 0x9BE9, 0x9BE9, 0x9BE9, 0x9BE9, 0x9BE9, 0x9BE9, 0x9BE9,
    0x9BE9, 0x9BE9, 0x9BE9, 0x9BE9, 0x9BE9, 0x9BE9, 0x9BE9, 0x9BE9, 0x9BE9, 0x9BE9, 0x9BE9, 0x9BE9,
    0x9BE9, 0x9BE9, 0x9BE9, 0x9BE9, 0x9BE9, 0x9BE9, 0x9BE9, 0x9BE9, 0x9BE9, 0x9BE9, 0x31A6, 0x0000,
    0x8308, 0x59E5, 0x8308, 0x8308, 0x8308, 0x8308, 0x59E5, 0x59E5, 0x8308, 0x59E5, 0x8308, 0x59E5,
    0x8308, 0x8308, 0x59E5, 0x59E5, 0x8308, 0x59E5, 0x8308, 0x8308, 0x8308, 0x8308, 0x59E5, 0x59E5,
    0x8308, 0x59E5, 0x8308, 0x59E5, 0x8308, 0x8308, 0x59E5, 0x59E5, 0x8308, 0x59E5, 0x8308, 0x8308,
    0x8308, 0x8308, 0x59E5, 0x59E5, 0x8308, 0x59E5, 0x8308, 0x59E5, 0x8308, 0x8308, 0x59E5, 0x59E5,
    0x8308, 0x59E5, 0x8308, 0x8308, 0x8308, 0x8308, 0x59E5, 0x59E5, 0x8308, 0x59E5, 0x8308, 0x59E5,
    0x8308, 0x8308, 0x8308, 0x8308, 0x8308, 0x8308, 0x59E5, 0x8308, 0x8308, 0x8308, 0x59E5, 0x8308,
    0x59E5, 0x8308, 0x8308, 0x59E5, 0x8308, 0x8308, 0x8308, 0x8308, 0x8308, 0x8308, 0x59E5, 0x8308,
    0x8308, 0x8308, 0x59E5, 0x8308, 0x59E5, 0x8308, 0x8308, 0x59E5, 0x8308, 0x8308, 0x8308, 0x8308,
    0x8308, 0x8308, 0x59E5, 0x8308, 0x8308, 0x8308, 0x59E5, 0x8308, 0x59E5, 0x8308, 0x8308, 0x59E5,
    0x8308, 0x8308, 0x8308, 0x8308, 0x8308, 0x8308, 0x59E5, 0x8308, 0x8308, 0x8308, 0x59E5, 0x8308,
    0x0000, 0xC638, 0x9BE9, 0x9BE9, 0x9BE9, 0x9BE9, 0x9BE9, 0x9BE9, 0x9BE9, 0x9BE9, 0x9BE9, 0x9BE9,
    0x9BE9, 0x9BE9, 0x9BE9, 0x9BE9, 0x9BE9, 0x9BE9, 0x9BE9, 0x9BE9, 0x9BE9, 0x9BE9, 0x9BE9, 0x9BE9,
    0x9BE9, 0x9BE9, 0x9BE9, 0x9BE9, 0x9BE9, 0x9BE9, 0x9BE9, 0x9BE9, 0x9BE9, 0x9BE9, 0x9BE9, 0x9BE9,
    0x9BE9, 0x9BE9, 0x9BE9, 0x9BE9, 0x9BE9, 0x9BE9, 0x9BE9, 0x9BE9, 0x9BE9, 0x9BE9, 0x9BE9, 0x9BE9,
    0x9BE9, 0x9BE9, 0x9BE9, 0x9BE9, 0x9BE9, 0x9BE9, 0x9BE9, 0x9BE9, 0x9BE9, 0x9BE9, 0x9BE9, 0x9BE9,
    0x9BE9, 0x9BE9, 0x9BE9, 0x9BE9, 0x9BE9, 0x9BE9, 0x9BE9, 0x9BE9, 0x9BE9, 0x9BE9, 0x9BE9, 0x9BE9,
    0x9BE9, 0x9BE9, 0x9BE9, 0x9BE9, 0x9BE9, 0x9BE9, 0x9BE9, 0x9BE9, 0x9BE9, 0x9BE9, 0x9BE9, 0x9BE9,
    0x9BE9, 0x9BE9, 0x9BE9, 0x9BE9, 0x9BE9, 0x9BE9, 0x9BE9, 0x9BE9, 0x9BE9, 0x9BE9, 0x9BE9, 0x9BE9,
    0x9BE9, 0x9BE9, 0x9BE9, 0x9BE9, 0x9BE9, 0x9BE9, 0x9BE9, 0x9BE9, 0x9BE9, 0x9BE9, 0x9BE9, 0x9BE9,
    0x9BE9, 0x9BE9, 0x9BE9, 0x9BE9, 0x9BE9, 0x9BE9, 0x9BE9, 0x9BE9, 0x9BE9, 0x9BE9, 0x9BE9, 0x9BE9,
    0x9BE9, 0x9BE9, 0x9BE9, 0x9BE9, 0x9BE9, 0x9BE9, 0x9BE9, 0x9BE9, 0x9BE9, 0x9BE9, 0x9BE9, 0x9BE9,
    0x9BE9, 0x9BE9, 0x9BE9, 0x9BE9, 0x9BE9, 0x9BE9, 0x9BE9, 0x9BE9, 0x9BE9, 0x9BE9, 0x9BE9, 0x9BE9,
    0x9BE9, 0x9BE9, 0x9BE9, 0x9BE9, 0x9BE9, 0x9BE9, 0x9BE9, 0x9BE9, 0x9BE9, 0x9BE9, 0x9BE9, 0x9BE9,
    0x9BE9, 0x9BE9, 0x9BE9, 0x9BE9, 0x9BE9, 0x9BE9, 0x9BE9, 0x9BE9, 0x9BE9, 0x9BE9, 0x9BE9, 0x9BE9,
    0x9BE9, 0x9BE9, 0x9BE9, 0x9BE9, 0x9BE9, 0x9BE9, 0x9BE9, 0x9BE9, 0x9BE9, 0x9BE9, 0x9BE9, 0x9BE9,
    0x9BE9, 0x9BE9, 0x9BE9, 0x9BE9, 0x9BE9, 0x9BE9, 0x9BE9, 0x9BE9, 0x9BE9, 0x9BE9, 0x9BE9, 0x9BE9,
    0x9BE9, 0x9BE9, 0x9BE9, 0x9BE9, 0x9BE9, 0x9BE9, 0x31A6, 0x0000, 0x8308, 0x8308, 0x59E5, 0x8308,
    0x8308, 0x8308, 0x59E5, 0x8308, 0x59E5, 0x8308, 0x8308, 0x59E5, 0x8308, 0x8308, 0x8308, 0x8308,
    0x8308, 0x8308, 0x59E5, 0x8308, 0x8308, 0x8308, 0x59E5, 0x8308, 0x59E5, 0x8308, 0x8308, 0x59E5,
    0x8308, 0x8308, 0x8308, 0x8308, 0x8308, 0x8308, 0x59E5, 0x8308, 0x8308, 0x8308, 0x59E5, 0x8308,
    0x59E5, 0x8308, 0x8308, 0x59E5, 0x8308, 0x8308, 0x8308, 0x8308, 0x8308, 0x8308, 0x59E5, 0x8308,
    0x8308, 0x8308, 0x59E5, 0x8308, 0x59E5, 0x8308, 0x8308, 0x59E5, 0x8308, 0x8308, 0x8308, 0x8308,
    0x59E5, 0x59E5, 0x8308, 0x59E5, 0x59E5, 0x59E5, 0x59E5, 0x8308, 0x8308, 0x8308, 0x8308, 0x8308,
    0x8308, 0x8308, 0x8308, 0x8308, 0x59E5, 0x59E5, 0x8308, 0x59E5, 0x59E5, 0x59E5, 0x59E5, 0x8308,
    0x8308, 0x8308, 0x8308, 0x8308, 0x8308, 0x8308, 0x8308, 0x8308, 0x59E5, 0x59E5, 0x8308, 0x59E5,
    0x59E5, 0x59E5, 0x59E5, 0x8308, 0x8308, 0x8308, 0x8308, 0x8308, 0x8308, 0x8308, 0x8308, 0x8308,
    0x59E5, 0x59E5, 0x8308, 0x59E5, 0x59E5, 0x59E5, 0x59E5, 0x8308, 0x0000, 0xC638, 0x9BE9, 0x9BE9,
    0x9BE9, 0x9BE9, 0x9BE9, 0x9BE9, 0x9BE9, 0x9BE9, 0x9BE9, 0x9BE9, 0x9BE9, 0x9BE9, 0x9BE9, 0x9BE9,
    0x9BE9, 0x9BE9, 0x9BE9, 0x9BE9, 0x9BE9, 0x9BE9, 0x9BE9, 0x9BE9, 0x9BE9, 0x9BE9, 0x9BE9, 0x9BE9,
    0x9BE9, 0x9BE9, 0x9BE9, 0x9BE9, 0x9BE9, 0x9BE9, 0x9BE9, 0x9BE9, 0x9BE9, 0x9BE9, 0x9BE9, 0x9BE9,
    0x9BE9, 0x9BE9, 0x9BE9, 0x9BE9, 0x9BE9, 0x9BE9, 0x9BE9, 0x9BE9, 0x9BE9, 0x9BE9, 0x9BE9, 0x9BE9,
    0x9BE9, 0x9BE9, 0x9BE9, 0x9BE9, 0x9BE9, 0x9BE9, 0x9BE9, 0x9BE9, 0x9BE9, 0x9BE9, 0x9BE9, 0x9BE9,
    0x9BE9, 0x9BE9, 0x9BE9, 0x9BE9, 0x9BE9, 0x9BE9, 0x9BE9, 0x9BE9, 0x9BE9, 0x9BE9, 0x9BE9, 0x9BE9,
    0x9BE9, 0x9BE9, 0x9BE9, 0x9BE9, 0x9BE9, 0x9BE9, 0x9BE9, 0x9BE9, 0x9BE9, 0x9BE9, 0x9BE9, 0x9BE9,
    0x9BE9, 0x9BE9, 0x9BE9, 0x9BE9, 0x9BE9, 0x9BE9, 0x9BE9, 0x9BE9, 0x9BE9, 0x9BE9, 0x9BE9, 0x9BE9,
    0x9BE9, 0x9BE9, 0x9BE9, 0x9BE9, 0x9BE9, 0x9BE9, 0x9BE9, 0x9BE9, 0x9BE9, 0x9BE9, 0x9BE9, 0x9BE9,
    0x9BE9, 0x9BE9, 0x9BE9, 0x9BE9, 0x9BE9, 0x9BE9, 0x9BE9, 0x9BE9, 0x9BE9, 0x9BE9, 0x9BE9, 0x9BE9,
    0x9BE9, 0x9BE9, 0x9BE9, 0x9BE9, 0x9BE9, 0x9BE9, 0x9BE9, 0x9BE9, 0x9BE9, 0x9BE9, 0x9BE9, 0x9BE9,
    0x9BE9, 0x9BE9, 0x9BE9, 0x9BE9, 0x9BE9, 0x9BE9, 0x9BE9, 0x9BE9, 0x9BE9, 0x9BE9, 0x9BE9, 0x9BE9,
    0x9BE9, 0x9BE9, 0x9BE9, 0x9BE9, 0x9BE9, 0x9BE9, 0x9BE9, 0x9BE9, 0x9BE9, 0x9BE9, 0x9BE9, 0x9BE9,
    0x9BE9, 0x9BE9, 0x9BE9, 0x9BE9, 0x9BE9, 0x9BE9, 0x9BE9, 0x9BE9, 0x9BE9, 0x9BE9, 0x9BE9, 0x9BE9,
    0x9BE9, 0x9BE9, 0x9BE9, 0x9BE9, 0x9BE9, 0x9BE9, 0x9BE9, 0x9BE9, 0x9BE9, 0x9BE9, 0x9BE9, 0x9BE9,
    0x9BE9, 0x9BE9, 0x9BE9, 0x9BE9, 0x9BE9, 0x9BE9, 0x9BE9, 0x9BE9, 0x9BE9, 0x9BE9, 0x9BE9, 0x9BE9,
    0x9BE9, 0x9BE9, 0x31A6, 0x0000, 0x59E5, 0x59E5, 0x8308, 0x59E5, 0x59E5, 0x59E5, 0x59E5, 0x8308,
    0x8308, 0x8308, 0x8308, 0x8308, 0x8308, 0x8308, 0x8308, 0x8308, 0x59E5, 0x59E5, 0x8308, 0x59E5,
    0x59E5, 0x59E5, 0x59E5, 0x8308, 0x8308, 0x8308, 0x8308, 0x8308, 0x8308, 0x8308, 0x8308, 0x8308,
    0x59E5, 0x59E5, 0x8308, 0x59E5, 0x59E5, 0x59E5, 0x59E5, 0x8308, 0x8308, 0x8308, 0x8308, 0x8308,
    0x8308, 0x8308, 0x8308, 0x8308, 0x59E5, 0x59E5, 0x8308, 0x59E5, 0x59E5, 0x59E5, 0x59E5, 0x8308,
    0x8308, 0x8308, 0x8308, 0x8308, 0x8308, 0x8308, 0x8308, 0x59E5, 0x8308, 0x8308, 0x8308, 0x8308,
    0x8308, 0x59E5, 0x59E5, 0x59E5, 0x8308, 0x8308, 0x8308, 0x8308, 0x8308, 0x8308, 0x8308, 0x59E5,
    0x8308, 0x8308, 0x8308, 0x8308, 0x8308, 0x59E5, 0x59E5, 0x59E5, 0x8308, 0x8308, 0x8308, 0x8308,
    0x8308, 0x8308, 0x8308, 0x59E5, 0x8308, 0x8308, 0x8308, 0x8308, 0x8308, 0x59E5, 0x59E5, 0x59E5,
    0x8308, 0x8308, 0x8308, 0x8308, 0x8308, 0x8308, 0x8308, 0x59E5, 0x8308, 0x8308, 0x8308, 0x8308,
    0x8308, 0x59E5, 0x59E5, 0x59E5, 0x0000, 0xC638, 0x9BE9, 0x9BE9, 0x9BE9, 0x9BE9, 0x9BE9, 0x9BE9,
    0x9BE9, 0x9BE9, 0x9BE9, 0x9BE9, 0x9BE9, 0x9BE9, 0x9BE9, 0x9BE9, 0x9BE9, 0x9BE9, 0x9BE9, 0x9BE9,
    0x9BE9, 0x9BE9, 0x9BE9, 0x9BE9, 0x9BE9, 0x9BE9, 0x9BE9, 0x9BE9, 0x9BE9, 0x9BE9, 0x9BE9, 0x9BE9,
    0x9BE9, 0x9BE9, 0x9BE9, 0x9BE9, 0x9BE9, 0x9BE9, 0x9BE9, 0x9BE9, 0x9BE9, 0x9BE9, 0x9BE9, 0x9BE9,
    0x9BE9, 0x9BE9, 0x9BE9, 0x9BE9, 0x9BE9, 0x9BE9, 0x9BE9, 0x9BE9, 0x9BE9, 0x9BE9, 0x9BE9, 0x9BE9,
    0x9BE9, 0x9BE9, 0x9BE9, 0x9BE9, 0x9BE9, 0x9BE9, 0x9BE9, 0x9BE9, 0x9BE9, 0x9BE9, 0x9BE9, 0x9BE9,
    0x9BE9, 0x9BE9, 0x9BE9, 0x9BE9, 0x9BE9, 0x9BE9, 0x9BE9, 0x9BE9, 0x9BE9, 0x9BE9, 0x9BE9, 0x9BE9,
    0x9BE9, 0x9BE9, 0x9BE9, 0x9BE9, 0x9BE9, 0x9BE9, 0x9BE9, 0x9BE9, 0x9BE9, 0x9BE9, 0x9BE9, 0x9BE9,
    0x9BE9, 0x9BE9, 0x9BE9, 0x9BE9, 0x9BE9, 0x9BE9, 0x9BE9, 0x9BE9, 0x9BE9, 0x9BE9, 0x9BE9, 0x9BE9,
    0x9BE9, 0x9BE9, 0x9BE9, 0x9BE9, 0x9BE9, 0x9BE9, 0x9BE9, 0x9BE9, 0x9BE9, 0x9BE9, 0x9BE9, 0x9BE9,
    0x9BE9, 0x9BE9, 0x9BE9, 0x9BE9, 0x9BE9, 0x9BE9, 0x9BE9, 0x9BE9, 0x9BE9, 0x9BE9, 0x9BE9, 0x9BE9,
    0x9BE9, 0x9BE9, 0x9BE9, 0x9BE9, 0x9BE9, 0x9BE9, 0x9BE9, 0x9BE9, 0x9BE9, 0x9BE9, 0x9BE9, 0x9BE9,
    0x9BE9, 0x9BE9, 0x9BE9, 0x9BE9, 0x9BE9, 0x9BE9, 0x9BE9, 0x9BE9, 0x9BE9, 0x9BE9, 0x9BE9, 0x9BE9,
    0x9BE9, 0x9BE9, 0x9BE9, 0x9BE9, 0x9BE9, 0x9BE9, 0x9BE9, 0x9BE9, 0x9BE9, 0x9BE9, 0x9BE9, 0x9BE9,
    0x9BE9, 0x9BE9, 0x9BE9, 0x9BE9, 0x9BE9, 0x9BE9, 0x9BE9, 0x9BE9, 0x9BE9, 0x9BE9, 0x9BE9, 0x9BE9,
    0x9BE9, 0x9BE9, 0x9BE9, 0x9BE9, 0x9BE9, 0x9BE9, 0x9BE9, 0x9BE9, 0x9BE9, 0x9BE9, 0x9BE9, 0x9BE9,
    0x9BE9, 0x9BE9, 0x9BE9, 0x9BE9, 0x9BE9, 0x9BE9, 0x9BE9, 0x9BE9, 0x9BE9, 0x9BE9, 0x31A6, 0x0000,
    0x8308, 0x8308, 0x8308, 0x8308, 0x8308, 0x59E5, 0x59E5, 0x59E5, 0x8308, 0x8308, 0x8308, 0x8308,
    0x8308, 0x8308, 0x8308, 0x59E5, 0x8308, 0x8308, 0x8308, 0x8308, 0x8308, 0x59E5, 0x59E5, 0x59E5,
    0x8308, 0x8308, 0x8308, 0x8308, 0x8308, 0x8308, 0x8308, 0x59E5, 0x8308, 0x8308, 0x8308, 0x8308,
    0x8308, 0x59E5, 0x59E5, 0x59E5, 0x8308, 0x8308, 0x8308, 0x8308, 0x8308, 0x8308, 0x8308, 0x59E5,
    0x8308, 0x8308, 0x8308, 0x8308, 0x8308, 0x59E5, 0x59E5, 0x59E5, 0x8308, 0x8308, 0x8308, 0x8308,
    0x8308, 0x8308, 0x59E5, 0x59E5, 0x8308, 0x8308, 0x8308, 0x8308, 0x59E5, 0x8308, 0x8308, 0x59E5,
    0x59E5, 0x8308, 0x8308, 0x8308, 0x8308, 0x8308, 0x59E5, 0x59E5, 0x8308, 0x8308, 0x8308, 0x8308,
    0x59E5, 0x8308, 0x8308, 0x59E5, 0x59E5, 0x8308, 0x8308, 0x8308, 0x8308, 0x8308, 0x59E5, 0x59E5,
    0x8308, 0x8308, 0x8308, 0x8308, 0x59E5, 0x8308, 0x8308, 0x59E5, 0x59E5, 0x8308, 0x8308, 0x8308,
    0x8308, 0x8308, 0x59E5, 0x59E5, 0x8308, 0x8308, 0x8308, 0x8308, 0x59E5, 0x8308, 0x8308, 0x59E5,
    0x0000, 0xC638, 0x9BE9, 0x9BE9, 0x9BE9, 0x9BE9, 0x9BE9, 0x9BE9, 0x9BE9, 0x9BE9, 0x9BE9, 0x9BE9,
    0x9BE9, 0x9BE9, 0x9BE9, 0x9BE9, 0x9BE9, 0x9BE9, 0x9BE9, 0x9BE9, 0x9BE9, 0x9BE9, 0x9BE9, 0x9BE9,
    0x9BE9, 0x9BE9, 0x9BE9, 0x9BE9, 0x9BE9, 0x9BE9, 0x9BE9, 0x9BE9, 0x9BE9, 0x9BE9, 0x9BE9, 0x9BE9,
    0x9BE9, 0x9BE9, 0x9BE9, 0x9BE9, 0x9BE9, 0x9BE9, 0x9BE9, 0x9BE9, 0x9BE9, 0x9BE9, 0x9BE9, 0x9BE9,
    0x9BE9, 0x9BE9, 0x9BE9, 0x9BE9, 0x9BE9, 0x9BE9, 0x9BE9, 0x9BE9, 0x9BE9, 0x9BE9, 0x9BE9, 0x9BE9,
    0x9BE9, 0x9BE9, 0x9BE9, 0x9BE9, 0x9BE9, 0x9BE9, 0x9BE9, 0x9BE9, 0x9BE9, 0x9BE9, 0x9BE9, 0x9BE9,
    0x9BE9, 0x9BE9, 0x9BE9, 0x9BE9, 0x9BE9, 0x9BE9, 0x9BE9, 0x9BE9, 0x9BE9, 0x9BE9, 0x9BE9, 0x9BE9,
    0x9BE9, 0x9BE9, 0x9BE9, 0x9BE9, 0x9BE9, 0x9BE9, 0x9BE9, 0x9BE9, 0x9BE9, 0x9BE9, 0x9BE9, 0x9BE9,
    0x9BE9, 0x9BE9, 0x9BE9, 0x9BE9, 0x9BE9, 0x9BE9, 0x9BE9, 0x9BE9, 0x9BE9, 0x9BE9, 0x9BE9, 0x9BE9,
    0x9BE9, 0x9BE9, 0x9BE9, 0x9BE9, 0x9BE9, 0x9BE9, 0x9BE9, 0x9BE9, 0x9BE9, 0x9BE9, 0x9BE9, 0x9BE9,
    0x9BE9, 0x9BE9, 0x9BE9, 0x9BE9, 0x9BE9, 0x9BE9, 0x9BE9, 0x9BE9, 0x9BE9, 0x9BE9, 0x9BE9, 0x9BE9,
    0x9BE9, 0x9BE9, 0x9BE9, 0x9BE9, 0x9BE9, 0x9BE9, 0x9BE9, 0x9BE9, 0x9BE9, 0x9BE9, 0x9BE9, 0x9BE9,
    0x9BE9, 0x9BE9, 0x9BE9, 0x9BE9, 0x9BE9, 0x9BE9, 0x9BE9, 0x9BE9, 0x9BE9, 0x9BE9, 0x9BE9, 0x9BE9,
    0x9BE9, 0x9BE9, 0x9BE9, 0x9BE9, 0x9BE9, 0x9BE9, 0x9BE9, 0x9BE9, 0x9BE9, 0x9BE9, 0x9BE9, 0x9BE9,
    0x9BE9, 0x9BE9, 0x9BE9, 0x9BE9, 0x9BE9, 0x9BE9, 0x9BE9, 0x9BE9, 0x9BE9, 0x9BE9, 0x9BE9, 0x9BE9,
    0x9BE9, 0x9BE9, 0x9BE9, 0x9BE9, 0x9BE9, 0x9BE9, 0x9BE9, 0x9BE9, 0x9BE9, 0x9BE9, 0x9BE9, 0x9BE9,
    0x9BE9, 0x9BE9, 0x9BE9, 0x9BE9, 0x9BE9, 0x9BE9, 0x31A6, 0x0000, 0x8308, 0x8308, 0x8308, 0x8308,
    0x59E5, 0x8308, 0x8308, 0x59E5, 0x59E5, 0x8308, 0x8308, 0x8308, 0x8308, 0x8308, 0x59E5, 0x59E5,
    0x8308, 0x8308, 0x8308, 0x8308, 0x59E5, 0x8308, 0x8308, 0x59E5, 0x59E5, 0x8308, 0x8308, 0x8308,
    0x8308, 0x8308, 0x59E5, 0x59E5, 0x8308, 0x8308, 0x8308, 0x8308, 0x59E5, 0x8308, 0x8308, 0x59E5,
    0x59E5, 0x8308, 0x8308, 0x8308, 0x8308, 0x8308, 0x59E5, 0x59E5, 0x8308, 0x8308, 0x8308, 0x8308,
    0x59E5, 0x8308, 0x8308, 0x59E5, 0x59E5, 0x8308, 0x8308, 0x8308, 0x59E5, 0x59E5, 0x59E5, 0x59E5,
    0x8308, 0x59E5, 0x8308, 0x8308, 0x59E5, 0x8308, 0x59E5, 0x8308, 0x59E5, 0x8308, 0x59E5, 0x59E5,
    0x59E5, 0x59E5, 0x59E5, 0x59E5, 0x8308, 0x59E5, 0x8308, 0x8308, 0x59E5, 0x8308, 0x59E5, 0x8308,
    0x59E5, 0x8308, 0x59E5, 0x59E5, 0x59E5, 0x59E5, 0x59E5, 0x59E5, 0x8308, 0x59E5, 0x8308, 0x8308,
    0x59E5, 0x8308, 0x59E5, 0x8308, 0x59E5, 0x8308, 0x59E5, 0x59E5, 0x59E5, 0x59E5, 0x59E5, 0x59E5,
    0x8308, 0x59E5, 0x8308, 0x8308, 0x59E5, 0x8308, 0x59E5, 0x8308, 0x0000, 0xC638, 0x9BE9, 0x9BE9,
    0x9BE9, 0x9BE9, 0x9BE9, 0x9BE9, 0x9BE9, 0x9BE9, 0x9BE9, 0x9BE9, 0x9BE9, 0x9BE9, 0x9BE9, 0x9BE9,
    0x9BE9, 0x9BE9, 0x9BE9, 0x9BE9, 0x9BE9, 0x9BE9, 0x9BE9, 0x9BE9, 0x9BE9, 0x9BE9, 0x9BE9, 0x9BE9,
    0x9BE9, 0x9BE9, 0x9BE9, 0x9BE9, 0x9BE9, 0x9BE9, 0x9BE9, 0x9BE9, 0x9BE9, 0x9BE9, 0x9BE9, 0x9BE9,
    0x9BE9, 0x9BE9, 0x9BE9, 0x9BE9, 0x9BE9, 0x9BE9, 0x9BE9, 0x9BE9, 0x9BE9, 0x9BE9, 0x9BE9, 0x9BE9,
    0x9BE9, 0x9BE9, 0x9BE9, 0x9BE9, 0x9BE9, 0x9BE9, 0x9BE9, 0x9BE9, 0x9BE9, 0x9BE9, 0x9BE9, 0x9BE9,
    0x9BE9, 0x9BE9, 0x9BE9, 0x9BE9, 0x9BE9, 0x9BE9, 0x9BE9, 0x9BE9, 0x9BE9, 0x9BE9, 0x9BE9, 0x9BE9,
    0x9BE9, 0x9BE9, 0x9BE9, 0x9BE9, 0x9BE9, 0x9BE9, 0x9BE9, 0x9BE9, 0x9BE9, 0x9BE9, 0x9BE9, 0x9BE9,
    0x9BE9, 0x9BE9, 0x9BE9, 0x9BE9, 0x9BE9, 0x9BE9, 0x9BE9, 0x9BE9, 0x9BE9, 0x9BE9, 0x9BE9, 0x9BE9,
    0x9BE9, 0x9BE9, 0x9BE9, 0x9BE9, 0x9BE9, 0x9BE9, 0x9BE9, 0x9BE9, 0x9BE9, 0x9BE9, 0x9BE9, 0x9BE9,
    0x9BE9, 0x9BE9, 0x9BE9, 0x9BE9, 0x9BE9, 0x9BE9, 0x9BE9, 0x9BE9, 0x9BE9, 0x9BE9, 0x9BE9, 0x9BE9,
    0x9BE9, 0x9BE9, 0x9BE9, 0x9BE9, 0x9BE9, 0x9BE9, 0x9BE9, 0x9BE9, 0x9BE9, 0x9BE9, 0x9BE9, 0x9BE9,
    0x9BE9, 0x9BE9, 0x9BE9, 0x9BE9, 0x9BE9, 0x9BE9, 0x9BE9, 0x9BE9, 0x9BE9, 0x9BE9, 0x9BE9, 0x9BE9,
    0x9BE9, 0x9BE9, 0x9BE9, 0x9BE9, 0x9BE9, 0x9BE9, 0x9BE9, 0x9BE9, 0x9BE9, 0x9BE9, 0x9BE9, 0x9BE9,
    0x9BE9, 0x9BE9, 0x9BE9, 0x9BE9, 0x9BE9, 0x9BE9, 0x9BE9, 0x9BE9, 0x9BE9, 0x9BE9, 0x9BE9, 0x9BE9,
    0x9BE9, 0x9BE9, 0x9BE9, 0x9BE9, 0x9BE9, 0x9BE9, 0x9BE9, 0x9BE9, 0x9BE9, 0x9BE9, 0x9BE9, 0x9BE9,
    0x9BE9, 0x9BE9, 0x9BE9, 0x9BE9, 0x9BE9, 0x9BE9, 0x9BE9, 0x9BE9, 0x9BE9, 0x9BE9, 0x9BE9, 0x9BE9,
    0x9BE9, 0x9BE9, 0x31A6, 0x0000, 0x8308, 0x59E5, 0x8308, 0x8308, 0x59E5, 0x8308, 0x59E5, 0x8308,
    0x59E5, 0x8308, 0x59E5, 0x59E5, 0x59E5, 0x59E5, 0x59E5, 0x59E5, 0x8308, 0x59E5, 0x8308, 0x8308,
    0x59E5, 0x8308, 0x59E5, 0x8308, 0x59E5, 0x8308, 0x59E5, 0x59E5, 0x59E5, 0x59E5, 0x59E5, 0x59E5,
    0x8308, 0x59E5, 0x8308, 0x8308, 0x59E5, 0x8308, 0x59E5, 0x8308, 0x59E5, 0x8308, 0x59E5, 0x59E5,
    0x59E5, 0x59E5, 0x59E5, 0x59E5, 0x8308, 0x59E5, 0x8308, 0x8308, 0x59E5, 0x8308, 0x59E5, 0x8308,
    0x59E5, 0x8308, 0x59E5, 0x59E5, 0x8308, 0x8308, 0x8308, 0x8308, 0x59E5, 0x8308, 0x8308, 0x8308,
    0x59E5, 0x8308, 0x59E5, 0x59E5, 0x8308, 0x8308, 0x59E5, 0x59E5, 0x8308, 0x8308, 0x8308, 0x8308,
    0x59E5, 0x8308, 0x8308, 0x8308, 0x59E5, 0x8308, 0x59E5, 0x59E5, 0x8308, 0x8308, 0x59E5, 0x59E5,
    0x8308, 0x8308, 0x8308, 0x8308, 0x59E5, 0x8308, 0x8308, 0x8308, 0x59E5, 0x8308, 0x59E5, 0x59E5,
    0x8308, 0x8308, 0x59E5, 0x59E5, 0x8308, 0x8308, 0x8308, 0x8308, 0x59E5, 0x8308, 0x8308, 0x8308,
    0x59E5, 0x8308, 0x59E5, 0x59E5, 0x0000, 0xC638, 0x9BE9, 0x9BE9, 0x9BE9, 0x9BE9, 0x9BE9, 0x9BE9,
    0x9BE9, 0x9BE9, 0x9BE9, 0x9BE9, 0x9BE9, 0x9BE9, 0x9BE9, 0x9BE9, 0x9BE9, 0x9BE9, 0x9BE9, 0x9BE9,
    0x9BE9, 0x9BE9, 0x9BE9, 0x9BE9, 0x9BE9, 0x9BE9, 0x9BE9, 0x9BE9, 0x9BE9, 0x9BE9, 0x9BE9, 0x9BE9,
    0x9BE9, 0x9BE9, 0x9BE9, 0x9BE9, 0x9BE9, 0x9BE9, 0x9BE9, 0x9BE9, 0x9BE9, 0x9BE9, 0x9BE9, 0x9BE9,
    0x9BE9, 0x9BE9, 0x9BE9, 0x9BE9, 0x9BE9, 0x9BE9, 0x9BE9, 0x9BE9, 0x9BE9, 0x9BE9, 0x9BE9, 0x9BE9,
    0x9BE9, 0x9BE9, 0x9BE9, 0x9BE9, 0x9BE9, 0x9BE9, 0x9BE9, 0x9BE9, 0x9BE9, 0x9BE9, 0x9BE9, 0x9BE9,
    0x9BE9, 0x9BE9, 0x9BE9, 0x9BE9, 0x9BE9, 0x9BE9, 0x9BE9, 0x9BE9, 0x9BE9, 0x9BE9, 0x9BE9, 0x9BE9,
    0x9BE9, 0x9BE9, 0x9BE9, 0x9BE9, 0x9BE9, 0x9BE9, 0x9BE9, 0x9BE9, 0x9BE9, 0x9BE9, 0x9BE9, 0x9BE9,
    0x9BE9, 0x9BE9, 0x9BE9, 0x9BE9, 0x9BE9, 0x9BE9, 0x9BE9, 0x9BE9, 0x9BE9, 0x9BE9, 0x9BE9, 0x9BE9,
    0x9BE9, 0x9BE9, 0x9BE9, 0x9BE9, 0x9BE9, 0x9BE9, 0x9BE9, 0x9BE9, 0x9BE9, 0x9BE9, 0x9BE9, 0x9BE9,
    0x9BE9, 0x9BE9, 0x9BE9, 0x9BE9, 0x9BE9, 0x9BE9, 0x9BE9, 0x9BE9, 0x9BE9, 0x9BE9, 0x9BE9, 0x9BE9,
    0x9BE9, 0x9BE9, 0x9BE9, 0x9BE9, 0x9BE9, 0x9BE9, 0x9BE9, 0x9BE9, 0x9BE9, 0x9BE9, 0x9BE9, 0x9BE9,
    0x9BE9, 0x9BE9, 0x9BE9, 0x9BE9, 0x9BE9, 0x9BE9, 0x9BE9, 0x9BE9, 0x9BE9, 0x9BE9, 0x9BE9, 0x9BE9,
    0x9BE9, 0x9BE9, 0x9BE9, 0x9BE9, 0x9BE9, 0x9BE9, 0x9BE9, 0x9BE9, 0x9BE9, 0x9BE9, 0x9BE9, 0x9BE9,
    0x9BE9, 0x9BE9, 0x9BE9, 0x9BE9, 0x9BE9, 0x9BE9, 0x9BE9, 0x9BE9, 0x9BE9, 0x9BE9, 0x9BE9, 0x9BE9,
    0x9BE9, 0x9BE9, 0x9BE9, 0x9BE9, 0x9BE9, 0x9BE9, 0x9BE9, 0x9BE9, 0x9BE9, 0x9BE9, 0x9BE9, 0x9BE9,
    0x9BE9, 0x9BE9, 0x9BE9, 0x9BE9, 0x9BE9, 0x9BE9, 0x9BE9, 0x9BE9, 0x9BE9, 0x9BE9, 0x31A6, 0x0000,
    0x59E5, 0x8308, 0x8308, 0x8308, 0x59E5, 0x8308, 0x59E5, 0x59E5, 0x8308, 0x8308, 0x59E5, 0x59E5,
    0x8308, 0x8308, 0x8308, 0x8308, 0x59E5, 0x8308, 0x8308, 0x8308, 0x59E5, 0x8308, 0x59E5, 0x59E5,
    0x8308, 0x8308, 0x59E5, 0x59E5, 0x8308, 0x8308, 0x8308, 0x8308, 0x59E5, 0x8308, 0x8308, 0x8308,
    0x59E5, 0x8308, 0x59E5, 0x59E5, 0x8308, 0x8308, 0x59E5, 0x59E5, 0x8308, 0x8308, 0x8308, 0x8308,
    0x59E5, 0x8308, 0x8308, 0x8308, 0x59E5, 0x8308, 0x59E5, 0x59E5, 0x8308, 0x8308, 0x59E5, 0x59E5,
    0x59E5, 0x8308, 0x59E5, 0x8308, 0x8308, 0x8308, 0x8308, 0x8308, 0x8308, 0x8308, 0x59E5, 0x59E5,
    0x8308, 0x8308, 0x59E5, 0x59E5, 0x59E5, 0x8308, 0x59E5, 0x8308, 0x8308, 0x8308, 0x8308, 0x8308,
    0x8308, 0x8308, 0x59E5, 0x59E5, 0x8308, 0x8308, 0x59E5, 0x59E5, 0x59E5, 0x8308, 0x59E5, 0x8308,
    0x8308, 0x8308, 0x8308, 0x8308, 0x8308, 0x8308, 0x59E5, 0x59E5, 0x8308, 0x8308, 0x59E5, 0x59E5,
    0x59E5, 0x8308, 0x59E5, 0x8308, 0x8308, 0x8308, 0x8308, 0x8308, 0x8308, 0x8308, 0x59E5, 0x59E5,
    0x0000, 0xC638, 0x9BE9, 0x9BE9, 0x9BE9, 0x9BE9, 0x9BE9, 0x9BE9, 0x9BE9, 0x9BE9, 0x9BE9, 0x9BE9,
    0x9BE9, 0x9BE9, 0x9BE9, 0x9BE9, 0x9BE9, 0x9BE9, 0x9BE9, 0x9BE9, 0x9BE9, 0x9BE9, 0x9BE9, 0x9BE9,
    0x9BE9, 0x9BE9, 0x9BE9, 0x9BE9, 0x9BE9, 0x9BE9, 0x9BE9, 0x9BE9, 0x9BE9, 0x9BE9, 0x9BE9, 0x9BE9,
    0x9BE9, 0x9BE9, 0x9BE9, 0x9BE9, 0x9BE9, 0x9BE9, 0x9BE9, 0x9BE9, 0x9BE9, 0x9BE9, 0x9BE9, 0x9BE9,
    0x9BE9, 0x9BE9, 0x9BE9, 0x9BE9, 0x9BE9, 0x9BE9, 0x9BE9, 0x9BE9, 0x9BE9, 0x9BE9, 0x9BE9, 0x9BE9,
    0x9BE9, 0x9BE9, 0x9BE9, 0x9BE9, 0x9BE9, 0x9BE9, 0x9BE9, 0x9BE9, 0x9BE9, 0x9BE9, 0x9BE9, 0x9BE9,
    0x9BE9, 0x9BE9, 0x9BE9, 0x9BE9, 0x9BE9, 0x9BE9, 0x9BE9, 0x9BE9, 0x9BE9, 0x9BE9, 0x9BE9, 0x9BE9,
    0x9BE9, 0x9BE9, 0x9BE9, 0x9BE9, 0x9BE9, 0x9BE9, 0x9BE9, 0x9BE9, 0x9BE9, 0x9BE9, 0x9BE9, 0x9BE9,
    0x9BE9, 0x9BE9, 0x9BE9, 0x9BE9, 0x9BE9, 0x9BE9, 0x9BE9, 0x9BE9, 0x9BE9, 0x9BE9, 0x9BE9, 0x9BE9,
    0x9BE9, 0x9BE9, 0x9BE9, 0x9BE9, 0x9BE9, 0x9BE9, 0x9BE9, 0x9BE9, 0x9BE9, 0x9BE9, 0x9BE9, 0x9BE9,
    0x9BE9, 0x9BE9, 0x9BE9, 0x9BE9, 0x9BE9, 0x9BE9, 0x9BE9, 0x9BE9, 0x9BE9, 0x9BE9, 0x9BE9, 0x9BE9,
    0x9BE9, 0x9BE9, 0x9BE9, 0x9BE9, 0x9BE9, 0x9BE9, 0x9BE9, 0x9BE9, 0x9BE9, 0x9BE9, 0x9BE9, 0x9BE9,
    0x9BE9, 0x9BE9, 0x9BE9, 0x9BE9, 0x9BE9, 0x9BE9, 0x9BE9, 0x9BE9, 0x9BE9, 0x9BE9, 0x9BE9, 0x9BE9,
    0x9BE9, 0x9BE9, 0x9BE9, 0x9BE9, 0x9BE9, 0x9BE9, 0x9BE9, 0x9BE9, 0x9BE9, 0x9BE9, 0x9BE9, 0x9BE9,
    0x9BE9, 0x9BE9, 0x9BE9, 0x9BE9, 0x9BE9, 0x9BE9, 0x9BE9, 0x9BE9, 0x9BE9, 0x9BE9, 0x9BE9, 0x9BE9,
    0x9BE9, 0x9BE9, 0x9BE9, 0x9BE9, 0x9BE9, 0x9BE9, 0x9BE9, 0x9BE9, 0x9BE9, 0x9BE9, 0x9BE9, 0x9BE9,
    0x9BE9, 0x9BE9, 0x9BE9, 0x9BE9, 0x9BE9, 0x9BE9, 0x31A6, 0x0000, 0x8308, 0x8308, 0x8308, 0x8308,
    0x8308, 0x8308, 0x59E5, 0x59E5, 0x8308, 0x8308, 0x59E5, 0x59E5, 0x59E5, 0x8308, 0x59E5, 0x8308,
    0x8308, 0x8308, 0x8308, 0x8308, 0x8308, 0x8308, 0x59E5, 0x59E5, 0x8308, 0x8308, 0x59E5, 0x59E5,
    0x59E5, 0x8308, 0x59E5, 0x8308, 0x8308, 0x8308, 0x8308, 0x8308, 0x8308, 0x8308, 0x59E5, 0x59E5,
    0x8308, 0x8308, 0x59E5, 0x59E5, 0x59E5, 0x8308, 0x59E5, 0x8308, 0x8308, 0x8308, 0x8308, 0x8308,
    0x8308, 0x8308, 0x59E5, 0x59E5, 0x8308, 0x8308, 0x59E5, 0x59E5, 0x8308, 0x8308, 0x59E5, 0x8308,
    0x8308, 0x8308, 0x8308, 0x59E5, 0x59E5, 0x8308, 0x59E5, 0x8308, 0x59E5, 0x8308, 0x8308, 0x59E5,
    0x8308, 0x8308, 0x59E5, 0x8308, 0x8308, 0x8308, 0x8308, 0x59E5, 0x59E5, 0x8308, 0x59E5, 0x8308,
    0x59E5, 0x8308, 0x8308, 0x59E5, 0x8308, 0x8308, 0x59E5, 0x8308, 0x8308, 0x8308, 0x8308, 0x59E5,
    0x59E5, 0x8308, 0x59E5, 0x8308, 0x59E5, 0x8308, 0x8308, 0x59E5, 0x8308, 0x8308, 0x59E5, 0x8308,
    0x8308, 0x8308, 0x8308, 0x59E5, 0x59E5, 0x8308, 0x59E5, 0x8308, 0x0000, 0xC638, 0x9BE9, 0x9BE9,
    0x9BE9, 0x9BE9, 0x9BE9, 0x9BE9, 0x9BE9, 0x9BE9, 0x9BE9, 0x9BE9, 0x9BE9, 0x9BE9, 0x9BE9, 0x9BE9,
    0x9BE9, 0x9BE9, 0x9BE9, 0x9BE9, 0x9BE9, 0x9BE9, 0x9BE9, 0x9BE9, 0x9BE9, 0x9BE9, 0x9BE9, 0x9BE9,
    0x9BE9, 0x9BE9, 0x9BE9, 0x9BE9, 0x9BE9, 0x9BE9, 0x9BE9, 0x9BE9, 0x9BE9, 0x9BE9, 0x9BE9, 0x9BE9,
    0x9BE9, 0x9BE9, 0x9BE9, 0x9BE9, 0x9BE9, 0x9BE9, 0x9BE9, 0x9BE9, 0x9BE9, 0x9BE9, 0x9BE9, 0x9BE9,
    0x9BE9, 0x9BE9, 0x9BE9, 0x9BE9, 0x9BE9, 0x9BE9, 0x9BE9, 0x9BE9, 0x9BE9, 0x9BE9, 0x9BE9, 0x9BE9,
    0x9BE9, 0x9BE9, 0x9BE9, 0x9BE9, 0x9BE9, 0x9BE9, 0x9BE9, 0x9BE9, 0x9BE9, 0x9BE9, 0x9BE9, 0x9BE9,
    0x9BE9, 0x9BE9, 0x9BE9, 0x9BE9, 0x9BE9, 0x9BE9, 0x9BE9, 0x9BE9, 0x9BE9, 0x9BE9, 0x9BE9, 0x9BE9,
    0x9BE9, 0x9BE9, 0x9BE9, 0x9BE9, 0x9BE9, 0x9BE9, 0x9BE9, 0x9BE9, 0x9BE9, 0x9BE9, 0x9BE9, 0x9BE9,
    0x9BE9, 0x9BE9, 0x9BE9, 0x9BE9, 0x9BE9, 0x9BE9, 0x9BE9, 0x9BE9, 0x9BE9, 0x9BE9, 0x9BE9, 0x9BE9,
    0x9BE9, 0x9BE9, 0x9BE9, 0x9BE9, 0x9BE9, 0x9BE9, 0x9BE9, 0x9BE9, 0x9BE9, 0x9BE9, 0x9BE9, 0x9BE9,
    0x9BE9, 0x9BE9, 0x9BE9, 0x9BE9, 0x9BE9, 0x9BE9, 0x9BE9, 0x9BE9, 0x9BE9, 0x9BE9, 0x9BE9, 0x9BE9,
    0x9BE9, 0x9BE9, 0x9BE9, 0x9BE9, 0x9BE9, 0x9BE9, 0x9BE9, 0x9BE9, 0x9BE9, 0x9BE9, 0x9BE9, 0x9BE9,
    0x9BE9, 0x9BE9, 0x9BE9, 0x9BE9, 0x9BE9, 0x9BE9, 0x9BE9, 0x9BE9, 0x9BE9, 0x9BE9, 0x9BE9, 0x9BE9,
    0x9BE9, 0x9BE9, 0x9BE9, 0x9BE9, 0x9BE9, 0x9BE9, 0x9BE9, 0x9BE9, 0x9BE9, 0x9BE9, 0x9BE9, 0x9BE9,
    0x9BE9, 0x9BE9, 0x9BE9, 0x9BE9, 0x9BE9, 0x9BE9, 0x9BE9, 0x9BE9, 0x9BE9, 0x9BE9, 0x9BE9, 0x9BE9,
    0x9BE9, 0x9BE9, 0x9BE9, 0x9BE9, 0x9BE9, 0x9BE9, 0x9BE9, 0x9BE9, 0x9BE9, 0x9BE9, 0x9BE9, 0x9BE9,
    0x9BE9, 0x9BE9, 0x31A6, 0x0000, 0x8308, 0x8308, 0x8308, 0x59E5, 0x59E5, 0x8308, 0x59E5, 0x8308,
    0x59E5, 0x8308, 0x8308, 0x59E5, 0x8308, 0x8308, 0x59E5, 0x8308, 0x8308, 0x8308, 0x8308, 0x59E5,
    0x59E5, 0x8308, 0x59E5, 0x8308, 0x59E5, 0x8308, 0x8308, 0x59E5, 0x8308, 0x8308, 0x59E5, 0x8308,
    0x8308, 0x8308, 0x8308, 0x59E5, 0x59E5, 0x8308, 0x59E5, 0x8308, 0x59E5, 0x8308, 0x8308, 0x59E5,
    0x8308, 0x8308, 0x59E5, 0x8308, 0x8308, 0x8308, 0x8308, 0x59E5, 0x59E5, 0x8308, 0x59E5, 0x8308,
    0x59E5, 0x8308, 0x8308, 0x59E5, 0x59E5, 0x8308, 0x59E5, 0x59E5, 0x8308, 0x8308, 0x8308, 0x59E5,
    0x8308, 0x59E5, 0x59E5, 0x59E5, 0x8308, 0x59E5, 0x59E5, 0x8308, 0x59E5, 0x8308, 0x59E5, 0x59E5,
    0x8308, 0x8308, 0x8308, 0x59E5, 0x8308, 0x59E5, 0x59E5, 0x59E5, 0x8308, 0x59E5, 0x59E5, 0x8308,
    0x59E5, 0x8308, 0x59E5, 0x59E5, 0x8308, 0x8308, 0x8308, 0x59E5, 0x8308, 0x59E5, 0x59E5, 0x59E5,
    0x8308, 0x59E5, 0x59E5, 0x8308, 0x59E5, 0x8308, 0x59E5, 0x59E5, 0x8308, 0x8308, 0x8308, 0x59E5,
    0x8308, 0x59E5, 0x59E5, 0x59E5, 0x0000, 0xC638, 0x9BE9, 0x9BE9, 0x9BE9, 0x9BE9, 0x9BE9, 0x9BE9,
    0x9BE9, 0x9BE9, 0x9BE9, 0x9BE9, 0x9BE9, 0x9BE9, 0x9BE9, 0x9BE9, 0x9BE9, 0x9BE9, 0x9BE9, 0x9BE9,
    0x9BE9, 0x9BE9, 0x9BE9, 0x9BE9, 0x9BE9, 0x9BE9, 0x9BE9, 0x9BE9, 0x9BE9, 0x9BE9, 0x9BE9, 0x9BE9,
    0x9BE9, 0x9BE9, 0x9BE9, 0x9BE9, 0x9BE9, 0x9BE9, 0x9BE9, 0x9BE9, 0x9BE9, 0x9BE9, 0x9BE9, 0x9BE9,
    0x9BE9, 0x9BE9, 0x9BE9, 0x9BE9, 0x9BE9, 0x9BE9, 0x9BE9, 0x9BE9, 0x9BE9, 0x9BE9, 0x9BE9, 0x9BE9,
    0x9BE9, 0x9BE9, 0x9BE9, 0x9BE9, 0x9BE9, 0x9BE9, 0x9BE9, 0x9BE9, 0x9BE9, 0x9BE9, 0x9BE9, 0x9BE9,
    0x9BE9, 0x9BE9, 0x9BE9, 0x9BE9, 0x9BE9, 0x9BE9, 0x9BE9, 0x9BE9, 0x9BE9, 0x9BE9, 0x9BE9, 0x9BE9,
    0x9BE9, 0x9BE9, 0x9BE9, 0x9BE9, 0x9BE9, 0x9BE9, 0x9BE9, 0x9BE9, 0x9BE9, 0x9BE9, 0x9BE9, 0x9BE9,
    0x9BE9, 0x9BE9, 0x9BE9, 0x9BE9, 0x9BE9, 0x9BE9, 0x9BE9, 0x9BE9, 0x9BE9, 0x9BE9, 0x9BE9, 0x9BE9,
    0x9BE9, 0x9BE9, 0x9BE9, 0x9BE9, 0x9BE9, 0x9BE9, 0x9BE9, 0x9BE9, 0x9BE9, 0x9BE9, 0x9BE9, 0x9BE9,
    0x9BE9, 0x9BE9, 0x9BE9, 0x9BE9, 0x9BE9, 0x9BE9, 0x9BE9, 0x9BE9, 0x9BE9, 0x9BE9, 0x9BE9, 0x9BE9,
    0x9BE9, 0x9BE9, 0x9BE9, 0x9BE9, 0x9BE9, 0x9BE9, 0x9BE9, 0x9BE9, 0x9BE9, 0x9BE9, 0x9BE9, 0x9BE9,
    0x9BE9, 0x9BE9, 0x9BE9, 0x9BE9, 0x9BE9, 0x9BE9, 0x9BE9, 0x9BE9, 0x9BE9, 0x9BE9, 0x9BE9, 0x9BE9,
    0x9BE9, 0x9BE9, 0x9BE9, 0x9BE9, 0x9BE9, 0x9BE9, 0x9BE9, 0x9BE9, 0x9BE9, 0x9BE9, 0x9BE9, 0x9BE9,
    0x9BE9, 0x9BE9, 0x9BE9, 0x9BE9, 0x9BE9, 0x9BE9, 0x9BE9, 0x9BE9, 0x9BE9, 0x9BE9, 0x9BE9, 0x9BE9,
    0x9BE9, 0x9BE9, 0x9BE9, 0x9BE9, 0x9BE9, 0x9BE9, 0x9BE9, 0x9BE9, 0x9BE9, 0x9BE9, 0x9BE9, 0x9BE9,
    0x9BE9, 0x9BE9, 0x9BE9, 0x9BE9, 0x9BE9, 0x9BE9, 0x9BE9, 0x9BE9, 0x9BE9, 0x9BE9, 0x31A6, 0x0000,
    0x8308, 0x8308, 0x8308, 0x59E5, 0x8308, 0x59E5, 0x59E5, 0x59E5, 0x8308, 0x59E5, 0x59E5, 0x8308,
    0x59E5, 0x8308, 0x59E5, 0x59E5, 0x8308, 0x8308, 0x8308, 0x59E5, 0x8308, 0x59E5, 0x59E5, 0x59E5,
    0x8308, 0x59E5, 0x59E5, 0x8308, 0x59E5, 0x8308, 0x59E5, 0x59E5, 0x8308, 0x8308, 0x8308, 0x59E5,
    0x8308, 0x59E5, 0x59E5, 0x59E5, 0x8308, 0x59E5, 0x59E5, 0x8308, 0x59E5, 0x8308, 0x59E5, 0x59E5,
    0x8308, 0x8308, 0x8308, 0x59E5, 0x8308, 0x59E5, 0x59E5, 0x59E5, 0x8308, 0x59E5, 0x59E5, 0x8308,
    0x8308, 0x59E5, 0x8308, 0x8308, 0x8308, 0x8308, 0x8308, 0x8308, 0x59E5, 0x59E5, 0x59E5, 0x8308,
    0x8308, 0x8308, 0x59E5, 0x8308, 0x8308, 0x59E5, 0x8308, 0x8308, 0x8308, 0x8308, 0x8308, 0x8308,
    0x59E5, 0x59E5, 0x59E5, 0x8308, 0x8308, 0x8308, 0x59E5, 0x8308, 0x8308, 0x59E5, 0x8308, 0x8308,
    0x8308, 0x8308, 0x8308, 0x8308, 0x59E5, 0x59E5, 0x59E5, 0x8308, 0x8308, 0x8308, 0x59E5, 0x8308,
    0x8308, 0x59E5, 0x8308, 0x8308, 0x8308, 0x8308, 0x8308, 0x8308, 0x59E5, 0x59E5, 0x59E5, 0x8308,
    0x0000, 0xC638, 0x9BE9, 0x9BE9, 0x9BE9, 0x9BE9, 0x9BE9, 0x9BE9, 0x9BE9, 0x9BE9, 0x9BE9, 0x9BE9,
    0x9BE9, 0x9BE9, 0x9BE9, 0x9BE9, 0x9BE9, 0x9BE9, 0x9BE9, 0x9BE9, 0x9BE9, 0x9BE9, 0x9BE9, 0x9BE9,
    0x9BE9, 0x9BE9, 0x9BE9, 0x9BE9, 0x9BE9, 0x9BE9, 0x9BE9, 0x9BE9, 0x9BE9, 0x9BE9, 0x9BE9, 0x9BE9,
    0x9BE9, 0x9BE9, 0x9BE9, 0x9BE9, 0x9BE9, 0x9BE9, 0x9BE9, 0x9BE9, 0x9BE9, 0x9BE9, 0x9BE9, 0x9BE9,
    0x9BE9, 0x9BE9, 0x9BE9, 0x9BE9, 0x9BE9, 0x9BE9, 0x9BE9, 0x9BE9, 0x9BE9, 0x9BE9, 0x9BE9, 0x9BE9,
    0x9BE9, 0x9BE9, 0x9BE9, 0x9BE9, 0x9BE9, 0x9BE9, 0x9BE9, 0x9BE9, 0x9BE9, 0x9BE9, 0x9BE9, 0x9BE9,
    0x9BE9, 0x9BE9, 0x9BE9, 0x9BE9, 0x9BE9, 0x9BE9, 0x9BE9, 0x9BE9, 0x9BE9, 0x9BE9, 0x9BE9, 0x9BE9,
    0x9BE9, 0x9BE9, 0x9BE9, 0x9BE9, 0x9BE9, 0x9BE9, 0x9BE9, 0x9BE9, 0x9BE9, 0x9BE9, 0x9BE9, 0x9BE9,
    0x9BE9, 0x9BE9, 0x9BE9, 0x9BE9, 0x9BE9, 0x9BE9, 0x9BE9, 0x9BE9, 0x9BE9, 0x9BE9, 0x9BE9, 0x9BE9,
    0x9BE9, 0x9BE9, 0x9BE9, 0x9BE9, 0x9BE9, 0x9BE9, 0x9BE9, 0x9BE9, 0x9BE9, 0x9BE9, 0x9BE9, 0x9BE9,
    0x9BE9, 0x9BE9, 0x9BE9, 0x9BE9, 0x9BE9, 0x9BE9, 0x9BE9, 0x9BE9, 0x9BE9, 0x9BE9, 0x9BE9, 0x9BE9,
    0x9BE9, 0x9BE9, 0x9BE9, 0x9BE9, 0x9BE9, 0x9BE9, 0x9BE9, 0x9BE9, 0x9BE9, 0x9BE9, 0x9BE9, 0x9BE9,
    0x9BE9, 0x9BE9, 0x9BE9, 0x9BE9, 0x9BE9, 0x9BE9, 0x9BE9, 0x9BE9, 0x9BE9, 0x9BE9, 0x9BE9, 0x9BE9,
    0x9BE9, 0x9BE9, 0x9BE9, 0x9BE9, 0x9BE9, 0x9BE9, 0x9BE9, 0x9BE9, 0x9BE9, 0x9BE9, 0x9BE9, 0x9BE9,
    0x9BE9, 0x9BE9, 0x9BE9, 0x9BE9, 0x9BE9, 0x9BE9, 0x9BE9, 0x9BE9, 0x9BE9, 0x9BE9, 0x9BE9, 0x9BE9,
    0x9BE9, 0x9BE9, 0x9BE9, 0x9BE9, 0x9BE9, 0x9BE9, 0x9BE9, 0x9BE9, 0x9BE9, 0x9BE9, 0x9BE9, 0x9BE9,
    0x9BE9, 0x9BE9, 0x9BE9, 0x9BE9, 0x9BE9, 0x9BE9, 0x31A6, 0x0000, 0x8308, 0x8308, 0x8308, 0x8308,
    0x59E5, 0x59E5, 0x59E5, 0x8308, 0x8308, 0x8308, 0x59E5, 0x8308, 0x8308, 0x59E5, 0x8308, 0x8308,
    0x8308, 0x8308, 0x8308, 0x8308, 0x59E5, 0x59E5, 0x59E5, 0x8308, 0x8308, 0x8308, 0x59E5, 0x8308,
    0x8308, 0x59E5, 0x8308, 0x8308, 0x8308, 0x8308, 0x8308, 0x8308, 0x59E5, 0x59E5, 0x59E5, 0x8308,
    0x8308, 0x8308, 0x59E5, 0x8308, 0x8308, 0x59E5, 0x8308, 0x8308, 0x8308, 0x8308, 0x8308, 0x8308,
    0x59E5, 0x59E5, 0x59E5, 0x8308, 0x8308, 0x8308, 0x59E5, 0x8308, 0x8308, 0x8308, 0x8308, 0x8308,
    0x59E5, 0x8308, 0x8308, 0x8308, 0x8308, 0x8308, 0x8308, 0x8308, 0x8308, 0x8308, 0x8308, 0x8308,
    0x8308, 0x8308, 0x8308, 0x8308, 0x59E5, 0x8308, 0x8308, 0x8308, 0x8308, 0x8308, 0x8308, 0x8308,
    0x8308, 0x8308, 0x8308, 0x8308, 0x8308, 0x8308, 0x8308, 0x8308, 0x59E5, 0x8308, 0x8308, 0x8308,
    0x8308, 0x8308, 0x8308, 0x8308, 0x8308, 0x8308, 0x8308, 0x8308, 0x8308, 0x8308, 0x8308, 0x8308,
    0x59E5, 0x8308, 0x8308, 0x8308, 0x8308, 0x8308, 0x8308, 0x8308, 0x0000, 0xC638, 0x9BE9, 0x9BE9,
    0x9BE9, 0x9BE9, 0x9BE9, 0x9BE9, 0x9BE9, 0x9BE9, 0x9BE9, 0x9BE9, 0x9BE9, 0x9BE9, 0x9BE9, 0x9BE9,
    0x9BE9, 0x9BE9, 0x9BE9, 0x9BE9, 0x9BE9, 0x9BE9, 0x9BE9, 0x9BE9, 0x9BE9, 0x9BE9, 0x9BE9, 0x9BE9,
    0x9BE9, 0x9BE9, 0x9BE9, 0x9BE9, 0x9BE9, 0x9BE9, 0x9BE9, 0x9BE9, 0x9BE9, 0x9BE9, 0x9BE9, 0x9BE9,
    0x9BE9, 0x9BE9, 0x9BE9, 0x9BE9, 0x9BE9, 0x9BE9, 0x9BE9, 0x9BE9, 0x9BE9, 0x9BE9, 0x9BE9, 0x9BE9,
    0x9BE9, 0x9BE9, 0x9BE9, 0x9BE9, 0x9BE9, 0x9BE9, 0x9BE9, 0x9BE9, 0x9BE9, 0x9BE9, 0x9BE9, 0x9BE9,
    0x9BE9, 0x9BE9, 0x9BE9, 0x9BE9, 0x9BE9, 0x9BE9, 0x9BE9, 0x9BE9, 0x9BE9, 0x9BE9, 0x9BE9, 0x9BE9,
    0x9BE9, 0x9BE9, 0x9BE9, 0x9BE9, 0x9BE9, 0x9BE9, 0x9BE9, 0x9BE9, 0x9BE9, 0x9BE9, 0x9BE9, 0x9BE9,
    0x9BE9, 0x9BE9, 0x9BE9, 0x9BE9, 0x9BE9, 0x9BE9, 0x9BE9, 0x9BE9, 0x9BE9, 0x9BE9, 0x9BE9, 0x9BE9,
    0x9BE9, 0x9BE9, 0x9BE9, 0x9BE9, 0x9BE9, 0x9BE9, 0x9BE9, 0x9BE9, 0x9BE9, 0x9BE9, 0x9BE9, 0x9BE9,
    0x9BE9, 0x9BE9, 0x9BE9, 0x9BE9, 0x9BE9, 0x9BE9, 0x9BE9, 0x9BE9, 0x9BE9, 0x9BE9, 0x9BE9, 0x9BE9,
    0x9BE9, 0x9BE9, 0x9BE9, 0x9BE9, 0x9BE9, 0x9BE9, 0x9BE9, 0x9BE9, 0x9BE9, 0x9BE9, 0x9BE9, 0x9BE9,
    0x9BE9, 0x9BE9, 0x9BE9, 0x9BE9, 0x9BE9, 0x9BE9, 0x9BE9, 0x9BE9, 0x9BE9, 0x9BE9, 0x9BE9, 0x9BE9,
    0x9BE9, 0x9BE9, 0x9BE9, 0x9BE9, 0x9BE9, 0x9BE9, 0x9BE9, 0x9BE9, 0x9BE9, 0x9BE9, 0x9BE9, 0x9BE9,
    0x9BE9, 0x9BE9, 0x9BE9, 0x9BE9, 0x9BE9, 0x9BE9, 0x9BE9, 0x9BE9, 0x9BE9, 0x9BE9, 0x9BE9, 0x9BE9,
    0x9BE9, 0x9BE9, 0x9BE9, 0x9BE9, 0x9BE9, 0x9BE9, 0x9BE9, 0x9BE9, 0x9BE9, 0x9BE9, 0x9BE9, 0x9BE9,
    0x9BE9, 0x9BE9, 0x9BE9, 0x9BE9, 0x9BE9, 0x9BE9, 0x9BE9, 0x9BE9, 0x9BE9, 0x9BE9, 0x9BE9, 0x9BE9,
    0x9BE9, 0x9BE9, 0x31A6, 0x0000, 0x59E5, 0x8308, 0x8308, 0x8308, 0x8308, 0x8308, 0x8308, 0x8308,
    0x8308, 0x8308, 0x8308, 0x8308, 0x8308, 0x8308, 0x8308, 0x8308, 0x59E5, 0x8308, 0x8308, 0x8308,
    0x8308, 0x8308, 0x8308, 0x8308, 0x8308, 0x8308, 0x8308, 0x8308, 0x8308, 0x8308, 0x8308, 0x8308,
    0x59E5, 0x8308, 0x8308, 0x8308, 0x8308, 0x8308, 0x8308, 0x8308, 0x8308, 0x8308, 0x8308, 0x8308,
    0x8308, 0x8308, 0x8308, 0x8308, 0x59E5, 0x8308, 0x8308, 0x8308, 0x8308, 0x8308, 0x8308, 0x8308,
    0x8308, 0x8308, 0x8308, 0x8308, 0x8308, 0x8308, 0x8308, 0x8308, 0x8308, 0x8308, 0x8308, 0x8308,
    0x59E5, 0x8308, 0x8308, 0x8308, 0x8308, 0x8308, 0x8308, 0x8308, 0x8308, 0x8308, 0x8308, 0x8308,
    0x8308, 0x8308, 0x8308, 0x8308, 0x59E5, 0x8308, 0x8308, 0x8308, 0x8308, 0x8308, 0x8308, 0x8308,
    0x8308, 0x8308, 0x8308, 0x8308, 0x8308, 0x8308, 0x8308, 0x8308, 0x59E5, 0x8308, 0x8308, 0x8308,
    0x8308, 0x8308, 0x8308, 0x8308, 0x8308, 0x8308, 0x8308, 0x8308, 0x8308, 0x8308, 0x8308, 0x8308,
    0x59E5, 0x8308, 0x8308, 0x8308, 0x0000, 0x31A6, 0x31A6, 0x31A6, 0x31A6, 0x31A6, 0x31A6, 0x31A6,
    0x31A6, 0x31A6, 0x31A6, 0x31A6, 0x31A6, 0x31A6, 0x31A6, 0x31A6, 0x31A6, 0x31A6, 0x31A6, 0x31A6,
    0x31A6, 0x31A6, 0x31A6, 0x31A6, 0x31A6, 0x31A6, 0x31A6, 0x31A6, 0x31A6, 0x31A6, 0x31A6, 0x31A6,
    0x31A6, 0x31A6, 0x31A6, 0x31A6, 0x31A6, 0x31A6, 0x31A6, 0x31A6, 0x31A6, 0x31A6, 0x31A6, 0x31A6,
    0x31A6, 0x31A6, 0x31A6, 0x31A6, 0x31A6, 0x31A6, 0x31A6, 0x31A6, 0x31A6, 0x31A6, 0x31A6, 0x31A6,
    0x31A6, 0x31A6, 0x31A6, 0x31A6, 0x31A6, 0x31A6, 0x31A6, 0x31A6, 0x31A6, 0x31A6, 0x31A6, 0x31A6,
    0x31A6, 0x31A6, 0x31A6, 0x31A6, 0x31A6, 0x31A6, 0x31A6, 0x31A6, 0x31A6, 0x31A6, 0x31A6, 0x31A6,
    0x31A6, 0x31A6, 0x31A6, 0x31A6, 0x31A6, 0x31A6, 0x31A6, 0x31A6, 0x31A6, 0x31A6, 0x31A6, 0x31A6,
    0x31A6, 0x31A6, 0x31A6, 0x31A6, 0x31A6, 0x31A6, 0x31A6, 0x31A6, 0x31A6, 0x31A6, 0x31A6, 0x31A6,
    0x31A6, 0x31A6, 0x31A6, 0x31A6, 0x31A6, 0x31A6, 0x31A6, 0x31A6, 0x31A6, 0x31A6, 0x31A6, 0x31A6,
    0x31A6, 0x31A6, 0x31A6, 0x31A6, 0x31A6, 0x31A6, 0x31A6, 0x31A6, 0x31A6, 0x31A6, 0x31A6, 0x31A6,
    0x31A6, 0x31A6, 0x31A6, 0x31A6, 0x31A6, 0x31A6, 0x31A6, 0x31A6, 0x31A6, 0x31A6, 0x31A6, 0x31A6,
    0x31A6, 0x31A6, 0x31A6, 0x31A6, 0x31A6, 0x31A6, 0x31A6, 0x31A6, 0x31A6, 0x31A6, 0x31A6, 0x31A6,
    0x31A6, 0x31A6, 0x31A6, 0x31A6, 0x31A6, 0x31A6, 0x31A6, 0x31A6, 0x31A6, 0x31A6, 0x31A6, 0x31A6,
    0x31A6, 0x31A6, 0x31A6, 0x31A6, 0x31A6, 0x31A6, 0x31A6, 0x31A6, 0x31A6, 0x31A6, 0x31A6, 0x31A6,
    0x31A6, 0x31A6, 0x31A6, 0x31A6, 0x31A6, 0x31A6, 0x31A6, 0x31A6, 0x31A6, 0x31A6, 0x31A6, 0x31A6,
    0x31A6, 0x31A6, 0x31A6, 0x31A6, 0x31A6, 0x31A6, 0x31A6, 0x31A6, 0x31A6, 0x31A6, 0x31A6, 0x0000,
    0x8308, 0x8308, 0x8308, 0x8308, 0x59E5, 0x8308, 0x8308, 0x8308, 0x8308, 0x8308, 0x8308, 0x8308,
    0x8308, 0x8308, 0x8308, 0x8308, 0x8308, 0x8308, 0x8308, 0x8308, 0x59E5, 0x8308, 0x8308, 0x8308,
    0x8308, 0x8308, 0x8308, 0x8308, 0x8308, 0x8308, 0x8308, 0x8308, 0x8308, 0x8308, 0x8308, 0x8308,
    0x59E5, 0x8308, 0x8308, 0x8308, 0x8308, 0x8308, 0x8308, 0x8308, 0x8308, 0x8308, 0x8308, 0x8308,
    0x8308, 0x8308, 0x8308, 0x8308, 0x59E5, 0x8308, 0x8308, 0x8308, 0x8308, 0x8308, 0x8308, 0x8308,
    0x8308, 0x8308, 0x59E5, 0x8308, 0x59E5, 0x8308, 0x8308, 0x59E5, 0x8308, 0x8308, 0x8308, 0x8308,
    0x59E5, 0x59E5, 0x8308, 0x8308, 0x8308, 0x8308, 0x59E5, 0x8308, 0x59E5, 0x8308, 0x8308, 0x59E5,
    0x8308, 0x8308, 0x8308, 0x8308, 0x59E5, 0x59E5, 0x8308, 0x8308, 0x8308, 0x8308, 0x59E5, 0x8308,
    0x59E5, 0x8308, 0x8308, 0x59E5, 0x8308, 0x8308, 0x8308, 0x8308, 0x59E5, 0x59E5, 0x8308, 0x8308,
    0x8308, 0x8308, 0x59E5, 0x8308, 0x59E5, 0x8308, 0x8308, 0x59E5, 0x8308, 0x8308, 0x8308, 0x8308,
    0x0000, 0x0000, 0x0000, 0x0000, 0x0000, 0x0000, 0x0000, 0x0000, 0x0000, 0x0000, 0x0000, 0x0000,
    0x0000, 0x0000, 0x0000, 0x0000, 0x0000, 0x0000, 0x0000, 0x0000, 0x0000, 0x0000, 0x0000, 0x0000,
    0x0000, 0x0000, 0x0000, 0x0000, 0x0000, 0x0000, 0x0000, 0x0000, 0x0000, 0x0000, 0x0000, 0x0000,
    0x0000, 0x0000, 0x0000, 0x0000, 0x0000, 0x0000, 0x0000, 0x0000, 0x0000, 0x0000, 0x0000, 0x0000,
    0x0000, 0x0000, 0x0000, 0x0000, 0x0000, 0x0000, 0x0000, 0x0000, 0x0000, 0x0000, 0x0000, 0x0000,
    0x0000, 0x0000, 0x0000, 0x0000, 0x0000, 0x0000, 0x0000, 0x0000, 0x0000, 0x0000, 0x0000, 0x0000,
    0x0000, 0x0000, 0x0000, 0x0000, 0x0000, 0x0000, 0x0000, 0x0000, 0x0000, 0x0000, 0x0000, 0x0000,
    0x0000, 0x0000, 0x0000, 0x0000, 0x0000, 0x0000, 0x0000, 0x0000, 0x0000, 0x0000, 0x0000, 0x0000,
    0x0000, 0x0000, 0x0000, 0x0000, 0x0000, 0x0000, 0x0000, 0x0000, 0x0000, 0x0000, 0x0000, 0x0000,
    0x0000, 0x0000, 0x0000, 0x0000, 0x0000, 0x0000, 0x0000, 0x0000, 0x0000, 0x0000, 0x0000, 0x0000,
    0x0000, 0x0000, 0x0000, 0x0000, 0x0000, 0x0000, 0x0000, 0x0000, 0x0000, 0x0000, 0x0000, 0x0000,
    0x0000, 0x0000, 0x0000, 0x0000, 0x0000, 0x0000, 0x0000, 0x0000, 0x0000, 0x0000, 0x0000, 0x0000,
    0x0000, 0x0000, 0x0000, 0x0000, 0x0000, 0x0000, 0x0000, 0x0000, 0x0000, 0x0000, 0x0000, 0x0000,
    0x0000, 0x0000, 0x0000, 0x0000, 0x0000, 0x0000, 0x0000, 0x0000, 0x0000, 0x0000, 0x0000, 0x0000,
    0x0000, 0x0000, 0x0000, 0x0000, 0x0000, 0x0000, 0x0000, 0x0000, 0x0000, 0x0000, 0x0000, 0x0000,
    0x0000, 0x0000, 0x0000, 0x0000, 0x0000, 0x0000, 0x0000, 0x0000, 0x0000, 0x0000, 0x0000, 0x0000,
    0x0000, 0x0000, 0x0000, 0x0000, 0x0000, 0x0000, 0x0000, 0x0000, 0x59E5, 0x8308, 0x8308, 0x59E5,
    0x8308, 0x8308, 0x8308, 0x8308, 0x59E5, 0x59E5, 0x8308, 0x8308, 0x8308, 0x8308, 0x59E5, 0x8308,
    0x59E5, 0x8308, 0x8308, 0x59E5, 0x8308, 0x8308, 0x8308, 0x8308, 0x59E5, 0x59E5, 0x8308, 0x8308,
    0x8308, 0x8308, 0x59E5, 0x8308, 0x59E5, 0x8308, 0x8308, 0x59E5, 0x8308, 0x8308, 0x8308, 0x8308,
    0x59E5, 0x59E5, 0x8308, 0x8308, 0x8308, 0x8308, 0x59E5, 0x8308, 0x59E5, 0x8308, 0x8308, 0x59E5,
    0x8308, 0x8308, 0x8308, 0x8308, 0x59E5, 0x59E5, 0x8308, 0x8308, 0x59E5, 0x59E5, 0x8308, 0x8308,
    0x8308, 0x8308, 0x8308, 0x8308, 0x59E5, 0x8308, 0x8308, 0x8308, 0x8308, 0x8308, 0x8308, 0x8308,
    0x59E5, 0x59E5, 0x8308, 0x8308, 0x8308, 0x8308, 0x8308, 0x8308, 0x59E5, 0x8308, 0x8308, 0x8308,
    0x8308, 0x8308, 0x8308, 0x8308, 0x59E5, 0x59E5, 0x8308, 0x8308, 0x8308, 0x8308, 0x8308, 0x8308,
    0x59E5, 0x8308, 0x8308, 0x8308, 0x8308, 0x8308, 0x8308, 0x8308, 0x59E5, 0x59E5, 0x8308, 0x8308,
    0x8308, 0x8308, 0x8308, 0x8308, 0x59E5, 0x8308, 0x8308, 0x8308, 0x8308, 0x8308, 0x8308, 0x8308,
    0x59E5, 0x59E5, 0x8308, 0x8308, 0x8308, 0x8308, 0x8308, 0x8308, 0x59E5, 0x8308, 0x8308, 0x8308,
    0x8308, 0x8308, 0x8308, 0x8308, 0x59E5, 0x59E5, 0x8308, 0x8308, 0x8308, 0x8308, 0x8308, 0x8308,
    0x59E5, 0x8308, 0x8308, 0x8308, 0x8308, 0x8308, 0x8308, 0x8308, 0x59E5, 0x59E5, 0x8308, 0x8308,
    0x8308, 0x8308, 0x8308, 0x8308, 0x59E5, 0x8308, 0x8308, 0x8308, 0x8308, 0x8308, 0x8308, 0x8308,
    0x59E5, 0x59E5, 0x8308, 0x8308, 0x8308, 0x8308, 0x8308, 0x8308, 0x59E5, 0x8308, 0x8308, 0x8308,
    0x8308, 0x8308, 0x8308, 0x8308, 0x59E5, 0x59E5, 0x8308, 0x8308, 0x8308, 0x8308, 0x8308, 0x8308,
    0x59E5, 0x8308, 0x8308, 0x8308, 0x8308, 0x8308, 0x8308, 0x8308, 0x59E5, 0x59E5, 0x8308, 0x8308,
    0x8308, 0x8308, 0x8308, 0x8308, 0x59E5, 0x8308, 0x8308, 0x8308, 0x8308, 0x8308, 0x8308, 0x8308,
    0x59E5, 0x59E5, 0x8308, 0x8308, 0x8308, 0x8308, 0x8308, 0x8308, 0x59E5, 0x8308, 0x8308, 0x8308,
    0x8308, 0x8308, 0x8308, 0x8308, 0x59E5, 0x59E5, 0x8308, 0x8308, 0x8308, 0x8308, 0x8308, 0x8308,
    0x59E5, 0x8308, 0x8308, 0x8308, 0x8308, 0x8308, 0x8308, 0x8308, 0x59E5, 0x59E5, 0x8308, 0x8308,
    0x8308, 0x8308, 0x8308, 0x8308, 0x59E5, 0x8308, 0x8308, 0x8308, 0x8308, 0x8308, 0x8308, 0x8308,
    0x59E5, 0x59E5, 0x8308, 0x8308, 0x8308, 0x8308, 0x8308, 0x8308, 0x59E5, 0x8308, 0x8308, 0x8308,
    0x8308, 0x8308, 0x8308, 0x8308, 0x59E5, 0x59E5, 0x8308, 0x8308, 0x8308, 0x8308, 0x8308, 0x8308,
    0x59E5, 0x8308, 0x8308, 0x8308, 0x8308, 0x8308, 0x8308, 0x8308, 0x59E5, 0x59E5, 0x8308, 0x8308,
    0x8308, 0x8308, 0x8308, 0x8308, 0x59E5, 0x8308, 0x8308, 0x8308, 0x8308, 0x8308, 0x8308, 0x8308,
    0x59E5, 0x59E5, 0x8308, 0x8308, 0x8308, 0x8308, 0x8308, 0x8308, 0x59E5, 0x8308, 0x8308, 0x8308,
    0x8308, 0x8308, 0x8308, 0x8308, 0x59E5, 0x59E5, 0x8308, 0x8308, 0x8308, 0x8308, 0x8308, 0x8308,
    0x59E5, 0x8308, 0x8308, 0x8308, 0x8308, 0x8308, 0x8308, 0x8308, 0x59E5, 0x59E5, 0x8308, 0x8308,
    0x8308, 0x8308, 0x8308, 0x8308, 0x59E5, 0x8308, 0x8308, 0x8308, 0x8308, 0x8308, 0x8308, 0x8308,
    0x59E5, 0x59E5, 0x8308, 0x8308, 0x8308, 0x8308, 0x8308, 0x8308, 0x59E5, 0x8308, 0x8308, 0x8308,
    0x8308, 0x8308, 0x8308, 0x8308, 0x59E5, 0x8308, 0x8308, 0x8308, 0x8308, 0x8308, 0x59E5, 0x59E5,
    0x8308, 0x59E5, 0x59E5, 0x8308, 0x8308, 0x8308, 0x8308, 0x8308, 0x59E5, 0x8308, 0x8308, 0x8308,
    0x8308, 0x8308, 0x59E5, 0x59E5, 0x8308, 0x59E5, 0x59E5, 0x8308, 0x8308, 0x8308, 0x8308, 0x8308,
    0x59E5, 0x8308, 0x8308, 0x8308, 0x8308, 0x8308, 0x59E5, 0x59E5, 0x8308, 0x59E5, 0x59E5, 0x8308,
    0x8308, 0x8308, 0x8308, 0x8308, 0x59E5, 0x8308, 0x8308, 0x8308, 0x8308, 0x8308, 0x59E5, 0x59E5,
    0x8308, 0x59E5, 0x59E5, 0x8308, 0x8308, 0x8308, 0x8308, 0x8308, 0x59E5, 0x8308, 0x8308, 0x8308,
    0x8308, 0x8308, 0x59E5, 0x59E5, 0x8308, 0x59E5, 0x59E5, 0x8308, 0x8308, 0x8308, 0x8308, 0x8308,
    0x59E5, 0x8308, 0x8308, 0x8308, 0x8308, 0x8308, 0x59E5, 0x59E5, 0x8308, 0x59E5, 0x59E5, 0x8308,
    0x8308, 0x8308, 0x8308, 0x8308, 0x59E5, 0x8308, 0x8308, 0x8308, 0x8308, 0x8308, 0x59E5, 0x59E5,
    0x8308, 0x59E5, 0x59E5, 0x8308, 0x8308, 0x8308, 0x8308, 0x8308, 0x59E5, 0x8308, 0x8308, 0x8308,
    0x8308, 0x8308, 0x59E5, 0x59E5, 0x8308, 0x59E5, 0x59E5, 0x8308, 0x8308, 0x8308, 0x8308, 0x8308,
    0x59E5, 0x8308, 0x8308, 0x8308, 0x8308, 0x8308, 0x59E5, 0x59E5, 0x8308, 0x59E5, 0x59E5, 0x8308,
    0x8308, 0x8308, 0x8308, 0x8308, 0x59E5, 0x8308, 0x8308, 0x8308, 0x8308, 0x8308, 0x59E5, 0x59E5,
    0x8308, 0x59E5, 0x59E5, 0x8308, 0x8308, 0x8308, 0x8308, 0x8308, 0x59E5, 0x8308, 0x8308, 0x8308,
    0x8308, 0x8308, 0x59E5, 0x59E5, 0x8308, 0x59E5, 0x59E5, 0x8308, 0x8308, 0x8308, 0x8308, 0x8308,
    0x59E5, 0x8308, 0x8308, 0x8308, 0x8308, 0x8308, 0x59E5, 0x59E5, 0x8308, 0x59E5, 0x59E5, 0x8308,
    0x8308, 0x8308, 0x8308, 0x8308, 0x59E5, 0x8308, 0x8308, 0x8308, 0x8308, 0x8308, 0x59E5, 0x59E5,
    0x8308, 0x59E5, 0x59E5, 0x8308, 0x8308, 0x8308, 0x8308, 0x8308, 0x59E5, 0x8308, 0x8308, 0x8308,
    0x8308, 0x8308, 0x59E5, 0x59E5, 0x8308, 0x59E5, 0x59E5, 0x8308, 0x8308, 0x8308, 0x8308, 0x8308,
    0x59E5, 0x8308, 0x8308, 0x8308, 0x8308, 0x8308, 0x59E5, 0x59E5, 0x8308, 0x59E5, 0x59E5, 0x8308,
    0x8308, 0x8308, 0x8308, 0x8308, 0x59E5, 0x8308, 0x8308, 0x8308, 0x8308, 0x8308, 0x59E5, 0x59E5,
    0x8308, 0x59E5, 0x59E5, 0x8308, 0x8308, 0x8308, 0x8308, 0x8308, 0x59E5, 0x8308, 0x8308, 0x8308,
    0x8308, 0x8308, 0x59E5, 0x59E5, 0x8308, 0x59E5, 0x59E5, 0x8308, 0x8308, 0x8308, 0x8308, 0x8308,
    0x59E5, 0x8308, 0x8308, 0x8308, 0x8308, 0x8308, 0x59E5, 0x59E5, 0x8308, 0x59E5, 0x59E5, 0x8308,
    0x8308, 0x8308, 0x8308, 0x8308, 0x59E5, 0x8308, 0x8308, 0x8308, 0x8308, 0x8308, 0x59E5, 0x59E5,
    0x8308, 0x59E5, 0x59E5, 0x8308, 0x8308, 0x8308, 0x8308, 0x8308, 0x59E5, 0x8308, 0x8308, 0x8308,
    0x8308, 0x8308, 0x59E5, 0x59E5, 0x8308, 0x59E5, 0x59E5, 0x8308, 0x8308, 0x8308, 0x8308, 0x8308,
    0x8308, 0x8308, 0x59E5, 0x59E5, 0x8308, 0x59E5, 0x8308, 0x8308, 0x8308, 0x8308, 0x59E5, 0x59E5,
    0x8308, 0x59E5, 0x8308, 0x59E5, 0x8308, 0x8308, 0x59E5, 0x59E5, 0x8308, 0x59E5, 0x8308, 0x8308,
    0x8308, 0x8308, 0x59E5, 0x59E5, 0x8308, 0x59E5, 0x8308, 0x59E5, 0x8308, 0x8308, 0x59E5, 0x59E5,
    0x8308, 0x59E5, 0x8308, 0x8308, 0x8308, 0x8308, 0x59E5, 0x59E5, 0x8308, 0x59E5, 0x8308, 0x59E5,
    0x8308, 0x8308, 0x59E5, 0x59E5, 0x8308, 0x59E5, 0x8308, 0x8308, 0x8308, 0x8308, 0x59E5, 0x59E5,
    0x8308, 0x59E5, 0x8308, 0x59E5, 0x8308, 0x8308, 0x59E5, 0x59E5, 0x8308, 0x59E5, 0x8308, 0x8308,
    0x8308, 0x8308, 0x59E5, 0x59E5, 0x8308, 0x59E5, 0x8308, 0x59E5, 0x8308, 0x8308, 0x59E5, 0x59E5,
    0x8308, 0x59E5, 0x8308, 0x8308, 0x8308, 0x8308, 0x59E5, 0x59E5, 0x8308, 0x59E5, 0x8308, 0x59E5,
    0x8308, 0x8308, 0x59E5, 0x59E5, 0x8308, 0x59E5, 0x8308, 0x8308, 0x8308, 0x8308, 0x59E5, 0x59E5,
    0x8308, 0x59E5, 0x8308, 0x59E5, 0x8308, 0x8308, 0x59E5, 0x59E5, 0x8308, 0x59E5, 0x8308, 0x8308,
    0x8308, 0x8308, 0x59E5, 0x59E5, 0x8308, 0x59E5, 0x8308, 0x59E5, 0x8308, 0x8308, 0x59E5, 0x59E5,
    0x8308, 0x59E5, 0x8308, 0x8308, 0x8308, 0x8308, 0x59E5, 0x59E5, 0x8308, 0x59E5, 0x8308, 0x59E5,
    0x8308, 0x8308, 0x59E5, 0x59E5, 0x8308, 0x59E5, 0x8308, 0x8308, 0x8308, 0x8308, 0x59E5, 0x59E5,
    0x8308, 0x59E5, 0x8308, 0x59E5, 0x8308, 0x8308, 0x59E5, 0x59E5, 0x8308, 0x59E5, 0x8308, 0x8308,
    0x8308, 0x8308, 0x59E5, 0x59E5, 0x8308, 0x59E5, 0x8308, 0x59E5, 0x8308, 0x8308, 0x59E5, 0x59E5,
    0x8308, 0x59E5, 0x8308, 0x8308, 0x8308, 0x8308, 0x59E5, 0x59E5, 0x8308, 0x59E5, 0x8308, 0x59E5,
    0x8308, 0x8308, 0x59E5, 0x59E5, 0x8308, 0x59E5, 0x8308, 0x8308, 0x8308, 0x8308, 0x59E5, 0x59E5,
    0x8308, 0x59E5, 0x8308, 0x59E5, 0x8308, 0x8308, 0x59E5, 0x59E5, 0x8308, 0x59E5, 0x8308, 0x8308,
    0x8308, 0x8308, 0x59E5, 0x59E5, 0x8308, 0x59E5, 0x8308, 0x59E5, 0x8308, 0x8308, 0x59E5, 0x59E5,
    0x8308, 0x59E5, 0x8308, 0x8308, 0x8308, 0x8308, 0x59E5, 0x59E5, 0x8308, 0x59E5, 0x8308, 0x59E5,
    0x8308, 0x8308, 0x59E5, 0x59E5, 0x8308, 0x59E5, 0x8308, 0x8308, 0x8308, 0x8308, 0x59E5, 0x59E5,
    0x8308, 0x59E5, 0x8308, 0x59E5, 0x8308, 0x8308, 0x59E5, 0x59E5, 0x8308, 0x59E5, 0x8308, 0x8308,
    0x8308, 0x8308, 0x59E5, 0x59E5, 0x8308, 0x59E5, 0x8308, 0x59E5, 0x8308, 0x8308, 0x59E5, 0x59E5,
    0x8308, 0x59E5, 0x8308, 0x8308, 0x8308, 0x8308, 0x59E5, 0x59E5, 0x8308, 0x59E5, 0x8308, 0x59E5,
    0x8308, 0x8308, 0x59E5, 0x59E5, 0x8308, 0x59E5, 0x8308, 0x8308, 0x8308, 0x8308, 0x59E5, 0x59E5,
    0x8308, 0x59E5, 0x8308, 0x59E5, 0x8308, 0x8308, 0x59E5, 0x59E5, 0x8308, 0x59E5, 0x8308, 0x8308,
    0x8308, 0x8308, 0x59E5, 0x59E5, 0x8308, 0x59E5, 0x8308, 0x59E5, 0x8308, 0x8308, 0x8308, 0x8308,
    0x8308, 0x8308, 0x59E5, 0x8308, 0x8308, 0x8308, 0x59E5, 0x8308, 0x59E5, 0x8308, 0x8308, 0x59E5,
    0x8308, 0x8308, 0x8308, 0x8308, 0x8308, 0x8308, 0x59E5, 0x8308, 0x8308, 0x8308, 0x59E5, 0x8308,
    0x59E5, 0x8308, 0x8308, 0x59E5, 0x8308, 0x8308, 0x8308, 0x8308, 0x8308, 0x8308, 0x59E5, 0x8308,
    0x8308, 0x8308, 0x59E5, 0x8308, 0x59E5, 0x8308, 0x8308, 0x59E5, 0x8308, 0x8308, 0x8308, 0x8308,
    0x8308, 0x8308, 0x59E5, 0x8308, 0x8308, 0x8308, 0x59E5, 0x8308, 0x59E5, 0x8308, 0x8308, 0x59E5,
    0x8308, 0x8308, 0x8308, 0x8308, 0x8308, 0x8308, 0x59E5, 0x8308, 0x8308, 0x8308, 0x59E5, 0x8308,
    0x59E5, 0x8308, 0x8308, 0x59E5, 0x8308, 0x8308, 0x8308, 0x8308, 0x8308, 0x8308, 0x59E5, 0x8308,
    0x8308, 0x8308, 0x59E5, 0x8308, 0x59E5, 0x8308, 0x8308, 0x59E5, 0x8308, 0x8308, 0x8308, 0x8308,
    0x8308, 0x8308, 0x59E5, 0x8308, 0x8308, 0x8308, 0x59E5, 0x8308, 0x59E5, 0x8308, 0x8308, 0x59E5,
    0x8308, 0x8308, 0x8308, 0x8308, 0x8308, 0x8308, 0x59E5, 0x8308, 0x8308, 0x8308, 0x59E5, 0x8308,
    0x59E5, 0x8308, 0x8308, 0x59E5, 0x8308, 0x8308, 0x8308, 0x8308, 0x8308, 0x8308, 0x59E5, 0x8308,
    0x8308, 0x8308, 0x59E5, 0x8308, 0x59E5, 0x8308, 0x8308, 0x59E5, 0x8308, 0x8308, 0x8308, 0x8308,
    0x8308, 0x8308, 0x59E5, 0x8308, 0x8308, 0x8308, 0x59E5, 0x8308, 0x59E5, 0x8308, 0x8308, 0x59E5,
    0x8308, 0x8308, 0x8308, 0x8308, 0x8308, 0x8308, 0x59E5, 0x8308, 0x8308, 0x8308, 0x59E5, 0x8308,
    0x59E5, 0x8308, 0x8308, 0x59E5, 0x8308, 0x8308, 0x8308, 0x8308, 0x8308, 0x8308, 0x59E5, 0x8308,
    0x8308, 0x8308, 0x59E5, 0x8308, 0x59E5, 0x8308, 0x8308, 0x59E5, 0x8308, 0x8308, 0x8308, 0x8308,
    0x8308, 0x8308, 0x59E5, 0x8308, 0x8308, 0x8308, 0x59E5, 0x8308, 0x59E5, 0x8308, 0x8308, 0x59E5,
    0x8308, 0x8308, 0x8308, 0x8308, 0x8308, 0x8308, 0x59E5, 0x8308, 0x8308, 0x8308, 0x59E5, 0x8308,
    0x59E5, 0x8308, 0x8308, 0x59E5, 0x8308, 0x8308, 0x8308, 0x8308, 0x8308, 0x8308, 0x59E5, 0x8308,
    0x8308, 0x8308, 0x59E5, 0x8308, 0x59E5, 0x8308, 0x8308, 0x59E5, 0x8308, 0x8308, 0x8308, 0x8308,
    0x8308, 0x8308, 0x59E5, 0x8308, 0x8308, 0x8308, 0x59E5, 0x8308, 0x59E5, 0x8308, 0x8308, 0x59E5,
    0x8308, 0x8308, 0x8308, 0x8308, 0x8308, 0x8308, 0x59E5, 0x8308, 0x8308, 0x8308, 0x59E5, 0x8308,
    0x59E5, 0x8308, 0x8308, 0x59E5, 0x8308, 0x8308, 0x8308, 0x8308, 0x8308, 0x8308, 0x59E5, 0x8308,
    0x8308, 0x8308, 0x59E5, 0x8308, 0x59E5, 0x8308, 0x8308, 0x59E5, 0x8308, 0x8308, 0x8308, 0x8308,
    0x8308, 0x8308, 0x59E5, 0x8308, 0x8308, 0x8308, 0x59E5, 0x8308, 0x59E5, 0x8308, 0x8308, 0x59E5,
    0x8308, 0x8308, 0x8308, 0x8308, 0x8308, 0x8308, 0x59E5, 0x8308, 0x8308, 0x8308, 0x59E5, 0x8308,
    0x59E5, 0x8308, 0x8308, 0x59E5, 0x8308, 0x8308, 0x8308, 0x8308, 0x59E5, 0x59E5, 0x8308, 0x59E5,
    0x59E5, 0x59E5, 0x59E5, 0x8308, 0x8308, 0x8308, 0x8308, 0x8308, 0x8308, 0x8308, 0x8308, 0x8308,
    0x59E5, 0x59E5, 0x8308, 0x59E5, 0x59E5, 0x59E5, 0x59E5, 0x8308, 0x8308, 0x8308, 0x8308, 0x8308,
    0x8308, 0x8308, 0x8308, 0x8308, 0x59E5, 0x59E5, 0x8308, 0x59E5, 0x59E5, 0x59E5, 0x59E5, 0x8308,
    0x8308, 0x8308, 0x8308, 0x8308, 0x8308, 0x8308, 0x8308, 0x8308, 0x59E5, 0x59E5, 0x8308, 0x59E5,
    0x59E5, 0x59E5, 0x59E5, 0x8308, 0x8308, 0x8308, 0x8308, 0x8308, 0x8308, 0x8308, 0x8308, 0x8308,
    0x59E5, 0x59E5, 0x8308, 0x59E5, 0x59E5, 0x59E5, 0x59E5, 0x8308, 0x8308, 0x8308, 0x8308, 0x8308,
    0x8308, 0x8308, 0x8308, 0x8308, 0x59E5, 0x59E5, 0x8308, 0x59E5, 0x59E5, 0x59E5, 0x59E5, 0x8308,
    0x8308, 0x8308, 0x8308, 0x8308, 0x8308, 0x8308, 0x8308, 0x8308, 0x59E5, 0x59E5, 0x8308, 0x59E5,
    0x59E5, 0x59E5, 0x59E5, 0x8308, 0x8308, 0x8308, 0x8308, 0x8308, 0x8308, 0x8308, 0x8308, 0x8308,
    0x59E5, 0x59E5, 0x8308, 0x59E5, 0x59E5, 0x59E5, 0x59E5, 0x8308, 0x8308, 0x8308, 0x8308, 0x8308,
    0x8308, 0x8308, 0x8308, 0x8308, 0x59E5, 0x59E5, 0x8308, 0x59E5, 0x59E5, 0x59E5, 0x59E5, 0x8308,
    0x8308, 0x8308, 0x8308, 0x8308, 0x8308, 0x8308, 0x8308, 0x8308, 0x59E5, 0x59E5, 0x8308, 0x59E5,
    0x59E5, 0x59E5, 0x59E5, 0x8308, 0x8308, 0x8308, 0x8308, 0x8308, 0x8308, 0x8308, 0x8308, 0x8308,
    0x59E5, 0x59E5, 0x8308, 0x59E5, 0x59E5, 0x59E5, 0x59E5, 0x8308, 0x8308, 0x8308, 0x8308, 0x8308,
    0x8308, 0x8308, 0x8308, 0x8308, 0x59E5, 0x59E5, 0x8308, 0x59E5, 0x59E5, 0x59E5, 0x59E5, 0x8308,
    0x8308, 0x8308, 0x8308, 0x8308, 0x8308, 0x8308, 0x8308, 0x8308, 0x59E5, 0x59E5, 0x8308, 0x59E5,
    0x59E5, 0x59E5, 0x59E5, 0x8308, 0x8308, 0x8308, 0x8308, 0x8308, 0x8308, 0x8308, 0x8308, 0x8308,
    0x59E5, 0x59E5, 0x8308, 0x59E5, 0x59E5, 0x59E5, 0x59E5, 0x8308, 0x8308, 0x8308, 0x8308, 0x8308,
    0x8308, 0x8308, 0x8308, 0x8308, 0x59E5, 0x59E5, 0x8308, 0x59E5, 0x59E5, 0x59E5, 0x59E5, 0x8308,
    0x8308, 0x8308, 0x8308, 0x8308, 0x8308, 0x8308, 0x8308, 0x8308, 0x59E5, 0x59E5, 0x8308, 0x59E5,
    0x59E5, 0x59E5, 0x59E5, 0x8308, 0x8308, 0x8308, 0x8308, 0x8308, 0x8308, 0x8308, 0x8308, 0x8308,
    0x59E5, 0x59E5, 0x8308, 0x59E5, 0x59E5, 0x59E5, 0x59E5, 0x8308, 0x8308, 0x8308, 0x8308, 0x8308,
    0x8308, 0x8308, 0x8308, 0x8308, 0x59E5, 0x59E5, 0x8308, 0x59E5, 0x59E5, 0x59E5, 0x59E5, 0x8308,
    0x8308, 0x8308, 0x8308, 0x8308, 0x8308, 0x8308, 0x8308, 0x8308, 0x59E5, 0x59E5, 0x8308, 0x59E5,
    0x59E5, 0x59E5, 0x59E5, 0x8308, 0x8308, 0x8308, 0x8308, 0x8308, 0x8308, 0x8308, 0x8308, 0x8308,
    0x59E5, 0x59E5, 0x8308, 0x59E5, 0x59E5, 0x59E5, 0x59E5, 0x8308, 0x8308, 0x8308, 0x8308, 0x8308,
    0x8308, 0x8308, 0x8308, 0x59E5, 0x8308, 0x8308, 0x8308, 0x8308, 0x8308, 0x59E5, 0x59E5, 0x59E5,
    0x8308, 0x8308, 0x8308, 0x8308, 0x8308, 0x8308, 0x8308, 0x59E5, 0x8308, 0x8308, 0x8308, 0x8308,
    0x8308, 0x59E5, 0x59E5, 0x59E5, 0x8308, 0x8308, 0x8308, 0x8308, 0x8308, 0x8308, 0x8308, 0x59E5,
    0x8308, 0x8308, 0x8308, 0x8308, 0x8308, 0x59E5, 0x59E5, 0x59E5, 0x8308, 0x8308, 0x8308, 0x8308,
    0x8308, 0x8308, 0x8308, 0x59E5, 0x8308, 0x8308, 0x8308, 0x8308, 0x8308, 0x59E5, 0x59E5, 0x59E5,
    0x8308, 0x8308, 0x8308, 0x8308, 0x8308, 0x8308, 0x8308, 0x59E5, 0x8308, 0x8308, 0x8308, 0x8308,
    0x8308, 0x59E5, 0x59E5, 0x59E5, 0x8308, 0x8308, 0x8308, 0x8308, 0x8308, 0x8308, 0x8308, 0x59E5,
    0x8308, 0x8308, 0x8308, 0x8308, 0x8308, 0x59E5, 0x59E5, 0x59E5, 0x8308, 0x8308, 0x8308, 0x8308,
    0x8308, 0x8308, 0x8308, 0x59E5, 0x8308, 0x8308, 0x8308, 0x8308, 0x8308, 0x59E5, 0x59E5, 0x59E5,
    0x8308, 0x8308, 0x8308, 0x8308, 0x8308, 0x8308, 0x8308, 0x59E5, 0x8308, 0x8308, 0x8308, 0x8308,
    0x8308, 0x59E5, 0x59E5, 0x59E5, 0x8308, 0x8308, 0x8308, 0x8308, 0x8308, 0x8308, 0x8308, 0x59E5,
    0x8308, 0x8308, 0x8308, 0x8308, 0x8308, 0x59E5, 0x59E5, 0x59E5, 0x8308, 0x8308, 0x8308, 0x8308,
    0x8308, 0x8308, 0x8308, 0x59E5, 0x8308, 0x8308, 0x8308, 0x8308, 0x8308, 0x59E5, 0x59E5, 0x59E5,
    0x8308, 0x8308, 0x8308, 0x8308, 0x8308, 0x8308, 0x8308, 0x59E5, 0x8308, 0x8308, 0x8308, 0x8308,
    0x8308, 0x59E5, 0x59E5, 0x59E5, 0x8308, 0x8308, 0x8308, 0x8308, 0x8308, 0x8308, 0x8308, 0x59E5,
    0x8308, 0x8308, 0x8308, 0x8308, 0x8308, 0x59E5, 0x59E5, 0x59E5, 0x8308, 0x8308, 0x8308, 0x8308,
    0x8308, 0x8308, 0x8308, 0x59E5, 0x8308, 0x8308, 0x8308, 0x8308, 0x8308, 0x59E5, 0x59E5, 0x59E5,
    0x8308, 0x8308, 0x8308, 0x8308, 0x8308, 0x8308, 0x8308, 0x59E5, 0x8308, 0x8308, 0x8308, 0x8308,
    0x8308, 0x59E5, 0x59E5, 0x59E5, 0x8308, 0x8308, 0x8308, 0x8308, 0x8308, 0x8308, 0x8308, 0x59E5,
    0x8308, 0x8308, 0x8308, 0x8308, 0x8308, 0x59E5, 0x59E5, 0x59E5, 0x8308, 0x8308, 0x8308, 0x8308,
    0x8308, 0x8308, 0x8308, 0x59E5, 0x8308, 0x8308, 0x8308, 0x8308, 0x8308, 0x59E5, 0x59E5, 0x59E5,
    0x8308, 0x8308, 0x8308, 0x8308, 0x8308, 0x8308, 0x8308, 0x59E5, 0x8308, 0x8308, 0x8308, 0x8308,
    0x8308, 0x59E5, 0x59E5, 0x59E5, 0x8308, 0x8308, 0x8308, 0x8308, 0x8308, 0x8308, 0x8308, 0x59E5,
    0x8308, 0x8308, 0x8308, 0x8308, 0x8308, 0x59E5, 0x59E5, 0x59E5, 0x8308, 0x8308, 0x8308, 0x8308,
    0x8308, 0x8308, 0x8308, 0x59E5, 0x8308, 0x8308, 0x8308, 0x8308, 0x8308, 0x59E5, 0x59E5, 0x59E5,
    0x8308, 0x8308, 0x8308, 0x8308, 0x8308, 0x8308, 0x8308, 0x59E5, 0x8308, 0x8308, 0x8308, 0x8308,
    0x8308, 0x59E5, 0x59E5, 0x59E5, 0x8308, 0x8308, 0x8308, 0x8308, 0x8308, 0x8308, 0x59E5, 0x59E5,
    0x8308, 0x8308, 0x8308, 0x8308, 0x59E5, 0x8308, 0x8308, 0x59E5, 0x59E5, 0x8308, 0x8308, 0x8308,
    0x8308, 0x8308, 0x59E5, 0x59E5, 0x8308, 0x8308, 0x8308, 0x8308, 0x59E5, 0x8308, 0x8308, 0x59E5,
    0x59E5, 0x8308, 0x8308, 0x8308, 0x8308, 0x8308, 0x59E5, 0x59E5, 0x8308, 0x8308, 0x8308, 0x8308,
    0x59E5, 0x8308, 0x8308, 0x59E5, 0x59E5, 0x8308, 0x8308, 0x8308, 0x8308, 0x8308, 0x59E5, 0x59E5,
    0x8308, 0x8308, 0x8308, 0x8308, 0x59E5, 0x8308, 0x8308, 0x59E5, 0x59E5, 0x8308, 0x8308, 0x8308,
    0x8308, 0x8308, 0x59E5, 0x59E5, 0x8308, 0x8308, 0x8308, 0x8308, 0x59E5, 0x8308, 0x8308, 0x59E5,
    0x59E5, 0x8308, 0x8308, 0x8308, 0x8308, 0x8308, 0x59E5, 0x59E5, 0x8308, 0x8308, 0x8308, 0x8308,
    0x59E5, 0x8308, 0x8308, 0x59E5, 0x59E5, 0x8308, 0x8308, 0x8308, 0x8308, 0x8308, 0x59E5, 0x59E5,
    0x8308, 0x8308, 0x8308, 0x8308, 0x59E5, 0x8308, 0x8308, 0x59E5, 0x59E5, 0x8308, 0x8308, 0x8308,
    0x8308, 0x8308, 0x59E5, 0x59E5, 0x8308, 0x8308, 0x8308, 0x8308, 0x59E5, 0x8308, 0x8308, 0x59E5,
    0x59E5, 0x8308, 0x8308, 0x8308, 0x8308, 0x8308, 0x59E5, 0x59E5, 0x8308, 0x8308, 0x8308, 0x8308,
    0x59E5, 0x8308, 0x8308, 0x59E5, 0x59E5, 0x8308, 0x8308, 0x8308, 0x8308, 0x8308, 0x59E5, 0x59E5,
    0x8308, 0x8308, 0x8308, 0x8308, 0x59E5, 0x8308, 0x8308, 0x59E5, 0x59E5, 0x8308, 0x8308, 0x8308,
    0x8308, 0x8308, 0x59E5, 0x59E5, 0x8308, 0x8308, 0x8308, 0x8308, 0x59E5, 0x8308, 0x8308, 0x59E5,
    0x59E5, 0x8308, 0x8308, 0x8308, 0x8308, 0x8308, 0x59E5, 0x59E5, 0x8308, 0x8308, 0x8308, 0x8308,
    0x59E5, 0x8308, 0x8308, 0x59E5, 0x59E5, 0x8308, 0x8308, 0x8308, 0x8308, 0x8308, 0x59E5, 0x59E5,
    0x8308, 0x8308, 0x8308, 0x8308, 0x59E5, 0x8308, 0x8308, 0x59E5, 0x59E5, 0x8308, 0x8308, 0x8308,
    0x8308, 0x8308, 0x59E5, 0x59E5, 0x8308, 0x8308, 0x8308, 0x8308, 0x59E5, 0x8308, 0x8308, 0x59E5,
    0x59E5, 0x8308, 0x8308, 0x8308, 0x8308, 0x8308, 0x59E5, 0x59E5, 0x8308, 0x8308, 0x8308, 0x8308,
    0x59E5, 0x8308, 0x8308, 0x59E5, 0x59E5, 0x8308, 0x8308, 0x8308, 0x8308, 0x8308, 0x59E5, 0x59E5,
    0x8308, 0x8308, 0x8308, 0x8308, 0x59E5, 0x8308, 0x8308, 0x59E5, 0x59E5, 0x8308, 0x8308, 0x8308,
    0x8308, 0x8308, 0x59E5, 0x59E5, 0x8308, 0x8308, 0x8308, 0x8308, 0x59E5, 0x8308, 0x8308, 0x59E5,
    0x59E5, 0x8308, 0x8308, 0x8308, 0x8308, 0x8308, 0x59E5, 0x59E5, 0x8308, 0x8308, 0x8308, 0x8308,
    0x59E5, 0x8308, 0x8308, 0x59E5, 0x59E5, 0x8308, 0x8308, 0x8308, 0x8308, 0x8308, 0x59E5, 0x59E5,
    0x8308, 0x8308, 0x8308, 0x8308, 0x59E5, 0x8308, 0x8308, 0x59E5, 0x59E5, 0x8308, 0x8308, 0x8308,
    0x8308, 0x8308, 0x59E5, 0x59E5, 0x8308, 0x8308, 0x8308, 0x8308, 0x59E5, 0x8308, 0x8308, 0x59E5,
    0x59E5, 0x8308, 0x8308, 0x8308, 0x59E5, 0x59E5, 0x59E5, 0x59E5, 0x8308, 0x59E5, 0x8308, 0x8308,
    0x59E5, 0x8308, 0x59E5, 0x8308, 0x59E5, 0x8308, 0x59E5, 0x59E5, 0x59E5, 0x59E5, 0x59E5, 0x59E5,
    0x8308, 0x59E5, 0x8308, 0x8308, 0x59E5, 0x8308, 0x59E5, 0x8308, 0x59E5, 0x8308, 0x59E5, 0x59E5,
    0x59E5, 0x59E5, 0x59E5, 0x59E5, 0x8308, 0x59E5, 0x8308, 0x8308, 0x59E5, 0x8308, 0x59E5, 0x8308,
    0x59E5, 0x8308, 0x59E5, 0x59E5, 0x59E5, 0x59E5, 0x59E5, 0x59E5, 0x8308, 0x59E5, 0x8308, 0x8308,
    0x59E5, 0x8308, 0x59E5, 0x8308, 0x59E5, 0x8308, 0x59E5, 0x59E5, 0x59E5, 0x59E5, 0x59E5, 0x59E5,
    0x8308, 0x59E5, 0x8308, 0x8308, 0x59E5, 0x8308, 0x59E5, 0x8308, 0x59E5, 0x8308, 0x59E5, 0x59E5,
    0x59E5, 0x59E5, 0x59E5, 0x59E5, 0x8308, 0x59E5, 0x8308, 0x8308, 0x59E5, 0x8308, 0x59E5, 0x8308,
    0x59E5, 0x8308, 0x59E5, 0x59E5, 0x59E5, 0x59E5, 0x59E5, 0x59E5, 0x8308, 0x59E5, 0x8308, 0x8308,
    0x59E5, 0x8308, 0x59E5, 0x8308, 0x59E5, 0x8308, 0x59E5, 0x59E5, 0x59E5, 0x59E5, 0x59E5, 0x59E5,
    0x8308, 0x59E5, 0x8308, 0x8308, 0x59E5, 0x8308, 0x59E5, 0x8308, 0x59E5, 0x8308, 0x59E5, 0x59E5,
    0x59E5, 0x59E5, 0x59E5, 0x59E5, 0x8308, 0x59E5, 0x8308, 0x8308, 0x59E5, 0x8308, 0x59E5, 0x8308,
    0x59E5, 0x8308, 0x59E5, 0x59E5, 0x59E5, 0x59E5, 0x59E5, 0x59E5, 0x8308, 0x59E5, 0x8308, 0x8308,
    0x59E5, 0x8308, 0x59E5, 0x8308, 0x59E5, 0x8308, 0x59E5, 0x59E5, 0x59E5, 0x59E5, 0x59E5, 0x59E5,
    0x8308, 0x59E5, 0x8308, 0x8308, 0x59E5, 0x8308, 0x59E5, 0x8308, 0x59E5, 0x8308, 0x59E5, 0x59E5,
    0x59E5, 0x59E5, 0x59E5, 0x59E5, 0x8308, 0x59E5, 0x8308, 0x8308, 0x59E5, 0x8308, 0x59E5, 0x8308,
    0x59E5, 0x8308, 0x59E5, 0x59E5, 0x59E5, 0x59E5, 0x59E5, 0x59E5, 0x8308, 0x59E5, 0x8308, 0x8308,
    0x59E5, 0x8308, 0x59E5, 0x8308, 0x59E5, 0x8308, 0x59E5, 0x59E5, 0x59E5, 0x59E5, 0x59E5, 0x59E5,
    0x8308, 0x59E5, 0x8308, 0x8308, 0x59E5, 0x8308, 0x59E5, 0x8308, 0x59E5, 0x8308, 0x59E5, 0x59E5,
    0x59E5, 0x59E5, 0x59E5, 0x59E5, 0x8308, 0x59E5, 0x8308, 0x8308, 0x59E5, 0x8308, 0x59E5, 0x8308,
    0x59E5, 0x8308, 0x59E5, 0x59E5, 0x59E5, 0x59E5, 0x59E5, 0x59E5, 0x8308, 0x59E5, 0x8308, 0x8308,
    0x59E5, 0x8308, 0x59E5, 0x8308, 0x59E5, 0x8308, 0x59E5, 0x59E5, 0x59E5, 0x59E5, 0x59E5, 0x59E5,
    0x8308, 0x59E5, 0x8308, 0x8308, 0x59E5, 0x8308, 0x59E5, 0x8308, 0x59E5, 0x8308, 0x59E5, 0x59E5,
    0x59E5, 0x59E5, 0x59E5, 0x59E5, 0x8308, 0x59E5, 0x8308, 0x8308, 0x59E5, 0x8308, 0x59E5, 0x8308,
    0x59E5, 0x8308, 0x59E5, 0x59E5, 0x59E5, 0x59E5, 0x59E5, 0x59E5, 0x8308, 0x59E5, 0x8308, 0x8308,
    0x59E5, 0x8308, 0x59E5, 0x8308, 0x59E5, 0x8308, 0x59E5, 0x59E5, 0x59E5, 0x59E5, 0x59E5, 0x59E5,
    0x8308, 0x59E5, 0x8308, 0x8308, 0x59E5, 0x8308, 0x59E5, 0x8308, 0x59E5, 0x8308, 0x59E5, 0x59E5,
    0x8308, 0x8308, 0x8308, 0x8308, 0x59E5, 0x8308, 0x8308, 0x8308, 0x59E5, 0x8308, 0x59E5, 0x59E5,
    0x8308, 0x8308, 0x59E5, 0x59E5, 0x8308, 0x8308, 0x8308, 0x8308, 0x59E5, 0x8308, 0x8308, 0x8308,
    0x59E5, 0x8308, 0x59E5, 0x59E5, 0x8308, 0x8308, 0x59E5, 0x59E5, 0x8308, 0x8308, 0x8308, 0x8308,
    0x59E5, 0x8308, 0x8308, 0x8308, 0x59E5, 0x8308, 0x59E5, 0x59E5, 0x8308, 0x8308, 0x59E5, 0x59E5,
    0x8308, 0x8308, 0x8308, 0x8308, 0x59E5, 0x8308, 0x8308, 0x8308, 0x59E5, 0x8308, 0x59E5, 0x59E5,
    0x8308, 0x8308, 0x59E5, 0x59E5, 0x8308, 0x8308, 0x8308, 0x8308, 0x59E5, 0x8308, 0x8308, 0x8308,
    0x59E5, 0x8308, 0x59E5, 0x59E5, 0x8308, 0x8308, 0x59E5, 0x59E5, 0x8308, 0x8308, 0x8308, 0x8308,
    0x59E5, 0x8308, 0x8308, 0x8308, 0x59E5, 0x8308, 0x59E5, 0x59E5, 0x8308, 0x8308, 0x59E5, 0x59E5,
    0x8308, 0x8308, 0x8308, 0x8308, 0x59E5, 0x8308, 0x8308, 0x8308, 0x59E5, 0x8308, 0x59E5, 0x59E5,
    0x8308, 0x8308, 0x59E5, 0x59E5, 0x8308, 0x8308, 0x8308, 0x8308, 0x59E5, 0x8308, 0x8308, 0x8308,
    0x59E5, 0x8308, 0x59E5, 0x59E5, 0x8308, 0x8308, 0x59E5, 0x59E5, 0x8308, 0x8308, 0x8308, 0x8308,
    0x59E5, 0x8308, 0x8308, 0x8308, 0x59E5, 0x8308, 0x59E5, 0x59E5, 0x8308, 0x8308, 0x59E5, 0x59E5,
    0x8308, 0x8308, 0x8308, 0x8308, 0x59E5, 0x8308, 0x8308, 0x8308, 0x59E5, 0x8308, 0x59E5, 0x59E5,
    0x8308, 0x8308, 0x59E5, 0x59E5, 0x8308, 0x8308, 0x8308, 0x8308, 0x59E5, 0x8308, 0x8308, 0x8308,
    0x59E5, 0x8308, 0x59E5, 0x59E5, 0x8308, 0x8308, 0x59E5, 0x59E5, 0x8308, 0x8308, 0x8308, 0x8308,
    0x59E5, 0x8308, 0x8308, 0x8308, 0x59E5, 0x8308, 0x59E5, 0x59E5, 0x8308, 0x8308, 0x59E5, 0x59E5,
    0x8308, 0x8308, 0x8308, 0x8308, 0x59E5, 0x8308, 0x8308, 0x8308, 0x59E5, 0x8308, 0x59E5, 0x59E5,
    0x8308, 0x8308, 0x59E5, 0x59E5, 0x8308, 0x8308, 0x8308, 0x8308, 0x59E5, 0x8308, 0x8308, 0x8308,
    0x59E5, 0x8308, 0x59E5, 0x59E5, 0x8308, 0x8308, 0x59E5, 0x59E5, 0x8308, 0x8308, 0x8308, 0x8308,
    0x59E5, 0x8308, 0x8308, 0x8308, 0x59E5, 0x8308, 0x59E5, 0x59E5, 0x8308, 0x8308, 0x59E5, 0x59E5,
    0x8308, 0x8308, 0x8308, 0x8308, 0x59E5, 0x8308, 0x8308, 0x8308, 0x59E5, 0x8308, 0x59E5, 0x59E5,
    0x8308, 0x8308, 0x59E5, 0x59E5, 0x8308, 0x8308, 0x8308, 0x8308, 0x59E5, 0x8308, 0x8308, 0x8308,
    0x59E5, 0x8308, 0x59E5, 0x59E5, 0x8308, 0x8308, 0x59E5, 0x59E5, 0x8308, 0x8308, 0x8308, 0x8308,
    0x59E5, 0x8308, 0x8308, 0x8308, 0x59E5, 0x8308, 0x59E5, 0x59E5, 0x8308, 0x8308, 0x59E5, 0x59E5,
    0x8308, 0x8308, 0x8308, 0x8308, 0x59E5, 0x8308, 0x8308, 0x8308, 0x59E5, 0x8308, 0x59E5, 0x59E5,
    0x8308, 0x8308, 0x59E5, 0x59E5, 0x8308, 0x8308, 0x8308, 0x8308, 0x59E5, 0x8308, 0x8308, 0x8308,
    0x59E5, 0x8308, 0x59E5, 0x59E5, 0x8308, 0x8308, 0x59E5, 0x59E5, 0x59E5, 0x8308, 0x59E5, 0x8308,
    0x8308, 0x8308, 0x8308, 0x8308, 0x8308, 0x8308, 0x59E5, 0x59E5, 0x8308, 0x8308, 0x59E5, 0x59E5,
    0x59E5, 0x8308, 0x59E5, 0x8308, 0x8308, 0x8308, 0x8308, 0x8308, 0x8308, 0x8308, 0x59E5, 0x59E5,
    0x8308, 0x8308, 0x59E5, 0x59E5, 0x59E5, 0x8308, 0x59E5, 0x8308, 0x8308, 0x8308, 0x8308, 0x8308,
    0x8308, 0x8308, 0x59E5, 0x59E5, 0x8308, 0x8308, 0x59E5, 0x59E5, 0x59E5, 0x8308, 0x59E5, 0x8308,
    0x8308, 0x8308, 0x8308, 0x8308, 0x8308, 0x8308, 0x59E5, 0x59E5, 0x8308, 0x8308, 0x59E5, 0x59E5,
    0x59E5, 0x8308, 0x59E5, 0x8308, 0x8308, 0x8308, 0x8308, 0x8308, 0x8308, 0x8308, 0x59E5, 0x59E5,
    0x8308, 0x8308, 0x59E5, 0x59E5, 0x59E5, 0x8308, 0x59E5, 0x8308, 0x8308, 0x8308, 0x8308, 0x8308,
    0x8308, 0x8308, 0x59E5, 0x59E5, 0x8308, 0x8308, 0x59E5, 0x59E5, 0x59E5, 0x8308, 0x59E5, 0x8308,
    0x8308, 0x8308, 0x8308, 0x8308, 0x8308, 0x8308, 0x59E5, 0x59E5, 0x8308, 0x8308, 0x59E5, 0x59E5,
    0x59E5, 0x8308, 0x59E5, 0x8308, 0x8308, 0x8308, 0x8308, 0x8308, 0x8308, 0x8308, 0x59E5, 0x59E5,
    0x8308, 0x8308, 0x59E5, 0x59E5, 0x59E5, 0x8308, 0x59E5, 0x8308, 0x8308, 0x8308, 0x8308, 0x8308,
    0x8308, 0x8308, 0x59E5, 0x59E5, 0x8308, 0x8308, 0x59E5, 0x59E5, 0x59E5, 0x8308, 0x59E5, 0x8308,
    0x8308, 0x8308, 0x8308, 0x8308, 0x8308, 0x8308, 0x59E5, 0x59E5, 0x8308, 0x8308, 0x59E5, 0x59E5,
    0x59E5, 0x8308, 0x59E5, 0x8308, 0x8308, 0x8308, 0x8308, 0x8308, 0x8308, 0x8308, 0x59E5, 0x59E5,
    0x8308, 0x8308, 0x59E5, 0x59E5, 0x59E5, 0x8308, 0x59E5, 0x8308, 0x8308, 0x8308, 0x8308, 0x8308,
    0x8308, 0x8308, 0x59E5, 0x59E5, 0x8308, 0x8308, 0x59E5, 0x59E5, 0x59E5, 0x8308, 0x59E5, 0x8308,
    0x8308, 0x8308, 0x8308, 0x8308, 0x8308, 0x8308, 0x59E5, 0x59E5, 0x8308, 0x8308, 0x59E5, 0x59E5,
    0x59E5, 0x8308, 0x59E5, 0x8308, 0x8308, 0x8308, 0x8308, 0x8308, 0x8308, 0x8308, 0x59E5, 0x59E5,
    0x8308, 0x8308, 0x59E5, 0x59E5, 0x59E5, 0x8308, 0x59E5, 0x8308, 0x8308, 0x8308, 0x8308, 0x8308,
    0x8308, 0x8308, 0x59E5, 0x59E5, 0x8308, 0x8308, 0x59E5, 0x59E5, 0x59E5, 0x8308, 0x59E5, 0x8308,
    0x8308, 0x8308, 0x8308, 0x8308, 0x8308, 0x8308, 0x59E5, 0x59E5, 0x8308, 0x8308, 0x59E5, 0x59E5,
    0x59E5, 0x8308, 0x59E5, 0x8308, 0x8308, 0x8308, 0x8308, 0x8308, 0x8308, 0x8308, 0x59E5, 0x59E5,
    0x8308, 0x8308, 0x59E5, 0x59E5, 0x59E5, 0x8308, 0x59E5, 0x8308, 0x8308, 0x8308, 0x8308, 0x8308,
    0x8308, 0x8308, 0x59E5, 0x59E5, 0x8308, 0x8308, 0x59E5, 0x59E5, 0x59E5, 0x8308, 0x59E5, 0x8308,
    0x8308, 0x8308, 0x8308, 0x8308, 0x8308, 0x8308, 0x59E5, 0x59E5, 0x8308, 0x8308, 0x59E5, 0x59E5,
    0x59E5, 0x8308, 0x59E5, 0x8308, 0x8308, 0x8308, 0x8308, 0x8308, 0x8308, 0x8308, 0x59E5, 0x59E5,
    0x8308, 0x8308, 0x59E5, 0x59E5, 0x8308, 0x8308, 0x59E5, 0x8308, 0x8308, 0x8308, 0x8308, 0x59E5,
    0x59E5, 0x8308, 0x59E5, 0x8308, 0x59E5, 0x8308, 0x8308, 0x59E5, 0x8308, 0x8308, 0x59E5, 0x8308,
    0x8308, 0x8308, 0x8308, 0x59E5, 0x59E5, 0x8308, 0x59E5, 0x8308, 0x59E5, 0x8308, 0x8308, 0x59E5,
    0x8308, 0x8308, 0x59E5, 0x8308, 0x8308, 0x8308, 0x8308, 0x59E5, 0x59E5, 0x8308, 0x59E5, 0x8308,
    0x59E5, 0x8308, 0x8308, 0x59E5, 0x8308, 0x8308, 0x59E5, 0x8308, 0x8308, 0x8308, 0x8308, 0x59E5,
    0x59E5, 0x8308, 0x59E5, 0x8308, 0x59E5, 0x8308, 0x8308, 0x59E5, 0x8308, 0x8308, 0x59E5, 0x8308,
    0x8308, 0x8308, 0x8308, 0x59E5, 0x59E5, 0x8308, 0x59E5, 0x8308, 0x59E5, 0x8308, 0x8308, 0x59E5,
    0x8308, 0x8308, 0x59E5, 0x8308, 0x8308, 0x8308, 0x8308, 0x59E5, 0x59E5, 0x8308, 0x59E5, 0x8308,
    0x59E5, 0x8308, 0x8308, 0x59E5, 0x8308, 0x8308, 0x59E5, 0x8308, 0x8308, 0x8308, 0x8308, 0x59E5,
    0x59E5, 0x8308, 0x59E5, 0x8308, 0x59E5, 0x8308, 0x8308, 0x59E5, 0x8308, 0x8308, 0x59E5, 0x8308,
    0x8308, 0x8308, 0x8308, 0x59E5, 0x59E5, 0x8308, 0x59E5, 0x8308, 0x59E5, 0x8308, 0x8308, 0x59E5,
    0x8308, 0x8308, 0x59E5, 0x8308, 0x8308, 0x8308, 0x8308, 0x59E5, 0x59E5, 0x8308, 0x59E5, 0x8308,
    0x59E5, 0x8308, 0x8308, 0x59E5, 0x8308, 0x8308, 0x59E5, 0x8308, 0x8308, 0x8308, 0x8308, 0x59E5,
    0x59E5, 0x8308, 0x59E5, 0x8308, 0x59E5, 0x8308, 0x8308, 0x59E5, 0x8308, 0x8308, 0x59E5, 0x8308,
    0x8308, 0x8308, 0x8308, 0x59E5, 0x59E5, 0x8308, 0x59E5, 0x8308, 0x59E5, 0x8308, 0x8308, 0x59E5,
    0x8308, 0x8308, 0x59E5, 0x8308, 0x8308, 0x8308, 0x8308, 0x59E5, 0x59E5, 0x8308, 0x59E5, 0x8308,
    0x59E5, 0x8308, 0x8308, 0x59E5, 0x8308, 0x8308, 0x59E5, 0x8308, 0x8308, 0x8308, 0x8308, 0x59E5,
    0x59E5, 0x8308, 0x59E5, 0x8308, 0x59E5, 0x8308, 0x8308, 0x59E5, 0x8308, 0x8308, 0x59E5, 0x8308,
    0x8308, 0x8308, 0x8308, 0x59E5, 0x59E5, 0x8308, 0x59E5, 0x8308, 0x59E5, 0x8308, 0x8308, 0x59E5,
    0x8308, 0x8308, 0x59E5, 0x8308, 0x8308, 0x8308, 0x8308, 0x59E5, 0x59E5, 0x8308, 0x59E5, 0x8308,
    0x59E5, 0x8308, 0x8308, 0x59E5, 0x8308, 0x8308, 0x59E5, 0x8308, 0x8308, 0x8308, 0x8308, 0x59E5,
    0x59E5, 0x8308, 0x59E5, 0x8308, 0x59E5, 0x8308, 0x8308, 0x59E5, 0x8308, 0x8308, 0x59E5, 0x8308,
    0x8308, 0x8308, 0x8308, 0x59E5, 0x59E5, 0x8308, 0x59E5, 0x8308, 0x59E5, 0x8308, 0x8308, 0x59E5,
    0x8308, 0x8308, 0x59E5, 0x8308, 0x8308, 0x8308, 0x8308, 0x59E5, 0x59E5, 0x8308, 0x59E5, 0x8308,
    0x59E5, 0x8308, 0x8308, 0x59E5, 0x8308, 0x8308, 0x59E5, 0x8308, 0x8308, 0x8308, 0x8308, 0x59E5,
    0x59E5, 0x8308, 0x59E5, 0x8308, 0x59E5, 0x8308, 0x8308, 0x59E5, 0x8308, 0x8308, 0x59E5, 0x8308,
    0x8308, 0x8308, 0x8308, 0x59E5, 0x59E5, 0x8308, 0x59E5, 0x8308, 0x59E5, 0x8308, 0x8308, 0x59E5,
    0x59E5, 0x8308, 0x59E5, 0x59E5, 0x8308, 0x8308, 0x8308, 0x59E5, 0x8308, 0x59E5, 0x59E5, 0x59E5,
    0x8308, 0x59E5, 0x59E5, 0x8308, 0x59E5, 0x8308, 0x59E5, 0x59E5, 0x8308, 0x8308, 0x8308, 0x59E5,
    0x8308, 0x59E5, 0x59E5, 0x59E5, 0x8308, 0x59E5, 0x59E5, 0x8308, 0x59E5, 0x8308, 0x59E5, 0x59E5,
    0x8308, 0x8308, 0x8308, 0x59E5, 0x8308, 0x59E5, 0x59E5, 0x59E5, 0x8308, 0x59E5, 0x59E5, 0x8308,
    0x59E5, 0x8308, 0x59E5, 0x59E5, 0x8308, 0x8308, 0x8308, 0x59E5, 0x8308, 0x59E5, 0x59E5, 0x59E5,
    0x8308, 0x59E5, 0x59E5, 0x8308, 0x59E5, 0x8308, 0x59E5, 0x59E5, 0x8308, 0x8308, 0x8308, 0x59E5,
    0x8308, 0x59E5, 0x59E5, 0x59E5, 0x8308, 0x59E5, 0x59E5, 0x8308, 0x59E5, 0x8308, 0x59E5, 0x59E5,
    0x8308, 0x8308, 0x8308, 0x59E5, 0x8308, 0x59E5, 0x59E5, 0x59E5, 0x8308, 0x59E5, 0x59E5, 0x8308,
    0x59E5, 0x8308, 0x59E5, 0x59E5, 0x8308, 0x8308, 0x8308, 0x59E5, 0x8308, 0x59E5, 0x59E5, 0x59E5,
    0x8308, 0x59E5, 0x59E5, 0x8308, 0x59E5, 0x8308, 0x59E5, 0x59E5, 0x8308, 0x8308, 0x8308, 0x59E5,
    0x8308, 0x59E5, 0x59E5, 0x59E5, 0x8308, 0x59E5, 0x59E5, 0x8308, 0x59E5, 0x8308, 0x59E5, 0x59E5,
    0x8308, 0x8308, 0x8308, 0x59E5, 0x8308, 0x59E5, 0x59E5, 0x59E5, 0x8308, 0x59E5, 0x59E5, 0x8308,
    0x59E5, 0x8308, 0x59E5, 0x59E5, 0x8308, 0x8308, 0x8308, 0x59E5, 0x8308, 0x59E5, 0x59E5, 0x59E5,
    0x8308, 0x59E5, 0x59E5, 0x8308, 0x59E5, 0x8308, 0x59E5, 0x59E5, 0x8308, 0x8308, 0x8308, 0x59E5,
    0x8308, 0x59E5, 0x59E5, 0x59E5, 0x8308, 0x59E5, 0x59E5, 0x8308, 0x59E5, 0x8308, 0x59E5, 0x59E5,
    0x8308, 0x8308, 0x8308, 0x59E5, 0x8308, 0x59E5, 0x59E5, 0x59E5, 0x8308, 0x59E5, 0x59E5, 0x8308,
    0x59E5, 0x8308, 0x59E5, 0x59E5, 0x8308, 0x8308, 0x8308, 0x59E5, 0x8308, 0x59E5, 0x59E5, 0x59E5,
    0x8308, 0x59E5, 0x59E5, 0x8308, 0x59E5, 0x8308, 0x59E5, 0x59E5, 0x8308, 0x8308, 0x8308, 0x59E5,
    0x8308, 0x59E5, 0x59E5, 0x59E5, 0x8308, 0x59E5, 0x59E5, 0x8308, 0x59E5, 0x8308, 0x59E5, 0x59E5,
    0x8308, 0x8308, 0x8308, 0x59E5, 0x8308, 0x59E5, 0x59E5, 0x59E5, 0x8308, 0x59E5, 0x59E5, 0x8308,
    0x59E5, 0x8308, 0x59E5, 0x59E5, 0x8308, 0x8308, 0x8308, 0x59E5, 0x8308, 0x59E5, 0x59E5, 0x59E5,
    0x8308, 0x59E5, 0x59E5, 0x8308, 0x59E5, 0x8308, 0x59E5, 0x59E5, 0x8308, 0x8308, 0x8308, 0x59E5,
    0x8308, 0x59E5, 0x59E5, 0x59E5, 0x8308, 0x59E5, 0x59E5, 0x8308, 0x59E5, 0x8308, 0x59E5, 0x59E5,
    0x8308, 0x8308, 0x8308, 0x59E5, 0x8308, 0x59E5, 0x59E5, 0x59E5, 0x8308, 0x59E5, 0x59E5, 0x8308,
    0x59E5, 0x8308, 0x59E5, 0x59E5, 0x8308, 0x8308, 0x8308, 0x59E5, 0x8308, 0x59E5, 0x59E5, 0x59E5,
    0x8308, 0x59E5, 0x59E5, 0x8308, 0x59E5, 0x8308, 0x59E5, 0x59E5, 0x8308, 0x8308, 0x8308, 0x59E5,
    0x8308, 0x59E5, 0x59E5, 0x59E5, 0x8308, 0x59E5, 0x59E5, 0x8308, 0x8308, 0x59E5, 0x8308, 0x8308,
    0x8308, 0x8308, 0x8308, 0x8308, 0x59E5, 0x59E5, 0x59E5, 0x8308, 0x8308, 0x8308, 0x59E5, 0x8308,
    0x8308, 0x59E5, 0x8308, 0x8308, 0x8308, 0x8308, 0x8308, 0x8308, 0x59E5, 0x59E5, 0x59E5, 0x8308,
    0x8308, 0x8308, 0x59E5, 0x8308, 0x8308, 0x59E5, 0x8308, 0x8308, 0x8308, 0x8308, 0x8308, 0x8308,
    0x59E5, 0x59E5, 0x59E5, 0x8308, 0x8308, 0x8308, 0x59E5, 0x8308, 0x8308, 0x59E5, 0x8308, 0x8308,
    0x8308, 0x8308, 0x8308, 0x8308, 0x59E5, 0x59E5, 0x59E5, 0x8308, 0x8308, 0x8308, 0x59E5, 0x8308,
    0x8308, 0x59E5, 0x8308, 0x8308, 0x8308, 0x8308, 0x8308, 0x8308, 0x59E5, 0x59E5, 0x59E5, 0x8308,
    0x8308, 0x8308, 0x59E5, 0x8308, 0x8308, 0x59E5, 0x8308, 0x8308, 0x8308, 0x8308, 0x8308, 0x8308,
    0x59E5, 0x59E5, 0x59E5, 0x8308, 0x8308, 0x8308, 0x59E5, 0x8308, 0x8308, 0x59E5, 0x8308, 0x8308,
    0x8308, 0x8308, 0x8308, 0x8308, 0x59E5, 0x59E5, 0x59E5, 0x8308, 0x8308, 0x8308, 0x59E5, 0x8308,
    0x8308, 0x59E5, 0x8308, 0x8308, 0x8308, 0x8308, 0x8308, 0x8308, 0x59E5, 0x59E5, 0x59E5, 0x8308,
    0x8308, 0x8308, 0x59E5, 0x8308, 0x8308, 0x59E5, 0x8308, 0x8308, 0x8308, 0x8308, 0x8308, 0x8308,
    0x59E5, 0x59E5, 0x59E5, 0x8308, 0x8308, 0x8308, 0x59E5, 0x8308, 0x8308, 0x59E5, 0x8308, 0x8308,
    0x8308, 0x8308, 0x8308, 0x8308, 0x59E5, 0x59E5, 0x59E5, 0x8308, 0x8308, 0x8308, 0x59E5, 0x8308,
    0x8308, 0x59E5, 0x8308, 0x8308, 0x8308, 0x8308, 0x8308, 0x8308, 0x59E5, 0x59E5, 0x59E5, 0x8308,
    0x8308, 0x8308, 0x59E5, 0x8308, 0x8308, 0x59E5, 0x8308, 0x8308, 0x8308, 0x8308, 0x8308, 0x8308,
    0x59E5, 0x59E5, 0x59E5, 0x8308, 0x8308, 0x8308, 0x59E5, 0x8308, 0x8308, 0x59E5, 0x8308, 0x8308,
    0x8308, 0x8308, 0x8308, 0x8308, 0x59E5, 0x59E5, 0x59E5, 0x8308, 0x8308, 0x8308, 0x59E5, 0x8308,
    0x8308, 0x59E5, 0x8308, 0x8308, 0x8308, 0x8308, 0x8308, 0x8308, 0x59E5, 0x59E5, 0x59E5, 0x8308,
    0x8308, 0x8308, 0x59E5, 0x8308, 0x8308, 0x59E5, 0x8308, 0x8308, 0x8308, 0x8308, 0x8308, 0x8308,
    0x59E5, 0x59E5, 0x59E5, 0x8308, 0x8308, 0x8308, 0x59E5, 0x8308, 0x8308, 0x59E5, 0x8308, 0x8308,
    0x8308, 0x8308, 0x8308, 0x8308, 0x59E5, 0x59E5, 0x59E5, 0x8308, 0x8308, 0x8308, 0x59E5, 0x8308,
    0x8308, 0x59E5, 0x8308, 0x8308, 0x8308, 0x8308, 0x8308, 0x8308, 0x59E5, 0x59E5, 0x59E5, 0x8308,
    0x8308, 0x8308, 0x59E5, 0x8308, 0x8308, 0x59E5, 0x8308, 0x8308, 0x8308, 0x8308, 0x8308, 0x8308,
    0x59E5, 0x59E5, 0x59E5, 0x8308, 0x8308, 0x8308, 0x59E5, 0x8308, 0x8308, 0x59E5, 0x8308, 0x8308,
    0x8308, 0x8308, 0x8308, 0x8308, 0x59E5, 0x59E5, 0x59E5, 0x8308, 0x8308, 0x8308, 0x59E5, 0x8308,
    0x8308, 0x59E5, 0x8308, 0x8308, 0x8308, 0x8308, 0x8308, 0x8308, 0x59E5, 0x59E5, 0x59E5, 0x8308,
    0x8308, 0x8308, 0x59E5, 0x8308, 0x8308, 0x8308, 0x8308, 0x8308, 0x59E5, 0x8308, 0x8308, 0x8308,
    0x8308, 0x8308, 0x8308, 0x8308, 0x8308, 0x8308, 0x8308, 0x8308, 0x8308, 0x8308, 0x8308, 0x8308,
    0x59E5, 0x8308, 0x8308, 0x8308, 0x8308, 0x8308, 0x8308, 0x8308, 0x8308, 0x8308, 0x8308, 0x8308,
    0x8308, 0x8308, 0x8308, 0x8308, 0x59E5, 0x8308, 0x8308, 0x8308, 0x8308, 0x8308, 0x8308, 0x8308,
    0x8308, 0x8308, 0x8308, 0x8308, 0x8308, 0x8308, 0x8308, 0x8308, 0x59E5, 0x8308, 0x8308, 0x8308,
    0x8308, 0x8308, 0x8308, 0x8308, 0x8308, 0x8308, 0x8308, 0x8308, 0x8308, 0x8308, 0x8308, 0x8308,
    0x59E5, 0x8308, 0x8308, 0x8308, 0x8308, 0x8308, 0x8308, 0x8308, 0x8308, 0x8308, 0x8308, 0x8308,
    0x8308, 0x8308, 0x8308, 0x8308, 0x59E5, 0x8308, 0x8308, 0x8308, 0x8308, 0x8308, 0x8308, 0x8308,
    0x8308, 0x8308, 0x8308, 0x8308, 0x8308, 0x8308, 0x8308, 0x8308, 0x59E5, 0x8308, 0x8308, 0x8308,
    0x8308, 0x8308, 0x8308, 0x8308, 0x8308, 0x8308, 0x8308, 0x8308, 0x8308, 0x8308, 0x8308, 0x8308,
    0x59E5, 0x8308, 0x8308, 0x8308, 0x8308, 0x8308, 0x8308, 0x8308, 0x8308, 0x8308, 0x8308, 0x8308,
    0x8308, 0x8308, 0x8308, 0x8308, 0x59E5, 0x8308, 0x8308, 0x8308, 0x8308, 0x8308, 0x8308, 0x8308,
    0x8308, 0x8308, 0x8308, 0x8308, 0x8308, 0x8308, 0x8308, 0x8308, 0x59E5, 0x8308, 0x8308, 0x8308,
    0x8308, 0x8308, 0x8308, 0x8308, 0x8308, 0x8308, 0x8308, 0x8308, 0x8308, 0x8308, 0x8308, 0x8308,
    0x59E5, 0x8308, 0x8308, 0x8308, 0x8308, 0x8308, 0x8308, 0x8308, 0x8308, 0x8308, 0x8308, 0x8308,
    0x8308, 0x8308, 0x8308, 0x8308, 0x59E5, 0x8308, 0x8308, 0x8308, 0x8308, 0x8308, 0x8308, 0x8308,
    0x8308, 0x8308, 0x8308, 0x8308, 0x8308, 0x8308, 0x8308, 0x8308, 0x59E5, 0x8308, 0x8308, 0x8308,
    0x8308, 0x8308, 0x8308, 0x8308, 0x8308, 0x8308, 0x8308, 0x8308, 0x8308, 0x8308, 0x8308, 0x8308,
    0x59E5, 0x8308, 0x8308, 0x8308, 0x8308, 0x8308, 0x8308, 0x8308, 0x8308, 0x8308, 0x8308, 0x8308,
    0x8308, 0x8308, 0x8308, 0x8308, 0x59E5, 0x8308, 0x8308, 0x8308, 0x8308, 0x8308, 0x8308, 0x8308,
    0x8308, 0x8308, 0x8308, 0x8308, 0x8308, 0x8308, 0x8308, 0x8308, 0x59E5, 0x8308, 0x8308, 0x8308,
    0x8308, 0x8308, 0x8308, 0x8308, 0x8308, 0x8308, 0x8308, 0x8308, 0x8308, 0x8308, 0x8308, 0x8308,
    0x59E5, 0x8308, 0x8308, 0x8308, 0x8308, 0x8308, 0x8308, 0x8308, 0x8308, 0x8308, 0x8308, 0x8308,
    0x8308, 0x8308, 0x8308, 0x8308, 0x59E5, 0x8308, 0x8308, 0x8308, 0x8308, 0x8308, 0x8308, 0x8308,
    0x8308, 0x8308, 0x8308, 0x8308, 0x8308, 0x8308, 0x8308, 0x8308, 0x59E5, 0x8308, 0x8308, 0x8308,
    0x8308, 0x8308, 0x8308, 0x8308, 0x8308, 0x8308, 0x8308, 0x8308, 0x8308, 0x8308, 0x8308, 0x8308,
    0x59E5, 0x8308, 0x8308, 0x8308, 0x8308, 0x8308, 0x8308, 0x8308, 0x8308, 0x8308, 0x8308, 0x8308,
    0x8308, 0x8308, 0x8308, 0x8308, 0x8308, 0x8308, 0x8308, 0x8308, 0x59E5, 0x8308, 0x8308, 0x8308,
    0x8308, 0x8308, 0x8308, 0x8308, 0x8308, 0x8308, 0x8308, 0x8308, 0x8308, 0x8308, 0x8308, 0x8308,
    0x59E5, 0x8308, 0x8308, 0x8308, 0x8308, 0x8308, 0x8308, 0x8308, 0x8308, 0x8308, 0x8308, 0x8308,
    0x8308, 0x8308, 0x8308, 0x8308, 0x59E5, 0x8308, 0x8308, 0x8308, 0x8308, 0x8308, 0x8308, 0x8308,
    0x8308, 0x8308, 0x8308, 0x8308, 0x8308, 0x8308, 0x8308, 0x8308, 0x59E5, 0x8308, 0x8308, 0x8308,
    0x8308, 0x8308, 0x8308, 0x8308, 0x8308, 0x8308, 0x8308, 0x8308, 0x8308, 0x8308, 0x8308, 0x8308,
    0x59E5, 0x8308, 0x8308, 0x8308, 0x8308, 0x8308, 0x8308, 0x8308, 0x8308, 0x8308, 0x8308, 0x8308,
    0x8308, 0x8308, 0x8308, 0x8308, 0x59E5, 0x8308, 0x8308, 0x8308, 0x8308, 0x8308, 0x8308, 0x8308,
    0x8308, 0x8308, 0x8308, 0x8308, 0x8308, 0x8308, 0x8308, 0x8308, 0x59E5, 0x8308, 0x8308, 0x8308,
    0x8308, 0x8308, 0x8308, 0x8308, 0x8308, 0x8308, 0x8308, 0x8308, 0x8308, 0x8308, 0x8308, 0x8308,
    0x59E5, 0x8308, 0x8308, 0x8308, 0x8308, 0x8308, 0x8308, 0x8308, 0x8308, 0x8308, 0x8308, 0x8308,
    0x8308, 0x8308, 0x8308, 0x8308, 0x59E5, 0x8308, 0x8308, 0x8308, 0x8308, 0x8308, 0x8308, 0x8308,
    0x8308, 0x8308, 0x8308, 0x8308, 0x8308, 0x8308, 0x8308, 0x8308, 0x59E5, 0x8308, 0x8308, 0x8308,
    0x8308, 0x8308, 0x8308, 0x8308, 0x8308, 0x8308, 0x8308, 0x8308, 0x8308, 0x8308, 0x8308, 0x8308,
    0x59E5, 0x8308, 0x8308, 0x8308, 0x8308, 0x8308, 0x8308, 0x8308, 0x8308, 0x8308, 0x8308, 0x8308,
    0x8308, 0x8308, 0x8308, 0x8308, 0x59E5, 0x8308, 0x8308, 0x8308, 0x8308, 0x8308, 0x8308, 0x8308,
    0x8308, 0x8308, 0x8308, 0x8308, 0x8308, 0x8308, 0x8308, 0x8308, 0x59E5, 0x8308, 0x8308, 0x8308,
    0x8308, 0x8308, 0x8308, 0x8308, 0x8308, 0x8308, 0x8308, 0x8308, 0x8308, 0x8308, 0x8308, 0x8308,
    0x59E5, 0x8308, 0x8308, 0x8308, 0x8308, 0x8308, 0x8308, 0x8308, 0x8308, 0x8308, 0x8308, 0x8308,
    0x8308, 0x8308, 0x8308, 0x8308, 0x59E5, 0x8308, 0x8308, 0x8308, 0x8308, 0x8308, 0x8308, 0x8308,
    0x8308, 0x8308, 0x8308, 0x8308, 0x8308, 0x8308, 0x8308, 0x8308, 0x59E5, 0x8308, 0x8308, 0x8308,
    0x8308, 0x8308, 0x8308, 0x8308, 0x8308, 0x8308, 0x8308, 0x8308, 0x8308, 0x8308, 0x8308, 0x8308,
    0x59E5, 0x8308, 0x8308, 0x8308, 0x8308, 0x8308, 0x8308, 0x8308, 0x8308, 0x8308, 0x8308, 0x8308,
    0x8308, 0x8308, 0x8308, 0x8308, 0x59E5, 0x8308, 0x8308, 0x8308, 0x8308, 0x8308, 0x8308, 0x8308,
    0x8308, 0x8308, 0x8308, 0x8308, 0x8308, 0x8308, 0x8308, 0x8308, 0x59E5, 0x8308, 0x8308, 0x8308,
    0x8308, 0x8308, 0x8308, 0x8308, 0x8308, 0x8308, 0x8308, 0x8308, 0x8308, 0x8308, 0x8308, 0x8308,
    0x59E5, 0x8308, 0x8308, 0x8308, 0x8308, 0x8308, 0x8308, 0x8308, 0x8308, 0x8308, 0x59E5, 0x8308,
    0x59E5, 0x8308, 0x8308, 0x59E5, 0x8308, 0x8308, 0x8308, 0x8308, 0x59E5, 0x59E5, 0x8308, 0x8308,
    0x8308, 0x8308, 0x59E5, 0x8308, 0x59E5, 0x8308, 0x8308, 0x59E5, 0x8308, 0x8308, 0x8308, 0x8308,
    0x59E5, 0x59E5, 0x8308, 0x8308, 0x8308, 0x8308, 0x59E5, 0x8308, 0x59E5, 0x8308, 0x8308, 0x59E5,
    0x8308, 0x8308, 0x8308, 0x8308, 0x59E5, 0x59E5, 0x8308, 0x8308, 0x8308, 0x8308, 0x59E5, 0x8308,
    0x59E5, 0x8308, 0x8308, 0x59E5, 0x8308, 0x8308, 0x8308, 0x8308, 0x59E5, 0x59E5, 0x8308, 0x8308,
    0x8308, 0x8308, 0x59E5, 0x8308, 0x59E5, 0x8308, 0x8308, 0x59E5, 0x8308, 0x8308, 0x8308, 0x8308,
    0x59E5, 0x59E5, 0x8308, 0x8308, 0x8308, 0x8308, 0x59E5, 0x8308, 0x59E5, 0x8308, 0x8308, 0x59E5,
    0x8308, 0x8308, 0x8308, 0x8308, 0x59E5, 0x59E5, 0x8308, 0x8308, 0x8308, 0x8308, 0x59E5, 0x8308,
    0x59E5, 0x8308, 0x8308, 0x59E5, 0x8308, 0x8308, 0x8308, 0x8308, 0x59E5, 0x59E5, 0x8308, 0x8308,
    0x8308, 0x8308, 0x59E5, 0x8308, 0x59E5, 0x8308, 0x8308, 0x59E5, 0x8308, 0x8308, 0x8308, 0x8308,
    0x59E5, 0x59E5, 0x8308, 0x8308, 0x8308, 0x8308, 0x59E5, 0x8308, 0x59E5, 0x8308, 0x8308, 0x59E5,
    0x8308, 0x8308, 0x8308, 0x8308, 0x59E5, 0x59E5, 0x8308, 0x8308, 0x8308, 0x8308, 0x59E5, 0x8308,
    0x59E5, 0x8308, 0x8308, 0x59E5, 0x8308, 0x8308, 0x8308, 0x8308, 0x59E5, 0x59E5, 0x8308, 0x8308,
    0x8308, 0x8308, 0x59E5, 0x8308, 0x59E5, 0x8308, 0x8308, 0x59E5, 0x8308, 0x8308, 0x8308, 0x8308,
    0x59E5, 0x59E5, 0x8308, 0x8308, 0x8308, 0x8308, 0x59E5, 0x8308, 0x59E5, 0x8308, 0x8308, 0x59E5,
    0x8308, 0x8308, 0x8308, 0x8308, 0x59E5, 0x59E5, 0x8308, 0x8308, 0x8308, 0x8308, 0x59E5, 0x8308,
    0x59E5, 0x8308, 0x8308, 0x59E5, 0x8308, 0x8308, 0x8308, 0x8308, 0x59E5, 0x59E5, 0x8308, 0x8308,
    0x8308, 0x8308, 0x59E5, 0x8308, 0x59E5, 0x8308, 0x8308, 0x59E5, 0x8308, 0x8308, 0x8308, 0x8308,
    0x59E5, 0x59E5, 0x8308, 0x8308, 0x8308, 0x8308, 0x59E5, 0x8308, 0x59E5, 0x8308, 0x8308, 0x59E5,
    0x8308, 0x8308, 0x8308, 0x8308, 0x59E5, 0x59E5, 0x8308, 0x8308, 0x8308, 0x8308, 0x59E5, 0x8308,
    0x59E5, 0x8308, 0x8308, 0x59E5, 0x8308, 0x8308, 0x8308, 0x8308, 0x59E5, 0x59E5, 0x8308, 0x8308,
    0x8308, 0x8308, 0x59E5, 0x8308, 0x59E5, 0x8308, 0x8308, 0x59E5, 0x8308, 0x8308, 0x8308, 0x8308,
    0x59E5, 0x59E5, 0x8308, 0x8308, 0x8308, 0x8308, 0x59E5, 0x8308, 0x59E5, 0x8308, 0x8308, 0x59E5,
    0x8308, 0x8308, 0x8308, 0x8308, 0x59E5, 0x59E5, 0x8308, 0x8308, 0x8308, 0x8308, 0x59E5, 0x8308,
    0x59E5, 0x8308, 0x8308, 0x59E5, 0x8308, 0x8308, 0x8308, 0x8308, 0x59E5, 0x59E5, 0x8308, 0x8308,
    0x8308, 0x8308, 0x59E5, 0x8308, 0x59E5, 0x8308, 0x8308, 0x59E5, 0x8308, 0x8308, 0x8308, 0x8308,
    0x59E5, 0x59E5, 0x8308, 0x8308, 0x59E5, 0x59E5, 0x8308, 0x8308, 0x8308, 0x8308, 0x8308, 0x8308,
    0x59E5, 0x8308, 0x8308, 0x8308, 0x8308, 0x8308, 0x8308, 0x8308, 0x59E5, 0x59E5, 0x8308, 0x8308,
    0x8308, 0x8308, 0x8308, 0x8308, 0x59E5, 0x8308, 0x8308, 0x8308, 0x8308, 0x8308, 0x8308, 0x8308,
    0x59E5, 0x59E5, 0x8308, 0x8308, 0x8308, 0x8308, 0x8308, 0x8308, 0x59E5, 0x8308, 0x8308, 0x8308,
    0x8308, 0x8308, 0x8308, 0x8308, 0x59E5, 0x59E5, 0x8308, 0x8308, 0x8308, 0x8308, 0x8308, 0x8308,
    0x59E5, 0x8308, 0x8308, 0x8308, 0x8308, 0x8308, 0x8308, 0x8308, 0x59E5, 0x59E5, 0x8308, 0x8308,
    0x8308, 0x8308, 0x8308, 0x8308, 0x59E5, 0x8308, 0x8308, 0x8308, 0x8308, 0x8308, 0x8308, 0x8308,
    0x59E5, 0x59E5, 0x8308, 0x8308, 0x8308, 0x8308, 0x8308, 0x8308, 0x59E5, 0x8308, 0x8308, 0x8308,
    0x8308, 0x8308, 0x8308, 0x8308, 0x59E5, 0x59E5, 0x8308, 0x8308, 0x8308, 0x8308, 0x8308, 0x8308,
    0x59E5, 0x8308, 0x8308, 0x8308, 0x8308, 0x8308, 0x8308, 0x8308, 0x59E5, 0x59E5, 0x8308, 0x8308,
    0x8308, 0x8308, 0x8308, 0x8308, 0x59E5, 0x8308, 0x8308, 0x8308, 0x8308, 0x8308, 0x8308, 0x8308,
    0x59E5, 0x59E5, 0x8308, 0x8308, 0x8308, 0x8308, 0x8308, 0x8308, 0x59E5, 0x8308, 0x8308, 0x8308,
    0x8308, 0x8308, 0x8308, 0x8308, 0x59E5, 0x59E5, 0x8308, 0x8308, 0x8308, 0x8308, 0x8308, 0x8308,
    0x59E5, 0x8308, 0x8308, 0x8308, 0x8308, 0x8308, 0x8308, 0x8308, 0x59E5, 0x59E5, 0x8308, 0x8308,
    0x8308, 0x8308, 0x8308, 0x8308, 0x59E5, 0x8308, 0x8308, 0x8308, 0x8308, 0x8308, 0x8308, 0x8308,
    0x59E5, 0x59E5, 0x8308, 0x8308, 0x8308, 0x8308, 0x8308, 0x8308, 0x59E5, 0x8308, 0x8308, 0x8308,
    0x8308, 0x8308, 0x8308, 0x8308, 0x59E5, 0x59E5, 0x8308, 0x8308, 0x8308, 0x8308, 0x8308, 0x8308,
    0x59E5, 0x8308, 0x8308, 0x8308, 0x8308, 0x8308, 0x8308, 0x8308, 0x59E5, 0x59E5, 0x8308, 0x8308,
    0x8308, 0x8308, 0x8308, 0x8308, 0x59E5, 0x8308, 0x8308, 0x8308, 0x8308, 0x8308, 0x8308, 0x8308,
    0x59E5, 0x59E5, 0x8308, 0x8308, 0x8308, 0x8308, 0x8308, 0x8308, 0x59E5, 0x8308, 0x8308, 0x8308,
    0x8308, 0x8308, 0x8308, 0x8308, 0x59E5, 0x59E5, 0x8308, 0x8308, 0x8308, 0x8308, 0x8308, 0x8308,
    0x59E5, 0x8308, 0x8308, 0x8308, 0x8308, 0x8308, 0x8308, 0x8308, 0x59E5, 0x59E5, 0x8308, 0x8308,
    0x8308, 0x8308, 0x8308, 0x8308, 0x59E5, 0x8308, 0x8308, 0x8308, 0x8308, 0x8308, 0x8308, 0x8308,
    0x59E5, 0x59E5, 0x8308, 0x8308, 0x8308, 0x8308, 0x8308, 0x8308, 0x59E5, 0x8308, 0x8308, 0x8308,
    0x8308, 0x8308, 0x8308, 0x8308, 0x59E5, 0x59E5, 0x8308, 0x8308, 0x8308, 0x8308, 0x8308, 0x8308,
    0x59E5, 0x8308, 0x8308, 0x8308, 0x8308, 0x8308, 0x8308, 0x8308, 0x59E5, 0x59E5, 0x8308, 0x8308,
    0x8308, 0x8308, 0x8308, 0x8308, 0x59E5, 0x8308, 0x8308, 0x8308, 0x8308, 0x8308, 0x8308, 0x8308,
    0x59E5, 0x8308, 0x8308, 0x8308, 0x8308, 0x8308, 0x59E5, 0x59E5, 0x8308, 0x59E5, 0x59E5, 0x8308,
    0x8308, 0x8308, 0x8308, 0x8308, 0x59E5, 0x8308, 0x8308, 0x8308, 0x8308, 0x8308, 0x59E5, 0x59E5,
    0x8308, 0x59E5, 0x59E5, 0x8308, 0x8308, 0x8308, 0x8308, 0x8308, 0x59E5, 0x8308, 0x8308, 0x8308,
    0x8308, 0x8308, 0x59E5, 0x59E5, 0x8308, 0x59E5, 0x59E5, 0x8308, 0x8308, 0x8308, 0x8308, 0x8308,
    0x59E5, 0x8308, 0x8308, 0x8308, 0x8308, 0x8308, 0x59E5, 0x59E5, 0x8308, 0x59E5, 0x59E5, 0x8308,
    0x8308, 0x8308, 0x8308, 0x8308, 0x59E5, 0x8308, 0x8308, 0x8308, 0x8308, 0x8308, 0x59E5, 0x59E5,
    0x8308, 0x59E5, 0x59E5, 0x8308, 0x8308, 0x8308, 0x8308, 0x8308, 0x59E5, 0x8308, 0x8308, 0x8308,
    0x8308, 0x8308, 0x59E5, 0x59E5, 0x8308, 0x59E5, 0x59E5, 0x8308, 0x8308, 0x8308, 0x8308, 0x8308,
    0x59E5, 0x8308, 0x8308, 0x8308, 0x8308, 0x8308, 0x59E5, 0x59E5, 0x8308, 0x59E5, 0x59E5, 0x8308,
    0x8308, 0x8308, 0x8308, 0x8308, 0x59E5, 0x8308, 0x8308, 0x8308, 0x8308, 0x8308, 0x59E5, 0x59E5,
    0x8308, 0x59E5, 0x59E5, 0x8308, 0x8308, 0x8308, 0x8308, 0x8308, 0x59E5, 0x8308, 0x8308, 0x8308,
    0x8308, 0x8308, 0x59E5, 0x59E5, 0x8308, 0x59E5, 0x59E5, 0x8308, 0x8308, 0x8308, 0x8308, 0x8308,
    0x59E5, 0x8308, 0x8308, 0x8308, 0x8308, 0x8308, 0x59E5, 0x59E5, 0x8308, 0x59E5, 0x59E5, 0x8308,
    0x8308, 0x8308, 0x8308, 0x8308, 0x59E5, 0x8308, 0x8308, 0x8308, 0x8308, 0x8308, 0x59E5, 0x59E5,
    0x8308, 0x59E5, 0x59E5, 0x8308, 0x8308, 0x8308, 0x8308, 0x8308, 0x59E5, 0x8308, 0x8308, 0x8308,
    0x8308, 0x8308, 0x59E5, 0x59E5, 0x8308, 0x59E5, 0x59E5, 0x8308, 0x8308, 0x8308, 0x8308, 0x8308,
    0x59E5, 0x8308, 0x8308, 0x8308, 0x8308, 0x8308, 0x59E5, 0x59E5, 0x8308, 0x59E5, 0x59E5, 0x8308,
    0x8308, 0x8308, 0x8308, 0x8308, 0x59E5, 0x8308, 0x8308, 0x8308, 0x8308, 0x8308, 0x59E5, 0x59E5,
    0x8308, 0x59E5, 0x59E5, 0x8308, 0x8308, 0x8308, 0x8308, 0x8308, 0x59E5, 0x8308, 0x8308, 0x8308,
    0x8308, 0x8308, 0x59E5, 0x59E5, 0x8308, 0x59E5, 0x59E5, 0x8308, 0x8308, 0x8308, 0x8308, 0x8308,
    0x59E5, 0x8308, 0x8308, 0x8308, 0x8308, 0x8308, 0x59E5, 0x59E5, 0x8308, 0x59E5, 0x59E5, 0x8308,
    0x8308, 0x8308, 0x8308, 0x8308, 0x59E5, 0x8308, 0x8308, 0x8308, 0x8308, 0x8308, 0x59E5, 0x59E5,
    0x8308, 0x59E5, 0x59E5, 0x8308, 0x8308, 0x8308, 0x8308, 0x8308, 0x59E5, 0x8308, 0x8308, 0x8308,
    0x8308, 0x8308, 0x59E5, 0x59E5, 0x8308, 0x59E5, 0x59E5, 0x8308, 0x8308, 0x8308, 0x8308, 0x8308,
    0x59E5, 0x8308, 0x8308, 0x8308, 0x8308, 0x8308, 0x59E5, 0x59E5, 0x8308, 0x59E5, 0x59E5, 0x8308,
    0x8308, 0x8308, 0x8308, 0x8308, 0x59E5, 0x8308, 0x8308, 0x8308, 0x8308, 0x8308, 0x59E5, 0x59E5,
    0x8308, 0x59E5, 0x59E5, 0x8308, 0x8308, 0x8308, 0x8308, 0x8308, 0x8308, 0x8308, 0x59E5, 0x59E5,
    0x8308, 0x59E5, 0x8308, 0x8308, 0x8308, 0x8308, 0x59E5, 0x59E5, 0x8308, 0x59E5, 0x8308, 0x59E5,
    0x8308, 0x8308, 0x59E5, 0x59E5, 0x8308, 0x59E5, 0x8308, 0x8308, 0x8308, 0x8308, 0x59E5, 0x59E5,
    0x8308, 0x59E5, 0x8308, 0x59E5, 0x8308, 0x8308, 0x59E5, 0x59E5, 0x8308, 0x59E5, 0x8308, 0x8308,
    0x8308, 0x8308, 0x59E5, 0x59E5, 0x8308, 0x59E5, 0x8308, 0x59E5, 0x8308, 0x8308, 0x59E5, 0x59E5,
    0x8308, 0x59E5, 0x8308, 0x8308, 0x8308, 0x8308, 0x59E5, 0x59E5, 0x8308, 0x59E5, 0x8308, 0x59E5,
    0x8308, 0x8308, 0x59E5, 0x59E5, 0x8308, 0x59E5, 0x8308, 0x8308, 0x8308, 0x8308, 0x59E5, 0x59E5,
    0x8308, 0x59E5, 0x8308, 0x59E5, 0x8308, 0x8308, 0x59E5, 0x59E5, 0x8308, 0x59E5, 0x8308, 0x8308,
    0x8308, 0x8308, 0x59E5, 0x59E5, 0x8308, 0x59E5, 0x8308, 0x59E5, 0x8308, 0x8308, 0x59E5, 0x59E5,
    0x8308, 0x59E5, 0x8308, 0x8308, 0x8308, 0x8308, 0x59E5, 0x59E5, 0x8308, 0x59E5, 0x8308, 0x59E5,
    0x8308, 0x8308, 0x59E5, 0x59E5, 0x8308, 0x59E5, 0x8308, 0x8308, 0x8308, 0x8308, 0x59E5, 0x59E5,
    0x8308, 0x59E5, 0x8308, 0x59E5, 0x8308, 0x8308, 0x59E5, 0x59E5, 0x8308, 0x59E5, 0x8308, 0x8308,
    0x8308, 0x8308, 0x59E5, 0x59E5, 0x8308, 0x59E5, 0x8308, 0x59E5, 0x8308, 0x8308, 0x59E5, 0x59E5,
    0x8308, 0x59E5, 0x8308, 0x8308, 0x8308, 0x8308, 0x59E5, 0x59E5, 0x8308, 0x59E5, 0x8308, 0x59E5,
    0x8308, 0x8308, 0x59E5, 0x59E5, 0x8308, 0x59E5, 0x8308, 0x8308, 0x8308, 0x8308, 0x59E5, 0x59E5,
    0x8308, 0x59E5, 0x8308, 0x59E5, 0x8308, 0x8308, 0x59E5, 0x59E5, 0x8308, 0x59E5, 0x8308, 0x8308,
    0x8308, 0x8308, 0x59E5, 0x59E5, 0x8308, 0x59E5, 0x8308, 0x59E5, 0x8308, 0x8308, 0x59E5, 0x59E5,
    0x8308, 0x59E5, 0x8308, 0x8308, 0x8308, 0x8308, 0x59E5, 0x59E5, 0x8308, 0x59E5, 0x8308, 0x59E5,
    0x8308, 0x8308, 0x59E5, 0x59E5, 0x8308, 0x59E5, 0x8308, 0x8308, 0x8308, 0x8308, 0x59E5, 0x59E5,
    0x8308, 0x59E5, 0x8308, 0x59E5, 0x8308, 0x8308, 0x59E5, 0x59E5, 0x8308, 0x59E5, 0x8308, 0x8308,
    0x8308, 0x8308, 0x59E5, 0x59E5, 0x8308, 0x59E5, 0x8308, 0x59E5, 0x8308, 0x8308, 0x59E5, 0x59E5,
    0x8308, 0x59E5, 0x8308, 0x8308, 0x8308, 0x8308, 0x59E5, 0x59E5, 0x8308, 0x59E5, 0x8308, 0x59E5,
    0x8308, 0x8308, 0x59E5, 0x59E5, 0x8308, 0x59E5, 0x8308, 0x8308, 0x8308, 0x8308, 0x59E5, 0x59E5,
    0x8308, 0x59E5, 0x8308, 0x59E5, 0x8308, 0x8308, 0x59E5, 0x59E5, 0x8308, 0x59E5, 0x8308, 0x8308,
    0x8308, 0x8308, 0x59E5, 0x59E5, 0x8308, 0x59E5, 0x8308, 0x59E5, 0x8308, 0x8308, 0x59E5, 0x59E5,
    0x8308, 0x59E5, 0x8308, 0x8308, 0x8308, 0x8308, 0x59E5, 0x59E5, 0x8308, 0x59E5, 0x8308, 0x59E5,
    0x8308, 0x8308, 0x59E5, 0x59E5, 0x8308, 0x59E5, 0x8308, 0x8308, 0x8308, 0x8308, 0x59E5, 0x59E5,
    0x8308, 0x59E5, 0x8308, 0x59E5, 0x8308, 0x8308, 0x8308, 0x8308, 0x8308, 0x8308, 0x59E5, 0x8308,
    0x8308, 0x8308, 0x59E5, 0x8308, 0x59E5, 0x8308, 0x8308, 0x59E5, 0x8308, 0x8308, 0x8308, 0x8308,
    0x8308, 0x8308, 0x59E5, 0x8308, 0x8308, 0x8308, 0x59E5, 0x8308, 0x59E5, 0x8308, 0x8308, 0x59E5,
    0x8308, 0x8308, 0x8308, 0x8308, 0x8308, 0x8308, 0x59E5, 0x8308, 0x8308, 0x8308, 0x59E5, 0x8308,
    0x59E5, 0x8308, 0x8308, 0x59E5, 0x8308, 0x8308, 0x8308, 0x8308, 0x8308, 0x8308, 0x59E5, 0x8308,
    0x8308, 0x8308, 0x59E5, 0x8308, 0x59E5, 0x8308, 0x8308, 0x59E5, 0x8308, 0x8308, 0x8308, 0x8308,
    0x8308, 0x8308, 0x59E5, 0x8308, 0x8308, 0x8308, 0x59E5, 0x8308, 0x59E5, 0x8308, 0x8308, 0x59E5,
    0x8308, 0x8308, 0x8308, 0x8308, 0x8308, 0x8308, 0x59E5, 0x8308, 0x8308, 0x8308, 0x59E5, 0x8308,
    0x59E5, 0x8308, 0x8308, 0x59E5, 0x8308, 0x8308, 0x8308, 0x8308, 0x8308, 0x8308, 0x59E5, 0x8308,
    0x8308, 0x8308, 0x59E5, 0x8308, 0x59E5, 0x8308, 0x8308, 0x59E5, 0x8308, 0x8308, 0x8308, 0x8308,
    0x8308, 0x8308, 0x59E5, 0x8308, 0x8308, 0x8308, 0x59E5, 0x8308, 0x59E5, 0x8308, 0x8308, 0x59E5,
    0x8308, 0x8308, 0x8308, 0x8308, 0x8308, 0x8308, 0x59E5, 0x8308, 0x8308, 0x8308, 0x59E5, 0x8308,
    0x59E5, 0x8308, 0x8308, 0x59E5, 0x8308, 0x8308, 0x8308, 0x8308, 0x8308, 0x8308, 0x59E5, 0x8308,
    0x8308, 0x8308, 0x59E5, 0x8308, 0x59E5, 0x8308, 0x8308, 0x59E5, 0x8308, 0x8308, 0x8308, 0x8308,
    0x8308, 0x8308, 0x59E5, 0x8308, 0x8308, 0x8308, 0x59E5, 0x8308, 0x59E5, 0x8308, 0x8308, 0x59E5,
    0x8308, 0x8308, 0x8308, 0x8308, 0x8308, 0x8308, 0x59E5, 0x8308, 0x8308, 0x8308, 0x59E5, 0x8308,
    0x59E5, 0x8308, 0x8308, 0x59E5, 0x8308, 0x8308, 0x8308, 0x8308, 0x8308, 0x8308, 0x59E5, 0x8308,
    0x8308, 0x8308, 0x59E5, 0x8308, 0x59E5, 0x8308, 0x8308, 0x59E5, 0x8308, 0x8308, 0x8308, 0x8308,
    0x8308, 0x8308, 0x59E5, 0x8308, 0x8308, 0x8308, 0x59E5, 0x8308, 0x59E5, 0x8308, 0x8308, 0x59E5,
    0x8308, 0x8308, 0x8308, 0x8308, 0x8308, 0x8308, 0x59E5, 0x8308, 0x8308, 0x8308, 0x59E5, 0x8308,
    0x59E5, 0x8308, 0x8308, 0x59E5, 0x8308, 0x8308, 0x8308, 0x8308, 0x8308, 0x8308, 0x59E5, 0x8308,
    0x8308, 0x8308, 0x59E5, 0x8308, 0x59E5, 0x8308, 0x8308, 0x59E5, 0x8308, 0x8308, 0x8308, 0x8308,
    0x8308, 0x8308, 0x59E5, 0x8308, 0x8308, 0x8308, 0x59E5, 0x8308, 0x59E5, 0x8308, 0x8308, 0x59E5,
    0x8308, 0x8308, 0x8308, 0x8308, 0x8308, 0x8308, 0x59E5, 0x8308, 0x8308, 0x8308, 0x59E5, 0x8308,
    0x59E5, 0x8308, 0x8308, 0x59E5, 0x8308, 0x8308, 0x8308, 0x8308, 0x8308, 0x8308, 0x59E5, 0x8308,
    0x8308, 0x8308, 0x59E5, 0x8308, 0x59E5, 0x8308, 0x8308, 0x59E5, 0x8308, 0x8308, 0x8308, 0x8308,
    0x8308, 0x8308, 0x59E5, 0x8308, 0x8308, 0x8308, 0x59E5, 0x8308, 0x59E5, 0x8308, 0x8308, 0x59E5,
    0x8308, 0x8308, 0x8308, 0x8308, 0x59E5, 0x59E5, 0x8308, 0x59E5, 0x59E5, 0x59E5, 0x59E5, 0x8308,
    0x8308, 0x8308, 0x8308, 0x8308, 0x8308, 0x8308, 0x8308, 0x8308, 0x59E5, 0x59E5, 0x8308, 0x59E5,
    0x59E5, 0x59E5, 0x59E5, 0x8308, 0x8308, 0x8308, 0x8308, 0x8308, 0x8308, 0x8308, 0x8308, 0x8308,
    0x59E5, 0x59E5, 0x8308, 0x59E5, 0x59E5, 0x59E5, 0x59E5, 0x8308, 0x8308, 0x8308, 0x8308, 0x8308,
    0x8308, 0x8308, 0x8308, 0x8308, 0x59E5, 0x59E5, 0x8308, 0x59E5, 0x59E5, 0x59E5, 0x59E5, 0x8308,
    0x8308, 0x8308, 0x8308, 0x8308, 0x8308, 0x8308, 0x8308, 0x8308, 0x59E5, 0x59E5, 0x8308, 0x59E5,
    0x59E5, 0x59E5, 0x59E5, 0x8308, 0x8308, 0x8308, 0x8308, 0x8308, 0x8308, 0x8308, 0x8308, 0x8308,
    0x59E5, 0x59E5, 0x8308, 0x59E5, 0x59E5, 0x59E5, 0x59E5, 0x8308, 0x8308, 0x8308, 0x8308, 0x8308,
    0x8308, 0x8308, 0x8308, 0x8308, 0x59E5, 0x59E5, 0x8308, 0x59E5, 0x59E5, 0x59E5, 0x59E5, 0x8308,
    0x8308, 0x8308, 0x8308, 0x8308, 0x8308, 0x8308, 0x8308, 0x8308, 0x59E5, 0x59E5, 0x8308, 0x59E5,
    0x59E5, 0x59E5, 0x59E5, 0x8308, 0x8308, 0x8308, 0x8308, 0x8308, 0x8308, 0x8308, 0x8308, 0x8308,
    0x59E5, 0x59E5, 0x8308, 0x59E5, 0x59E5, 0x59E5, 0x59E5, 0x8308, 0x8308, 0x8308, 0x8308, 0x8308,
    0x8308, 0x8308, 0x8308, 0x8308, 0x59E5, 0x59E5, 0x8308, 0x59E5, 0x59E5, 0x59E5, 0x59E5, 0x8308,
    0x8308, 0x8308, 0x8308, 0x8308, 0x8308, 0x8308, 0x8308, 0x8308, 0x59E5, 0x59E5, 0x8308, 0x59E5,
    0x59E5, 0x59E5, 0x59E5, 0x8308, 0x8308, 0x8308, 0x8308, 0x8308, 0x8308, 0x8308, 0x8308, 0x8308,
    0x59E5, 0x59E5, 0x8308, 0x59E5, 0x59E5, 0x59E5, 0x59E5, 0x8308, 0x8308, 0x8308, 0x8308, 0x8308,
    0x8308, 0x8308, 0x8308, 0x8308, 0x59E5, 0x59E5, 0x8308, 0x59E5, 0x59E5, 0x59E5, 0x59E5, 0x8308,
    0x8308, 0x8308, 0x8308, 0x8308, 0x8308, 0x8308, 0x8308, 0x8308, 0x59E5, 0x59E5, 0x8308, 0x59E5,
    0x59E5, 0x59E5, 0x59E5, 0x8308, 0x8308, 0x8308, 0x8308, 0x8308, 0x8308, 0x8308, 0x8308, 0x8308,
    0x59E5, 0x59E5, 0x8308, 0x59E5, 0x59E5, 0x59E5, 0x59E5, 0x8308, 0x8308, 0x8308, 0x8308, 0x8308,
    0x8308, 0x8308, 0x8308, 0x8308, 0x59E5, 0x59E5, 0x8308, 0x59E5, 0x59E5, 0x59E5, 0x59E5, 0x8308,
    0x8308, 0x8308, 0x8308, 0x8308, 0x8308, 0x8308, 0x8308, 0x8308, 0x59E5, 0x59E5, 0x8308, 0x59E5,
    0x59E5, 0x59E5, 0x59E5, 0x8308, 0x8308, 0x8308, 0x8308, 0x8308, 0x8308, 0x8308, 0x8308, 0x8308,
    0x59E5, 0x59E5, 0x8308, 0x59E5, 0x59E5, 0x59E5, 0x59E5, 0x8308, 0x8308, 0x8308, 0x8308, 0x8308,
    0x8308, 0x8308, 0x8308, 0x8308, 0x59E5, 0x59E5, 0x8308, 0x59E5, 0x59E5, 0x59E5, 0x59E5, 0x8308,
    0x8308, 0x8308, 0x8308, 0x8308, 0x8308, 0x8308, 0x8308, 0x8308, 0x59E5, 0x59E5, 0x8308, 0x59E5,
    0x59E5, 0x59E5, 0x59E5, 0x8308, 0x8308, 0x8308, 0x8308, 0x8308, 0x8308, 0x8308, 0x8308, 0x59E5,
    0x8308, 0x8308, 0x8308, 0x8308, 0x8308, 0x59E5, 0x59E5, 0x59E5, 0x8308, 0x8308, 0x8308, 0x8308,
    0x8308, 0x8308, 0x8308, 0x59E5, 0x8308, 0x8308, 0x8308, 0x8308, 0x8308, 0x59E5, 0x59E5, 0x59E5,
    0x8308, 0x8308, 0x8308, 0x8308, 0x8308, 0x8308, 0x8308, 0x59E5, 0x8308, 0x8308, 0x8308, 0x8308,
    0x8308, 0x59E5, 0x59E5, 0x59E5, 0x8308, 0x8308, 0x8308, 0x8308, 0x8308, 0x8308, 0x8308, 0x59E5,
    0x8308, 0x8308, 0x8308, 0x8308, 0x8308, 0x59E5, 0x59E5, 0x59E5, 0x8308, 0x8308, 0x8308, 0x8308,
    0x8308, 0x8308, 0x8308, 0x59E5, 0x8308, 0x8308, 0x8308, 0x8308, 0x8308, 0x59E5, 0x59E5, 0x59E5,
    0x8308, 0x8308, 0x8308, 0x8308, 0x8308, 0x8308, 0x8308, 0x59E5, 0x8308, 0x8308, 0x8308, 0x8308,
    0x8308, 0x59E5, 0x59E5, 0x59E5, 0x8308, 0x8308, 0x8308, 0x8308, 0x8308, 0x8308, 0x8308, 0x59E5,
    0x8308, 0x8308, 0x8308, 0x8308, 0x8308, 0x59E5, 0x59E5, 0x59E5, 0x8308, 0x8308, 0x8308, 0x8308,
    0x8308, 0x8308, 0x8308, 0x59E5, 0x8308, 0x8308, 0x8308, 0x8308, 0x8308, 0x59E5, 0x59E5, 0x59E5,
    0x8308, 0x8308, 0x8308, 0x8308, 0x8308, 0x8308, 0x8308, 0x59E5, 0x8308, 0x8308, 0x8308, 0x8308,
    0x8308, 0x59E5, 0x59E5, 0x59E5, 0x8308, 0x8308, 0x8308, 0x8308, 0x8308, 0x8308, 0x8308, 0x59E5,
    0x8308, 0x8308, 0x8308, 0x8308, 0x8308, 0x59E5, 0x59E5, 0x59E5, 0x8308, 0x8308, 0x8308, 0x8308,
    0x8308, 0x8308, 0x8308, 0x59E5, 0x8308, 0x8308, 0x8308, 0x8308, 0x8308, 0x59E5, 0x59E5, 0x59E5,
    0x8308, 0x8308, 0x8308, 0x8308, 0x8308, 0x8308, 0x8308, 0x59E5, 0x8308, 0x8308, 0x8308, 0x8308,
    0x8308, 0x59E5, 0x59E5, 0x59E5, 0x8308, 0x8308, 0x8308, 0x8308, 0x8308, 0x8308, 0x8308, 0x59E5,
    0x8308, 0x8308, 0x8308, 0x8308, 0x8308, 0x59E5, 0x59E5, 0x59E5, 0x8308, 0x8308, 0x8308, 0x8308,
    0x8308, 0x8308, 0x8308, 0x59E5, 0x8308, 0x8308, 0x8308, 0x8308, 0x8308, 0x59E5, 0x59E5, 0x59E5,
    0x8308, 0x8308, 0x8308, 0x8308, 0x8308, 0x8308, 0x8308, 0x59E5, 0x8308, 0x8308, 0x8308, 0x8308,
    0x8308, 0x59E5, 0x59E5, 0x59E5, 0x8308, 0x8308, 0x8308, 0x8308, 0x8308, 0x8308, 0x8308, 0x59E5,
    0x8308, 0x8308, 0x8308, 0x8308, 0x8308, 0x59E5, 0x59E5, 0x59E5, 0x8308, 0x8308, 0x8308, 0x8308,
    0x8308, 0x8308, 0x8308, 0x59E5, 0x8308, 0x8308, 0x8308, 0x8308, 0x8308, 0x59E5, 0x59E5, 0x59E5,
    0x8308, 0x8308, 0x8308, 0x8308, 0x8308, 0x8308, 0x8308, 0x59E5, 0x8308, 0x8308, 0x8308, 0x8308,
    0x8308, 0x59E5, 0x59E5, 0x59E5, 0x8308, 0x8308, 0x8308, 0x8308, 0x8308, 0x8308, 0x8308, 0x59E5,
    0x8308, 0x8308, 0x8308, 0x8308, 0x8308, 0x59E5, 0x59E5, 0x59E5, 0x8308, 0x8308, 0x8308, 0x8308,
    0x8308, 0x8308, 0x8308, 0x59E5, 0x8308, 0x8308, 0x8308, 0x8308, 0x8308, 0x59E5, 0x59E5, 0x59E5,
    0x8308, 0x8308, 0x8308, 0x8308, 0x8308, 0x8308, 0x59E5, 0x59E5, 0x8308, 0x8308, 0x8308, 0x8308,
    0x59E5, 0x8308, 0x8308, 0x59E5, 0x59E5, 0x8308, 0x8308, 0x8308, 0x8308, 0x8308, 0x59E5, 0x59E5,
    0x8308, 0x8308, 0x8308, 0x8308, 0x59E5, 0x8308, 0x8308, 0x59E5, 0x59E5, 0x8308, 0x8308, 0x8308,
    0x8308, 0x8308, 0x59E5, 0x59E5, 0x8308, 0x8308, 0x8308, 0x8308, 0x59E5, 0x8308, 0x8308, 0x59E5,
    0x59E5, 0x8308, 0x8308, 0x8308, 0x8308, 0x8308, 0x59E5, 0x59E5, 0x8308, 0x8308, 0x8308, 0x8308,
    0x59E5, 0x8308, 0x8308, 0x59E5, 0x59E5, 0x8308, 0x8308, 0x8308, 0x8308, 0x8308, 0x59E5, 0x59E5,
    0x8308, 0x8308, 0x8308, 0x8308, 0x59E5, 0x8308, 0x8308, 0x59E5, 0x59E5, 0x8308, 0x8308, 0x8308,
    0x8308, 0x8308, 0x59E5, 0x59E5, 0x8308, 0x8308, 0x8308, 0x8308, 0x59E5, 0x8308, 0x8308, 0x59E5,
    0x59E5, 0x8308, 0x8308, 0x8308, 0x8308, 0x8308, 0x59E5, 0x59E5, 0x8308, 0x8308, 0x8308, 0x8308,
    0x59E5, 0x8308, 0x8308, 0x59E5, 0x59E5, 0x8308, 0x8308, 0x8308, 0x8308, 0x8308, 0x59E5, 0x59E5,
    0x8308, 0x8308, 0x8308, 0x8308, 0x59E5, 0x8308, 0x8308, 0x59E5, 0x59E5, 0x8308, 0x8308, 0x8308,
    0x8308, 0x8308, 0x59E5, 0x59E5, 0x8308, 0x8308, 0x8308, 0x8308, 0x59E5, 0x8308, 0x8308, 0x59E5,
    0x59E5, 0x8308, 0x8308, 0x8308, 0x8308, 0x8308, 0x59E5, 0x59E5, 0x8308, 0x8308, 0x8308, 0x8308,
    0x59E5, 0x8308, 0x8308, 0x59E5, 0x59E5, 0x8308, 0x8308, 0x8308, 0x8308, 0x8308, 0x59E5, 0x59E5,
    0x8308, 0x8308, 0x8308, 0x8308, 0x59E5, 0x8308, 0x8308, 0x59E5, 0x59E5, 0x8308, 0x8308, 0x8308,
    0x8308, 0x8308, 0x59E5, 0x59E5, 0x8308, 0x8308, 0x8308, 0x8308, 0x59E5, 0x8308, 0x8308, 0x59E5,
    0x59E5, 0x8308, 0x8308, 0x8308, 0x8308, 0x8308, 0x59E5, 0x59E5, 0x8308, 0x8308, 0x8308, 0x8308,
    0x59E5, 0x8308, 0x8308, 0x59E5, 0x59E5, 0x8308, 0x8308, 0x8308, 0x8308, 0x8308, 0x59E5, 0x59E5,
    0x8308, 0x8308, 0x8308, 0x8308, 0x59E5, 0x8308, 0x8308, 0x59E5, 0x59E5, 0x8308, 0x8308, 0x8308,
    0x8308, 0x8308, 0x59E5, 0x59E5, 0x8308, 0x8308, 0x8308, 0x8308, 0x59E5, 0x8308, 0x8308, 0x59E5,
    0x59E5, 0x8308, 0x8308, 0x8308, 0x8308, 0x8308, 0x59E5, 0x59E5, 0x8308, 0x8308, 0x8308, 0x8308,
    0x59E5, 0x8308, 0x8308, 0x59E5, 0x59E5, 0x8308, 0x8308, 0x8308, 0x8308, 0x8308, 0x59E5, 0x59E5,
    0x8308, 0x8308, 0x8308, 0x8308, 0x59E5, 0x8308, 0x8308, 0x59E5, 0x59E5, 0x8308, 0x8308, 0x8308,
    0x8308, 0x8308, 0x59E5, 0x59E5, 0x8308, 0x8308, 0x8308, 0x8308, 0x59E5, 0x8308, 0x8308, 0x59E5,
    0x59E5, 0x8308, 0x8308, 0x8308, 0x8308, 0x8308, 0x59E5, 0x59E5, 0x8308, 0x8308, 0x8308, 0x8308,
    0x59E5, 0x8308, 0x8308, 0x59E5, 0x59E5, 0x8308, 0x8308, 0x8308, 0x8308, 0x8308, 0x59E5, 0x59E5,
    0x8308, 0x8308, 0x8308, 0x8308, 0x59E5, 0x8308, 0x8308, 0x59E5, 0x59E5, 0x8308, 0x8308, 0x8308,
    0x59E5, 0x59E5, 0x59E5, 0x59E5, 0x8308, 0x59E5, 0x8308, 0x8308, 0x59E5, 0x8308, 0x59E5, 0x8308,
    0x59E5, 0x8308, 0x59E5, 0x59E5, 0x59E5, 0x59E5, 0x59E5, 0x59E5, 0x8308, 0x59E5, 0x8308, 0x8308,
    0x59E5, 0x8308, 0x59E5, 0x8308, 0x59E5, 0x8308, 0x59E5, 0x59E5, 0x59E5, 0x59E5, 0x59E5, 0x59E5,
    0x8308, 0x59E5, 0x8308, 0x8308, 0x59E5, 0x8308, 0x59E5, 0x8308, 0x59E5, 0x8308, 0x59E5, 0x59E5,
    0x59E5, 0x59E5, 0x59E5, 0x59E5, 0x8308, 0x59E5, 0x8308, 0x8308, 0x59E5, 0x8308, 0x59E5, 0x8308,
    0x59E5, 0x8308, 0x59E5, 0x59E5, 0x59E5, 0x59E5, 0x59E5, 0x59E5, 0x8308, 0x59E5, 0x8308, 0x8308,
    0x59E5, 0x8308, 0x59E5, 0x8308, 0x59E5, 0x8308, 0x59E5, 0x59E5, 0x59E5, 0x59E5, 0x59E5, 0x59E5,
    0x8308, 0x59E5, 0x8308, 0x8308, 0x59E5, 0x8308, 0x59E5, 0x8308, 0x59E5, 0x8308, 0x59E5, 0x59E5,
    0x59E5, 0x59E5, 0x59E5, 0x59E5, 0x8308, 0x59E5, 0x8308, 0x8308, 0x59E5, 0x8308, 0x59E5, 0x8308,
    0x59E5, 0x8308, 0x59E5, 0x59E5, 0x59E5, 0x59E5, 0x59E5, 0x59E5, 0x8308, 0x59E5, 0x8308, 0x8308,
    0x59E5, 0x8308, 0x59E5, 0x8308, 0x59E5, 0x8308, 0x59E5, 0x59E5, 0x59E5, 0x59E5, 0x59E5, 0x59E5,
    0x8308, 0x59E5, 0x8308, 0x8308, 0x59E5, 0x8308, 0x59E5, 0x8308, 0x59E5, 0x8308, 0x59E5, 0x59E5,
    0x59E5, 0x59E5, 0x59E5, 0x59E5, 0x8308, 0x59E5, 0x8308, 0x8308, 0x59E5, 0x8308, 0x59E5, 0x8308,
    0x59E5, 0x8308, 0x59E5, 0x59E5, 0x59E5, 0x59E5, 0x59E5, 0x59E5, 0x8308, 0x59E5, 0x8308, 0x8308,
    0x59E5, 0x8308, 0x59E5, 0x8308, 0x59E5, 0x8308, 0x59E5, 0x59E5, 0x59E5, 0x59E5, 0x59E5, 0x59E5,
    0x8308, 0x59E5, 0x8308, 0x8308, 0x59E5, 0x8308, 0x59E5, 0x8308, 0x59E5, 0x8308, 0x59E5, 0x59E5,
    0x59E5, 0x59E5, 0x59E5, 0x59E5, 0x8308, 0x59E5, 0x8308, 0x8308, 0x59E5, 0x8308, 0x59E5, 0x8308,
    0x59E5, 0x8308, 0x59E5, 0x59E5, 0x59E5, 0x59E5, 0x59E5, 0x59E5, 0x8308, 0x59E5, 0x8308, 0x8308,
    0x59E5, 0x8308, 0x59E5, 0x8308, 0x59E5, 0x8308, 0x59E5, 0x59E5, 0x59E5, 0x59E5, 0x59E5, 0x59E5,
    0x8308, 0x59E5, 0x8308, 0x8308, 0x59E5, 0x8308, 0x59E5, 0x8308, 0x59E5, 0x8308, 0x59E5, 0x59E5,
    0x59E5, 0x59E5, 0x59E5, 0x59E5, 0x8308, 0x59E5, 0x8308, 0x8308, 0x59E5, 0x8308, 0x59E5, 0x8308,
    0x59E5, 0x8308, 0x59E5, 0x59E5, 0x59E5, 0x59E5, 0x59E5, 0x59E5, 0x8308, 0x59E5, 0x8308, 0x8308,
    0x59E5, 0x8308, 0x59E5, 0x8308, 0x59E5, 0x8308, 0x59E5, 0x59E5, 0x59E5, 0x59E5, 0x59E5, 0x59E5,
    0x8308, 0x59E5, 0x8308, 0x8308, 0x59E5, 0x8308, 0x59E5, 0x8308, 0x59E5, 0x8308, 0x59E5, 0x59E5,
    0x59E5, 0x59E5, 0x59E5, 0x59E5, 0x8308, 0x59E5, 0x8308, 0x8308, 0x59E5, 0x8308, 0x59E5, 0x8308,
    0x59E5, 0x8308, 0x59E5, 0x59E5, 0x59E5, 0x59E5, 0x59E5, 0x59E5, 0x8308, 0x59E5, 0x8308, 0x8308,
    0x59E5, 0x8308, 0x59E5, 0x8308, 0x59E5, 0x8308, 0x59E5, 0x59E5, 0x8308, 0x8308, 0x8308, 0x8308,
    0x59E5, 0x8308, 0x8308, 0x8308, 0x59E5, 0x8308, 0x59E5, 0x59E5, 0x8308, 0x8308, 0x59E5, 0x59E5,
    0x8308, 0x8308, 0x8308, 0x8308, 0x59E5, 0x8308, 0x8308, 0x8308, 0x59E5, 0x8308, 0x59E5, 0x59E5,
    0x8308, 0x8308, 0x59E5, 0x59E5, 0x8308, 0x8308, 0x8308, 0x8308, 0x59E5, 0x8308, 0x8308, 0x8308,
    0x59E5, 0x8308, 0x59E5, 0x59E5, 0x8308, 0x8308, 0x59E5, 0x59E5, 0x8308, 0x8308, 0x8308, 0x8308,
    0x59E5, 0x8308, 0x8308, 0x8308, 0x59E5, 0x8308, 0x59E5, 0x59E5, 0x8308, 0x8308, 0x59E5, 0x59E5,
    0x8308, 0x8308, 0x8308, 0x8308, 0x59E5, 0x8308, 0x8308, 0x8308, 0x59E5, 0x8308, 0x59E5, 0x59E5,
    0x8308, 0x8308, 0x59E5, 0x59E5, 0x8308, 0x8308, 0x8308, 0x8308, 0x59E5, 0x8308, 0x8308, 0x8308,
    0x59E5, 0x8308, 0x59E5, 0x59E5, 0x8308, 0x8308, 0x59E5, 0x59E5, 0x8308, 0x8308, 0x8308, 0x8308,
    0x59E5, 0x8308, 0x8308, 0x8308, 0x59E5, 0x8308, 0x59E5, 0x59E5, 0x8308, 0x8308, 0x59E5, 0x59E5,
    0x8308, 0x8308, 0x8308, 0x8308, 0x59E5, 0x8308, 0x8308, 0x8308, 0x59E5, 0x8308, 0x59E5, 0x59E5,
    0x8308, 0x8308, 0x59E5, 0x59E5, 0x8308, 0x8308, 0x8308, 0x8308, 0x59E5, 0x8308, 0x8308, 0x8308,
    0x59E5, 0x8308, 0x59E5, 0x59E5, 0x8308, 0x8308, 0x59E5, 0x59E5, 0x8308, 0x8308, 0x8308, 0x8308,
    0x59E5, 0x8308, 0x8308, 0x8308, 0x59E5, 0x8308, 0x59E5, 0x59E5, 0x8308, 0x8308, 0x59E5, 0x59E5,
    0x8308, 0x8308, 0x8308, 0x8308, 0x59E5, 0x8308, 0x8308, 0x8308, 0x59E5, 0x8308, 0x59E5, 0x59E5,
    0x8308, 0x8308, 0x59E5, 0x59E5, 0x8308, 0x8308, 0x8308, 0x8308, 0x59E5, 0x8308, 0x8308, 0x8308,
    0x59E5, 0x8308, 0x59E5, 0x59E5, 0x8308, 0x8308, 0x59E5, 0x59E5, 0x8308, 0x8308, 0x8308, 0x8308,
    0x59E5, 0x8308, 0x8308, 0x8308, 0x59E5, 0x8308, 0x59E5, 0x59E5, 0x8308, 0x8308, 0x59E5, 0x59E5,
    0x8308, 0x8308, 0x8308, 0x8308, 0x59E5, 0x8308, 0x8308, 0x8308, 0x59E5, 0x8308, 0x59E5, 0x59E5,
    0x8308, 0x8308, 0x59E5, 0x59E5, 0x8308, 0x8308, 0x8308, 0x8308, 0x59E5, 0x8308, 0x8308, 0x8308,
    0x59E5, 0x8308, 0x59E5, 0x59E5, 0x8308, 0x8308, 0x59E5, 0x59E5, 0x8308, 0x8308, 0x8308, 0x8308,
    0x59E5, 0x8308, 0x8308, 0x8308, 0x59E5, 0x8308, 0x59E5, 0x59E5, 0x8308, 0x8308, 0x59E5, 0x59E5,
    0x8308, 0x8308, 0x8308, 0x8308, 0x59E5, 0x8308, 0x8308, 0x8308, 0x59E5, 0x8308, 0x59E5, 0x59E5,
    0x8308, 0x8308, 0x59E5, 0x59E5, 0x8308, 0x8308, 0x8308, 0x8308, 0x59E5, 0x8308, 0x8308, 0x8308,
    0x59E5, 0x8308, 0x59E5, 0x59E5, 0x8308, 0x8308, 0x59E5, 0x59E5, 0x8308, 0x8308, 0x8308, 0x8308,
    0x59E5, 0x8308, 0x8308, 0x8308, 0x59E5, 0x8308, 0x59E5, 0x59E5, 0x8308, 0x8308, 0x59E5, 0x59E5,
    0x8308, 0x8308, 0x8308, 0x8308, 0x59E5, 0x8308, 0x8308, 0x8308, 0x59E5, 0x8308, 0x59E5, 0x59E5,
    0x8308, 0x8308, 0x59E5, 0x59E5, 0x59E5, 0x8308, 0x59E5, 0x8308, 0x8308, 0x8308, 0x8308, 0x8308,
    0x8308, 0x8308, 0x59E5, 0x59E5, 0x8308, 0x8308, 0x59E5, 0x59E5, 0x59E5, 0x8308, 0x59E5, 0x8308,
    0x8308, 0x8308, 0x8308, 0x8308, 0x8308, 0x8308, 0x59E5, 0x59E5, 0x8308, 0x8308, 0x59E5, 0x59E5,
    0x59E5, 0x8308, 0x59E5, 0x8308, 0x8308, 0x8308, 0x8308, 0x8308, 0x8308, 0x8308, 0x59E5, 0x59E5,
    0x8308, 0x8308, 0x59E5, 0x59E5, 0x59E5, 0x8308, 0x59E5, 0x8308, 0x8308, 0x8308, 0x8308, 0x8308,
    0x8308, 0x8308, 0x59E5, 0x59E5, 0x8308, 0x8308, 0x59E5, 0x59E5, 0x59E5, 0x8308, 0x59E5, 0x8308,
    0x8308, 0x8308, 0x8308, 0x8308, 0x8308, 0x8308, 0x59E5, 0x59E5, 0x8308, 0x8308, 0x59E5, 0x59E5,
    0x59E5, 0x8308, 0x59E5, 0x8308, 0x8308, 0x8308, 0x8308, 0x8308, 0x8308, 0x8308, 0x59E5, 0x59E5,
    0x8308, 0x8308, 0x59E5, 0x59E5, 0x59E5, 0x8308, 0x59E5, 0x8308, 0x8308, 0x8308, 0x8308, 0x8308,
    0x8308, 0x8308, 0x59E5, 0x59E5, 0x8308, 0x8308, 0x59E5, 0x59E5, 0x59E5, 0x8308, 0x59E5, 0x8308,
    0x8308, 0x8308, 0x8308, 0x8308, 0x8308, 0x8308, 0x59E5, 0x59E5, 0x8308, 0x8308, 0x59E5, 0x59E5,
    0x59E5, 0x8308, 0x59E5, 0x8308, 0x8308, 0x8308, 0x8308, 0x8308, 0x8308, 0x8308, 0x59E5, 0x59E5,
    0x8308, 0x8308, 0x59E5, 0x59E5, 0x59E5, 0x8308, 0x59E5, 0x8308, 0x8308, 0x8308, 0x8308, 0x8308,
    0x8308, 0x8308, 0x59E5, 0x59E5, 0x8308, 0x8308, 0x59E5, 0x59E5, 0x59E5, 0x8308, 0x59E5, 0x8308,
    0x8308, 0x8308, 0x8308, 0x8308, 0x8308, 0x8308, 0x59E5, 0x59E5, 0x8308, 0x8308, 0x59E5, 0x59E5,
    0x59E5, 0x8308, 0x59E5, 0x8308, 0x8308, 0x8308, 0x8308, 0x8308, 0x8308, 0x8308, 0x59E5, 0x59E5,
    0x8308, 0x8308, 0x59E5, 0x59E5, 0x59E5, 0x8308, 0x59E5, 0x8308, 0x8308, 0x8308, 0x8308, 0x8308,
    0x8308, 0x8308, 0x59E5, 0x59E5, 0x8308, 0x8308, 0x59E5, 0x59E5, 0x59E5, 0x8308, 0x59E5, 0x8308,
    0x8308, 0x8308, 0x8308, 0x8308, 0x8308, 0x8308, 0x59E5, 0x59E5, 0x8308, 0x8308, 0x59E5, 0x59E5,
    0x59E5, 0x8308, 0x59E5, 0x8308, 0x8308, 0x8308, 0x8308, 0x8308, 0x8308, 0x8308, 0x59E5, 0x59E5,
    0x8308, 0x8308, 0x59E5, 0x59E5, 0x59E5, 0x8308, 0x59E5, 0x8308, 0x8308, 0x8308, 0x8308, 0x8308,
    0x8308, 0x8308, 0x59E5, 0x59E5, 0x8308, 0x8308, 0x59E5, 0x59E5, 0x59E5, 0x8308, 0x59E5, 0x8308,
    0x8308, 0x8308, 0x8308, 0x8308, 0x8308, 0x8308, 0x59E5, 0x59E5, 0x8308, 0x8308, 0x59E5, 0x59E5,
    0x59E5, 0x8308, 0x59E5, 0x8308, 0x8308, 0x8308, 0x8308, 0x8308, 0x8308, 0x8308, 0x59E5, 0x59E5,
    0x8308, 0x8308, 0x59E5, 0x59E5, 0x59E5, 0x8308, 0x59E5, 0x8308, 0x8308, 0x8308, 0x8308, 0x8308,
    0x8308, 0x8308, 0x59E5, 0x59E5, 0x8308, 0x8308, 0x59E5, 0x59E5, 0x59E5, 0x8308, 0x59E5, 0x8308,
    0x8308, 0x8308, 0x8308, 0x8308, 0x8308, 0x8308, 0x59E5, 0x59E5, 0x8308, 0x8308, 0x59E5, 0x59E5,
    0x8308, 0x8308, 0x59E5, 0x8308, 0x8308, 0x8308, 0x8308, 0x59E5, 0x59E5, 0x8308, 0x59E5, 0x8308,
    0x59E5, 0x8308, 0x8308, 0x59E5, 0x8308, 0x8308, 0x59E5, 0x8308, 0x8308, 0x8308, 0x8308, 0x59E5,
    0x59E5, 0x8308, 0x59E5, 0x8308, 0x59E5, 0x8308, 0x8308, 0x59E5, 0x8308, 0x8308, 0x59E5, 0x8308,
    0x8308, 0x8308, 0x8308, 0x59E5, 0x59E5, 0x8308, 0x59E5, 0x8308, 0x59E5, 0x8308, 0x8308, 0x59E5,
    0x8308, 0x8308, 0x59E5, 0x8308, 0x8308, 0x8308, 0x8308, 0x59E5, 0x59E5, 0x8308, 0x59E5, 0x8308,
    0x59E5, 0x8308, 0x8308, 0x59E5, 0x8308, 0x8308, 0x59E5, 0x8308, 0x8308, 0x8308, 0x8308, 0x59E5,
    0x59E5, 0x8308, 0x59E5, 0x8308, 0x59E5, 0x8308, 0x8308, 0x59E5, 0x8308, 0x8308, 0x59E5, 0x8308,
    0x8308, 0x8308, 0x8308, 0x59E5, 0x59E5, 0x8308, 0x59E5, 0x8308, 0x59E5, 0x8308, 0x8308, 0x59E5,
    0x8308, 0x8308, 0x59E5, 0x8308, 0x8308, 0x8308, 0x8308, 0x59E5, 0x59E5, 0x8308, 0x59E5, 0x8308,
    0x59E5, 0x8308, 0x8308, 0x59E5, 0x8308, 0x8308, 0x59E5, 0x8308, 0x8308, 0x8308, 0x8308, 0x59E5,
    0x59E5, 0x8308, 0x59E5, 0x8308, 0x59E5, 0x8308, 0x8308, 0x59E5, 0x8308, 0x8308, 0x59E5, 0x8308,
    0x8308, 0x8308, 0x8308, 0x59E5, 0x59E5, 0x8308, 0x59E5, 0x8308, 0x59E5, 0x8308, 0x8308, 0x59E5,
    0x8308, 0x8308, 0x59E5, 0x8308, 0x8308, 0x8308, 0x8308, 0x59E5, 0x59E5, 0x8308, 0x59E5, 0x8308,
    0x59E5, 0x8308, 0x8308, 0x59E5, 0x8308, 0x8308, 0x59E5, 0x8308, 0x8308, 0x8308, 0x8308, 0x59E5,
    0x59E5, 0x8308, 0x59E5, 0x8308, 0x59E5, 0x8308, 0x8308, 0x59E5, 0x8308, 0x8308, 0x59E5, 0x8308,
    0x8308, 0x8308, 0x8308, 0x59E5, 0x59E5, 0x8308, 0x59E5, 0x8308, 0x59E5, 0x8308, 0x8308, 0x59E5,
    0x8308, 0x8308, 0x59E5, 0x8308, 0x8308, 0x8308, 0x8308, 0x59E5, 0x59E5, 0x8308, 0x59E5, 0x8308,
    0x59E5, 0x8308, 0x8308, 0x59E5, 0x8308, 0x8308, 0x59E5, 0x8308, 0x8308, 0x8308, 0x8308, 0x59E5,
    0x59E5, 0x8308, 0x59E5, 0x8308, 0x59E5, 0x8308, 0x8308, 0x59E5, 0x8308, 0x8308, 0x59E5, 0x8308,
    0x8308, 0x8308, 0x8308, 0x59E5, 0x59E5, 0x8308, 0x59E5, 0x8308, 0x59E5, 0x8308, 0x8308, 0x59E5,
    0x8308, 0x8308, 0x59E5, 0x8308, 0x8308, 0x8308, 0x8308, 0x59E5, 0x59E5, 0x8308, 0x59E5, 0x8308,
    0x59E5, 0x8308, 0x8308, 0x59E5, 0x8308, 0x8308, 0x59E5, 0x8308, 0x8308, 0x8308, 0x8308, 0x59E5,
    0x59E5, 0x8308, 0x59E5, 0x8308, 0x59E5, 0x8308, 0x8308, 0x59E5, 0x8308, 0x8308, 0x59E5, 0x8308,
    0x8308, 0x8308, 0x8308, 0x59E5, 0x59E5, 0x8308, 0x59E5, 0x8308, 0x59E5, 0x8308, 0x8308, 0x59E5,
    0x8308, 0x8308, 0x59E5, 0x8308, 0x8308, 0x8308, 0x8308, 0x59E5, 0x59E5, 0x8308, 0x59E5, 0x8308,
    0x59E5, 0x8308, 0x8308, 0x59E5, 0x8308, 0x8308, 0x59E5, 0x8308, 0x8308, 0x8308, 0x8308, 0x59E5,
    0x59E5, 0x8308, 0x59E5, 0x8308, 0x59E5, 0x8308, 0x8308, 0x59E5, 0x59E5, 0x8308, 0x59E5, 0x59E5,
    0x8308, 0x8308, 0x8308, 0x59E5, 0x8308, 0x59E5, 0x59E5, 0x59E5, 0x8308, 0x59E5, 0x59E5, 0x8308,
    0x59E5, 0x8308, 0x59E5, 0x59E5, 0x8308, 0x8308, 0x8308, 0x59E5, 0x8308, 0x59E5, 0x59E5, 0x59E5,
    0x8308, 0x59E5, 0x59E5, 0x8308, 0x59E5, 0x8308, 0x59E5, 0x59E5, 0x8308, 0x8308, 0x8308, 0x59E5,
    0x8308, 0x59E5, 0x59E5, 0x59E5, 0x8308, 0x59E5, 0x59E5, 0x8308, 0x59E5, 0x8308, 0x59E5, 0x59E5,
    0x8308, 0x8308, 0x8308, 0x59E5, 0x8308, 0x59E5, 0x59E5, 0x59E5, 0x8308, 0x59E5, 0x59E5, 0x8308,
    0x59E5, 0x8308, 0x59E5, 0x59E5, 0x8308, 0x8308, 0x8308, 0x59E5, 0x8308, 0x59E5, 0x59E5, 0x59E5,
    0x8308, 0x59E5, 0x59E5, 0x8308, 0x59E5, 0x8308, 0x59E5, 0x59E5, 0x8308, 0x8308, 0x8308, 0x59E5,
    0x8308, 0x59E5, 0x59E5, 0x59E5, 0x8308, 0x59E5, 0x59E5, 0x8308, 0x59E5, 0x8308, 0x59E5, 0x59E5,
    0x8308, 0x8308, 0x8308, 0x59E5, 0x8308, 0x59E5, 0x59E5, 0x59E5, 0x8308, 0x59E5, 0x59E5, 0x8308,
    0x59E5, 0x8308, 0x59E5, 0x59E5, 0x8308, 0x8308, 0x8308, 0x59E5, 0x8308, 0x59E5, 0x59E5, 0x59E5,
    0x8308, 0x59E5, 0x59E5, 0x8308, 0x59E5, 0x8308, 0x59E5, 0x59E5, 0x8308, 0x8308, 0x8308, 0x59E5,
    0x8308, 0x59E5, 0x59E5, 0x59E5, 0x8308, 0x59E5, 0x59E5, 0x8308, 0x59E5, 0x8308, 0x59E5, 0x59E5,
    0x8308, 0x8308, 0x8308, 0x59E5, 0x8308, 0x59E5, 0x59E5, 0x59E5, 0x8308, 0x59E5, 0x59E5, 0x8308,
    0x59E5, 0x8308, 0x59E5, 0x59E5, 0x8308, 0x8308, 0x8308, 0x59E5, 0x8308, 0x59E5, 0x59E5, 0x59E5,
    0x8308, 0x59E5, 0x59E5, 0x8308, 0x59E5, 0x8308, 0x59E5, 0x59E5, 0x8308, 0x8308, 0x8308, 0x59E5,
    0x8308, 0x59E5, 0x59E5, 0x59E5, 0x8308, 0x59E5, 0x59E5, 0x8308, 0x59E5, 0x8308, 0x59E5, 0x59E5,
    0x8308, 0x8308, 0x8308, 0x59E5, 0x8308, 0x59E5, 0x59E5, 0x59E5, 0x8308, 0x59E5, 0x59E5, 0x8308,
    0x59E5, 0x8308, 0x59E5, 0x59E5, 0x8308, 0x8308, 0x8308, 0x59E5, 0x8308, 0x59E5, 0x59E5, 0x59E5,
    0x8308, 0x59E5, 0x59E5, 0x8308, 0x59E5, 0x8308, 0x59E5, 0x59E5, 0x8308, 0x8308, 0x8308, 0x59E5,
    0x8308, 0x59E5, 0x59E5, 0x59E5, 0x8308, 0x59E5, 0x59E5, 0x8308, 0x59E5, 0x8308, 0x59E5, 0x59E5,
    0x8308, 0x8308, 0x8308, 0x59E5, 0x8308, 0x59E5, 0x59E5, 0x59E5, 0x8308, 0x59E5, 0x59E5, 0x8308,
    0x59E5, 0x8308, 0x59E5, 0x59E5, 0x8308, 0x8308, 0x8308, 0x59E5, 0x8308, 0x59E5, 0x59E5, 0x59E5,
    0x8308, 0x59E5, 0x59E5, 0x8308, 0x59E5, 0x8308, 0x59E5, 0x59E5, 0x8308, 0x8308, 0x8308, 0x59E5,
    0x8308, 0x59E5, 0x59E5, 0x59E5, 0x8308, 0x59E5, 0x59E5, 0x8308, 0x59E5, 0x8308, 0x59E5, 0x59E5,
    0x8308, 0x8308, 0x8308, 0x59E5, 0x8308, 0x59E5, 0x59E5, 0x59E5, 0x8308, 0x59E5, 0x59E5, 0x8308,
    0x59E5, 0x8308, 0x59E5, 0x59E5, 0x8308, 0x8308, 0x8308, 0x59E5, 0x8308, 0x59E5, 0x59E5, 0x59E5,
    0x8308, 0x59E5, 0x59E5, 0x8308, 0x8308, 0x59E5, 0x8308, 0x8308, 0x8308, 0x8308, 0x8308, 0x8308,
    0x59E5, 0x59E5, 0x59E5, 0x8308, 0x8308, 0x8308, 0x59E5, 0x8308, 0x8308, 0x59E5, 0x8308, 0x8308,
    0x8308, 0x8308, 0x8308, 0x8308, 0x59E5, 0x59E5, 0x59E5, 0x8308, 0x8308, 0x8308, 0x59E5, 0x8308,
    0x8308, 0x59E5, 0x8308, 0x8308, 0x8308, 0x8308, 0x8308, 0x8308, 0x59E5, 0x59E5, 0x59E5, 0x8308,
    0x8308, 0x8308, 0x59E5, 0x8308, 0x8308, 0x59E5, 0x8308, 0x8308, 0x8308, 0x8308, 0x8308, 0x8308,
    0x59E5, 0x59E5, 0x59E5, 0x8308, 0x8308, 0x8308, 0x59E5, 0x8308, 0x8308, 0x59E5, 0x8308, 0x8308,
    0x8308, 0x8308, 0x8308, 0x8308, 0x59E5, 0x59E5, 0x59E5, 0x8308, 0x8308, 0x8308, 0x59E5, 0x8308,
    0x8308, 0x59E5, 0x8308, 0x8308, 0x8308, 0x8308, 0x8308, 0x8308, 0x59E5, 0x59E5, 0x59E5, 0x8308,
    0x8308, 0x8308, 0x59E5, 0x8308, 0x8308, 0x59E5, 0x8308, 0x8308, 0x8308, 0x8308, 0x8308, 0x8308,
    0x59E5, 0x59E5, 0x59E5, 0x8308, 0x8308, 0x8308, 0x59E5, 0x8308, 0x8308, 0x59E5, 0x8308, 0x8308,
    0x8308, 0x8308, 0x8308, 0x8308, 0x59E5, 0x59E5, 0x59E5, 0x8308, 0x8308, 0x8308, 0x59E5, 0x8308,
    0x8308, 0x59E5, 0x8308, 0x8308, 0x8308, 0x8308, 0x8308, 0x8308, 0x59E5, 0x59E5, 0x59E5, 0x8308,
    0x8308, 0x8308, 0x59E5, 0x8308, 0x8308, 0x59E5, 0x8308, 0x8308, 0x8308, 0x8308, 0x8308, 0x8308,
    0x59E5, 0x59E5, 0x59E5, 0x8308, 0x8308, 0x8308, 0x59E5, 0x8308, 0x8308, 0x59E5, 0x8308, 0x8308,
    0x8308, 0x8308, 0x8308, 0x8308, 0x59E5, 0x59E5, 0x59E5, 0x8308, 0x8308, 0x8308, 0x59E5, 0x8308,
    0x8308, 0x59E5, 0x8308, 0x8308, 0x8308, 0x8308, 0x8308, 0x8308, 0x59E5, 0x59E5, 0x59E5, 0x8308,
    0x8308, 0x8308, 0x59E5, 0x8308, 0x8308, 0x59E5, 0x8308, 0x8308, 0x8308, 0x8308, 0x8308, 0x8308,
    0x59E5, 0x59E5, 0x59E5, 0x8308, 0x8308, 0x8308, 0x59E5, 0x8308, 0x8308, 0x59E5, 0x8308, 0x8308,
    0x8308, 0x8308, 0x8308, 0x8308, 0x59E5, 0x59E5, 0x59E5, 0x8308, 0x8308, 0x8308, 0x59E5, 0x8308,
    0x8308, 0x59E5, 0x8308, 0x8308, 0x8308, 0x8308, 0x8308, 0x8308, 0x59E5, 0x59E5, 0x59E5, 0x8308,
    0x8308, 0x8308, 0x59E5, 0x8308, 0x8308, 0x59E5, 0x8308, 0x8308, 0x8308, 0x8308, 0x8308, 0x8308,
    0x59E5, 0x59E5, 0x59E5, 0x8308, 0x8308, 0x8308, 0x59E5, 0x8308, 0x8308, 0x59E5, 0x8308, 0x8308,
    0x8308, 0x8308, 0x8308, 0x8308, 0x59E5, 0x59E5, 0x59E5, 0x8308, 0x8308, 0x8308, 0x59E5, 0x8308,
    0x8308, 0x59E5, 0x8308, 0x8308, 0x8308, 0x8308, 0x8308, 0x8308, 0x59E5, 0x59E5, 0x59E5, 0x8308,
    0x8308, 0x8308, 0x59E5, 0x8308, 0x8308, 0x59E5, 0x8308, 0x8308, 0x8308, 0x8308, 0x8308, 0x8308,
    0x59E5, 0x59E5, 0x59E5, 0x8308, 0x8308, 0x8308, 0x59E5, 0x8308, 0x8308, 0x59E5, 0x8308, 0x8308,
    0x8308, 0x8308, 0x8308, 0x8308, 0x59E5, 0x59E5, 0x59E5, 0x8308, 0x8308, 0x8308, 0x59E5, 0x8308,
    0x8308, 0x8308, 0x8308, 0x8308, 0x59E5, 0x8308, 0x8308, 0x8308, 0x8308, 0x8308, 0x8308, 0x8308,
    0x8308, 0x8308, 0x8308, 0x8308, 0x8308, 0x8308, 0x8308, 0x8308, 0x59E5, 0x8308, 0x8308, 0x8308,
    0x8308, 0x8308, 0x8308, 0x8308, 0x8308, 0x8308, 0x8308, 0x8308, 0x8308, 0x8308, 0x8308, 0x8308,
    0x59E5, 0x8308, 0x8308, 0x8308, 0x8308, 0x8308, 0x8308, 0x8308, 0x8308, 0x8308, 0x8308, 0x8308,
    0x8308, 0x8308, 0x8308, 0x8308, 0x59E5, 0x8308, 0x8308, 0x8308, 0x8308, 0x8308, 0x8308, 0x8308,
    0x8308, 0x8308, 0x8308, 0x8308, 0x8308, 0x8308, 0x8308, 0x8308, 0x59E5, 0x8308, 0x8308, 0x8308,
    0x8308, 0x8308, 0x8308, 0x8308, 0x8308, 0x8308, 0x8308, 0x8308, 0x8308, 0x8308, 0x8308, 0x8308,
    0x59E5, 0x8308, 0x8308, 0x8308, 0x8308, 0x8308, 0x8308, 0x8308, 0x8308, 0x8308, 0x8308, 0x8308,
    0x8308, 0x8308, 0x8308, 0x8308, 0x59E5, 0x8308, 0x8308, 0x8308, 0x8308, 0x8308, 0x8308, 0x8308,
    0x8308, 0x8308, 0x8308, 0x8308, 0x8308, 0x8308, 0x8308, 0x8308, 0x59E5, 0x8308, 0x8308, 0x8308,
    0x8308, 0x8308, 0x8308, 0x8308, 0x8308, 0x8308, 0x8308, 0x8308, 0x8308, 0x8308, 0x8308, 0x8308,
    0x59E5, 0x8308, 0x8308, 0x8308, 0x8308, 0x8308, 0x8308, 0x8308, 0x8308, 0x8308, 0x8308, 0x8308,
    0x8308, 0x8308, 0x8308, 0x8308, 0x59E5, 0x8308, 0x8308, 0x8308, 0x8308, 0x8308, 0x8308, 0x8308,
    0x8308, 0x8308, 0x8308, 0x8308, 0x8308, 0x8308, 0x8308, 0x8308, 0x59E5, 0x8308, 0x8308, 0x8308,
    0x8308, 0x8308, 0x8308, 0x8308, 0x8308, 0x8308, 0x8308, 0x8308, 0x8308, 0x8308, 0x8308, 0x8308,
    0x59E5, 0x8308, 0x8308, 0x8308, 0x8308, 0x8308, 0x8308, 0x8308, 0x8308, 0x8308, 0x8308, 0x8308,
    0x8308, 0x8308, 0x8308, 0x8308, 0x59E5, 0x8308, 0x8308, 0x8308, 0x8308, 0x8308, 0x8308, 0x8308,
    0x8308, 0x8308, 0x8308, 0x8308, 0x8308, 0x8308, 0x8308, 0x8308, 0x59E5, 0x8308, 0x8308, 0x8308,
    0x8308, 0x8308, 0x8308, 0x8308, 0x8308, 0x8308, 0x8308, 0x8308, 0x8308, 0x8308, 0x8308, 0x8308,
    0x59E5, 0x8308, 0x8308, 0x8308, 0x8308, 0x8308, 0x8308, 0x8308, 0x8308, 0x8308, 0x8308, 0x8308,
    0x8308, 0x8308, 0x8308, 0x8308, 0x59E5, 0x8308, 0x8308, 0x8308, 0x8308, 0x8308, 0x8308, 0x8308,
    0x8308, 0x8308, 0x8308, 0x8308, 0x8308, 0x8308, 0x8308, 0x8308, 0x59E5, 0x8308, 0x8308, 0x8308,
    0x8308, 0x8308, 0x8308, 0x8308, 0x8308, 0x8308, 0x8308, 0x8308, 0x8308, 0x8308, 0x8308, 0x8308,
    0x59E5, 0x8308, 0x8308, 0x8308, 0x8308, 0x8308, 0x8308, 0x8308, 0x8308, 0x8308, 0x8308, 0x8308,
    0x8308, 0x8308, 0x8308, 0x8308, 0x59E5, 0x8308, 0x8308, 0x8308, 0x8308, 0x8308, 0x8308, 0x8308,
    0x8308, 0x8308, 0x8308, 0x8308, 0x8308, 0x8308, 0x8308, 0x8308, 0x59E5, 0x8308, 0x8308, 0x8308,
    0x8308, 0x8308, 0x8308, 0x8308, 0x8308, 0x8308, 0x8308, 0x8308, 0x8308, 0x8308, 0x8308, 0x8308,
    0x8308, 0x8308, 0x8308, 0x8308, 0x59E5, 0x8308, 0x8308, 0x8308, 0x8308, 0x8308, 0x8308, 0x8308,
    0x8308, 0x8308, 0x8308, 0x8308, 0x8308, 0x8308, 0x8308, 0x8308, 0x59E5, 0x8308, 0x8308, 0x8308,
    0x8308, 0x8308, 0x8308, 0x8308, 0x8308, 0x8308, 0x8308, 0x8308, 0x8308, 0x8308, 0x8308, 0x8308,
    0x59E5, 0x8308, 0x8308, 0x8308, 0x8308, 0x8308, 0x8308, 0x8308, 0x8308, 0x8308, 0x8308, 0x8308,
    0x8308, 0x8308, 0x8308, 0x8308, 0x59E5, 0x8308, 0x8308, 0x8308, 0x8308, 0x8308, 0x8308, 0x8308,
    0x8308, 0x8308, 0x8308, 0x8308, 0x8308, 0x8308, 0x8308, 0x8308, 0x59E5, 0x8308, 0x8308, 0x8308,
    0x8308, 0x8308, 0x8308, 0x8308, 0x8308, 0x8308, 0x8308, 0x8308, 0x8308, 0x8308, 0x8308, 0x8308,
    0x59E5, 0x8308, 0x8308, 0x8308, 0x8308, 0x8308, 0x8308, 0x8308, 0x8308, 0x8308, 0x8308, 0x8308,
    0x8308, 0x8308, 0x8308, 0x8308, 0x59E5, 0x8308, 0x8308, 0x8308, 0x8308, 0x8308, 0x8308, 0x8308,
    0x8308, 0x8308, 0x8308, 0x8308, 0x8308, 0x8308, 0x8308, 0x8308, 0x59E5, 0x8308, 0x8308, 0x8308,
    0x8308, 0x8308, 0x8308, 0x8308, 0x8308, 0x8308, 0x8308, 0x8308, 0x8308, 0x8308, 0x8308, 0x8308,
    0x59E5, 0x8308, 0x8308, 0x8308, 0x8308, 0x8308, 0x8308, 0x8308, 0x8308, 0x8308, 0x8308, 0x8308,
    0x8308, 0x8308, 0x8308, 0x8308, 0x59E5, 0x8308, 0x8308, 0x8308, 0x8308, 0x8308, 0x8308, 0x8308,
    0x8308, 0x8308, 0x8308, 0x8308, 0x8308, 0x8308, 0x8308, 0x8308, 0x59E5, 0x8308, 0x8308, 0x8308,
    0x8308, 0x8308, 0x8308, 0x8308, 0x8308, 0x8308, 0x8308, 0x8308, 0x8308, 0x8308, 0x8308, 0x8308,
    0x59E5, 0x8308, 0x8308, 0x8308, 0x8308, 0x8308, 0x8308, 0x8308, 0x8308, 0x8308, 0x8308, 0x8308,
    0x8308, 0x8308, 0x8308, 0x8308, 0x59E5, 0x8308, 0x8308, 0x8308, 0x8308, 0x8308, 0x8308, 0x8308,
    0x8308, 0x8308, 0x8308, 0x8308, 0x8308, 0x8308, 0x8308, 0x8308, 0x59E5, 0x8308, 0x8308, 0x8308,
    0x8308, 0x8308, 0x8308, 0x8308, 0x8308, 0x8308, 0x8308, 0x8308, 0x8308, 0x8308, 0x8308, 0x8308,
    0x59E5, 0x8308, 0x8308, 0x8308, 0x8308, 0x8308, 0x8308, 0x8308, 0x8308, 0x8308, 0x8308, 0x8308,
    0x8308, 0x8308, 0x8308, 0x8308, 0x59E5, 0x8308, 0x8308, 0x8308, 0x8308, 0x8308, 0x8308, 0x8308,
    0x8308, 0x8308, 0x8308, 0x8308, 0x8308, 0x8308, 0x8308, 0x8308, 0x59E5, 0x8308, 0x8308, 0x8308,
    0x8308, 0x8308, 0x8308, 0x8308, 0x8308, 0x8308, 0x8308, 0x8308, 0x8308, 0x8308, 0x8308, 0x8308,
    0x59E5, 0x8308, 0x8308, 0x8308, 0x8308, 0x8308, 0x8308, 0x8308, 0x8308, 0x8308, 0x8308, 0x8308,
    0x8308, 0x8308, 0x8308, 0x8308, 0x59E5, 0x8308, 0x8308, 0x8308, 0x8308, 0x8308, 0x8308, 0x8308,
    0x8308, 0x8308, 0x8308, 0x8308, 0x8308, 0x8308, 0x8308, 0x8308, 0x59E5, 0x8308, 0x8308, 0x8308,
    0x8308, 0x8308, 0x8308, 0x8308, 0x8308, 0x8308, 0x59E5, 0x8308, 0x59E5, 0x8308, 0x8308, 0x59E5,
    0x8308, 0x8308, 0x8308, 0x8308, 0x59E5, 0x59E5, 0x8308, 0x8308, 0x8308, 0x8308, 0x59E5, 0x8308,
    0x59E5, 0x8308, 0x8308, 0x59E5, 0x8308, 0x8308, 0x8308, 0x8308, 0x59E5, 0x59E5, 0x8308, 0x8308,
    0x8308, 0x8308, 0x59E5, 0x8308, 0x59E5, 0x8308, 0x8308, 0x59E5, 0x8308, 0x8308, 0x8308, 0x8308,
    0x59E5, 0x59E5, 0x8308, 0x8308, 0x8308, 0x8308, 0x59E5, 0x8308, 0x59E5, 0x8308, 0x8308, 0x59E5,
    0x8308, 0x8308, 0x8308, 0x8308, 0x59E5, 0x59E5, 0x8308, 0x8308, 0x8308, 0x8308, 0x59E5, 0x8308,
    0x59E5, 0x8308, 0x8308, 0x59E5, 0x8308, 0x8308, 0x8308, 0x8308, 0x59E5, 0x59E5, 0x8308, 0x8308,
    0x8308, 0x8308, 0x59E5, 0x8308, 0x59E5, 0x8308, 0x8308, 0x59E5, 0x8308, 0x8308, 0x8308, 0x8308,
    0x59E5, 0x59E5, 0x8308, 0x8308, 0x8308, 0x8308, 0x59E5, 0x8308, 0x59E5, 0x8308, 0x8308, 0x59E5,
    0x8308, 0x8308, 0x8308, 0x8308, 0x59E5, 0x59E5, 0x8308, 0x8308, 0x8308, 0x8308, 0x59E5, 0x8308,
    0x59E5, 0x8308, 0x8308, 0x59E5, 0x8308, 0x8308, 0x8308, 0x8308, 0x59E5, 0x59E5, 0x8308, 0x8308,
    0x8308, 0x8308, 0x59E5, 0x8308, 0x59E5, 0x8308, 0x8308, 0x59E5, 0x8308, 0x8308, 0x8308, 0x8308,
    0x59E5, 0x59E5, 0x8308, 0x8308, 0x8308, 0x8308, 0x59E5, 0x8308, 0x59E5, 0x8308, 0x8308, 0x59E5,
    0x8308, 0x8308, 0x8308, 0x8308, 0x59E5, 0x59E5, 0x8308, 0x8308, 0x8308, 0x8308, 0x59E5, 0x8308,
    0x59E5, 0x8308, 0x8308, 0x59E5, 0x8308, 0x8308, 0x8308, 0x8308, 0x59E5, 0x59E5, 0x8308, 0x8308,
    0x8308, 0x8308, 0x59E5, 0x8308, 0x59E5, 0x8308, 0x8308, 0x59E5, 0x8308, 0x8308, 0x8308, 0x8308,
    0x59E5, 0x59E5, 0x8308, 0x8308, 0x8308, 0x8308, 0x59E5, 0x8308, 0x59E5, 0x8308, 0x8308, 0x59E5,
    0x8308, 0x8308, 0x8308, 0x8308, 0x59E5, 0x59E5, 0x8308, 0x8308, 0x8308, 0x8308, 0x59E5, 0x8308,
    0x59E5, 0x8308, 0x8308, 0x59E5, 0x8308, 0x8308, 0x8308, 0x8308, 0x59E5, 0x59E5, 0x8308, 0x8308,
    0x8308, 0x8308, 0x59E5, 0x8308, 0x59E5, 0x8308, 0x8308, 0x59E5, 0x8308, 0x8308, 0x8308, 0x8308,
    0x59E5, 0x59E5, 0x8308, 0x8308, 0x8308, 0x8308, 0x59E5, 0x8308, 0x59E5, 0x8308, 0x8308, 0x59E5,
    0x8308, 0x8308, 0x8308, 0x8308, 0x59E5, 0x59E5, 0x8308, 0x8308, 0x8308, 0x8308, 0x59E5, 0x8308,
    0x59E5, 0x8308, 0x8308, 0x59E5, 0x8308, 0x8308, 0x8308, 0x8308, 0x59E5, 0x59E5, 0x8308, 0x8308,
    0x8308, 0x8308, 0x59E5, 0x8308, 0x59E5, 0x8308, 0x8308, 0x59E5, 0x8308, 0x8308, 0x8308, 0x8308,
    0x59E5, 0x59E5, 0x8308, 0x8308, 0x8308, 0x8308, 0x59E5, 0x8308, 0x59E5, 0x8308, 0x8308, 0x59E5,
    0x8308, 0x8308, 0x8308, 0x8308, 0x59E5, 0x59E5, 0x8308, 0x8308, 0x8308, 0x8308, 0x59E5, 0x8308,
    0x59E5, 0x8308, 0x8308, 0x59E5, 0x8308, 0x8308, 0x8308, 0x8308, 0x59E5, 0x59E5, 0x8308, 0x8308,
    0x59E5, 0x59E5, 0x8308, 0x8308, 0x8308, 0x8308, 0x8308, 0x8308, 0x59E5, 0x8308, 0x8308, 0x8308,
    0x8308, 0x8308, 0x8308, 0x8308, 0x59E5, 0x59E5, 0x8308, 0x8308, 0x8308, 0x8308, 0x8308, 0x8308,
    0x59E5, 0x8308, 0x8308, 0x8308, 0x8308, 0x8308, 0x8308, 0x8308, 0x59E5, 0x59E5, 0x8308, 0x8308,
    0x8308, 0x8308, 0x8308, 0x8308, 0x59E5, 0x8308, 0x8308, 0x8308, 0x8308, 0x8308, 0x8308, 0x8308,
    0x59E5, 0x59E5, 0x8308, 0x8308, 0x8308, 0x8308, 0x8308, 0x8308, 0x59E5, 0x8308, 0x8308, 0x8308,
    0x8308, 0x8308, 0x8308, 0x8308, 0x59E5, 0x59E5, 0x8308, 0x8308, 0x8308, 0x8308, 0x8308, 0x8308,
    0x59E5, 0x8308, 0x8308, 0x8308, 0x8308, 0x8308, 0x8308, 0x8308, 0x59E5, 0x59E5, 0x8308, 0x8308,
    0x8308, 0x8308, 0x8308, 0x8308, 0x59E5, 0x8308, 0x8308, 0x8308, 0x8308, 0x8308, 0x8308, 0x8308,
    0x59E5, 0x59E5, 0x8308, 0x8308, 0x8308, 0x8308, 0x8308, 0x8308, 0x59E5, 0x8308, 0x8308, 0x8308,
    0x8308, 0x8308, 0x8308, 0x8308, 0x59E5, 0x59E5, 0x8308, 0x8308, 0x8308, 0x8308, 0x8308, 0x8308,
    0x59E5, 0x8308, 0x8308, 0x8308, 0x8308, 0x8308, 0x8308, 0x8308, 0x59E5, 0x59E5, 0x8308, 0x8308,
    0x8308, 0x8308, 0x8308, 0x8308, 0x59E5, 0x8308, 0x8308, 0x8308, 0x8308, 0x8308, 0x8308, 0x8308,
    0x59E5, 0x59E5, 0x8308, 0x8308, 0x8308, 0x8308, 0x8308, 0x8308, 0x59E5, 0x8308, 0x8308, 0x8308,
    0x8308, 0x8308, 0x8308, 0x8308, 0x59E5, 0x59E5, 0x8308, 0x8308, 0x8308, 0x8308, 0x8308, 0x8308,
    0x59E5, 0x8308, 0x8308, 0x8308, 0x8308, 0x8308, 0x8308, 0x8308, 0x59E5, 0x59E5, 0x8308, 0x8308,
    0x8308, 0x8308, 0x8308, 0x8308, 0x59E5, 0x8308, 0x8308, 0x8308, 0x8308, 0x8308, 0x8308, 0x8308,
    0x59E5, 0x59E5, 0x8308, 0x8308, 0x8308, 0x8308, 0x8308, 0x8308, 0x59E5, 0x8308, 0x8308, 0x8308,
    0x8308, 0x8308, 0x8308, 0x8308, 0x59E5, 0x59E5, 0x8308, 0x8308, 0x8308, 0x8308, 0x8308, 0x8308,
    0x59E5, 0x8308, 0x8308, 0x8308, 0x8308, 0x8308, 0x8308, 0x8308, 0x59E5, 0x59E5, 0x8308, 0x8308,
    0x8308, 0x8308, 0x8308, 0x8308, 0x59E5, 0x8308, 0x8308, 0x8308, 0x8308, 0x8308, 0x8308, 0x8308,
    0x59E5, 0x59E5, 0x8308, 0x8308, 0x8308, 0x8308, 0x8308, 0x8308, 0x59E5, 0x8308, 0x8308, 0x8308,
    0x8308, 0x8308, 0x8308, 0x8308, 0x59E5, 0x59E5, 0x8308, 0x8308, 0x8308, 0x8308, 0x8308, 0x8308,
    0x59E5, 0x8308, 0x8308, 0x8308, 0x8308, 0x8308, 0x8308, 0x8308, 0x59E5, 0x59E5, 0x8308, 0x8308,
    0x8308, 0x8308, 0x8308, 0x8308, 0x59E5, 0x8308, 0x8308, 0x8308, 0x8308, 0x8308, 0x8308, 0x8308,
    0x59E5, 0x59E5, 0x8308, 0x8308, 0x8308, 0x8308, 0x8308, 0x8308, 0x59E5, 0x8308, 0x8308, 0x8308,
    0x8308, 0x8308, 0x8308, 0x8308, 0x59E5, 0x59E5, 0x8308, 0x8308, 0x8308, 0x8308, 0x8308, 0x8308,
    0x59E5, 0x8308, 0x8308, 0x8308, 0x8308, 0x8308, 0x8308, 0x8308, 0x59E5, 0x8308, 0x8308, 0x8308,
    0x8308, 0x8308, 0x59E5, 0x59E5, 0x8308, 0x59E5, 0x59E5, 0x8308, 0x8308, 0x8308, 0x8308, 0x8308,
    0x59E5, 0x8308, 0x8308, 0x8308, 0x8308, 0x8308, 0x59E5, 0x59E5, 0x8308, 0x59E5, 0x59E5, 0x8308,
    0x8308, 0x8308, 0x8308, 0x8308, 0x59E5, 0x8308, 0x8308, 0x8308, 0x8308, 0x8308, 0x59E5, 0x59E5,
    0x8308, 0x59E5, 0x59E5, 0x8308, 0x8308, 0x8308, 0x8308, 0x8308, 0x59E5, 0x8308, 0x8308, 0x8308,
    0x8308, 0x8308, 0x59E5, 0x59E5, 0x8308, 0x59E5, 0x59E5, 0x8308, 0x8308, 0x8308, 0x8308, 0x8308,
    0x59E5, 0x8308, 0x8308, 0x8308, 0x8308, 0x8308, 0x59E5, 0x59E5, 0x8308, 0x59E5, 0x59E5, 0x8308,
    0x8308, 0x8308, 0x8308, 0x8308, 0x59E5, 0x8308, 0x8308, 0x8308, 0x8308, 0x8308, 0x59E5, 0x59E5,
    0x8308, 0x59E5, 0x59E5, 0x8308, 0x8308, 0x8308, 0x8308, 0x8308, 0x59E5, 0x8308, 0x8308, 0x8308,
    0x8308, 0x8308, 0x59E5, 0x59E5, 0x8308, 0x59E5, 0x59E5, 0x8308, 0x8308, 0x8308, 0x8308, 0x8308,
    0x59E5, 0x8308, 0x8308, 0x8308, 0x8308, 0x8308, 0x59E5, 0x59E5, 0x8308, 0x59E5, 0x59E5, 0x8308,
    0x8308, 0x8308, 0x8308, 0x8308, 0x59E5, 0x8308, 0x8308, 0x8308, 0x8308, 0x8308, 0x59E5, 0x59E5,
    0x8308, 0x59E5, 0x59E5, 0x8308, 0x8308, 0x8308, 0x8308, 0x8308, 0x59E5, 0x8308, 0x8308, 0x8308,
    0x8308, 0x8308, 0x59E5, 0x59E5, 0x8308, 0x59E5, 0x59E5, 0x8308, 0x8308, 0x8308, 0x8308, 0x8308,
    0x59E5, 0x8308, 0x8308, 0x8308, 0x8308, 0x8308, 0x59E5, 0x59E5, 0x8308, 0x59E5, 0x59E5, 0x8308,
    0x8308, 0x8308, 0x8308, 0x8308, 0x59E5, 0x8308, 0x8308, 0x8308, 0x8308, 0x8308, 0x59E5, 0x59E5,
    0x8308, 0x59E5, 0x59E5, 0x8308, 0x8308, 0x8308, 0x8308, 0x8308, 0x59E5, 0x8308, 0x8308, 0x8308,
    0x8308, 0x8308, 0x59E5, 0x59E5, 0x8308, 0x59E5, 0x59E5, 0x8308, 0x8308, 0x8308, 0x8308, 0x8308,
    0x59E5, 0x8308, 0x8308, 0x8308, 0x8308, 0x8308, 0x59E5, 0x59E5, 0x8308, 0x59E5, 0x59E5, 0x8308,
    0x8308, 0x8308, 0x8308, 0x8308, 0x59E5, 0x8308, 0x8308, 0x8308, 0x8308, 0x8308, 0x59E5, 0x59E5,
    0x8308, 0x59E5, 0x59E5, 0x8308, 0x8308, 0x8308, 0x8308, 0x8308, 0x59E5, 0x8308, 0x8308, 0x8308,
    0x8308, 0x8308, 0x59E5, 0x59E5, 0x8308, 0x59E5, 0x59E5, 0x8308, 0x8308, 0x8308, 0x8308, 0x8308,
    0x59E5, 0x8308, 0x8308, 0x8308, 0x8308, 0x8308, 0x59E5, 0x59E5, 0x8308, 0x59E5, 0x59E5, 0x8308,
    0x8308, 0x8308, 0x8308, 0x8308, 0x59E5, 0x8308, 0x8308, 0x8308, 0x8308, 0x8308, 0x59E5, 0x59E5,
    0x8308, 0x59E5, 0x59E5, 0x8308, 0x8308, 0x8308, 0x8308, 0x8308, 0x59E5, 0x8308, 0x8308, 0x8308,
    0x8308, 0x8308, 0x59E5, 0x59E5, 0x8308, 0x59E5, 0x59E5, 0x8308, 0x8308, 0x8308, 0x8308, 0x8308,
    0x59E5, 0x8308, 0x8308, 0x8308, 0x8308, 0x8308, 0x59E5, 0x59E5, 0x8308, 0x59E5, 0x59E5, 0x8308,
    0x8308, 0x8308, 0x8308, 0x8308, 0x8308, 0x8308, 0x59E5, 0x59E5, 0x8308, 0x59E5, 0x8308, 0x8308,
    0x8308, 0x8308, 0x59E5, 0x59E5, 0x8308, 0x59E5, 0x8308, 0x59E5, 0x8308, 0x8308, 0x59E5, 0x59E5,
    0x8308, 0x59E5, 0x8308, 0x8308, 0x8308, 0x8308, 0x59E5, 0x59E5, 0x8308, 0x59E5, 0x8308, 0x59E5,
    0x8308, 0x8308, 0x59E5, 0x59E5, 0x8308, 0x59E5, 0x8308, 0x8308, 0x8308, 0x8308, 0x59E5, 0x59E5,
    0x8308, 0x59E5, 0x8308, 0x59E5, 0x8308, 0x8308, 0x59E5, 0x59E5, 0x8308, 0x59E5, 0x8308, 0x8308,
    0x8308, 0x8308, 0x59E5, 0x59E5, 0x8308, 0x59E5, 0x8308, 0x59E5, 0x8308, 0x8308, 0x59E5, 0x59E5,
    0x8308, 0x59E5, 0x8308, 0x8308, 0x8308, 0x8308, 0x59E5, 0x59E5, 0x8308, 0x59E5, 0x8308, 0x59E5,
    0x8308, 0x8308, 0x59E5, 0x59E5, 0x8308, 0x59E5, 0x8308, 0x8308, 0x8308, 0x8308, 0x59E5, 0x59E5,
    0x8308, 0x59E5, 0x8308, 0x59E5, 0x8308, 0x8308, 0x59E5, 0x59E5, 0x8308, 0x59E5, 0x8308, 0x8308,
    0x8308, 0x8308, 0x59E5, 0x59E5, 0x8308, 0x59E5, 0x8308, 0x59E5, 0x8308, 0x8308, 0x59E5, 0x59E5,
    0x8308, 0x59E5, 0x8308, 0x8308, 0x8308, 0x8308, 0x59E5, 0x59E5, 0x8308, 0x59E5, 0x8308, 0x59E5,
    0x8308, 0x8308, 0x59E5, 0x59E5, 0x8308, 0x59E5, 0x8308, 0x8308, 0x8308, 0x8308, 0x59E5, 0x59E5,
    0x8308, 0x59E5, 0x8308, 0x59E5, 0x8308, 0x8308, 0x59E5, 0x59E5, 0x8308, 0x59E5, 0x8308, 0x8308,
    0x8308, 0x8308, 0x59E5, 0x59E5, 0x8308, 0x59E5, 0x8308, 0x59E5, 0x8308, 0x8308, 0x59E5, 0x59E5,
    0x8308, 0x59E5, 0x8308, 0x8308, 0x8308, 0x8308, 0x59E5, 0x59E5, 0x8308, 0x59E5, 0x8308, 0x59E5,
    0x8308, 0x8308, 0x59E5, 0x59E5, 0x8308, 0x59E5, 0x8308, 0x8308, 0x8308, 0x8308, 0x59E5, 0x59E5,
    0x8308, 0x59E5, 0x8308, 0x59E5, 0x8308, 0x8308, 0x59E5, 0x59E5, 0x8308, 0x59E5, 0x8308, 0x8308,
    0x8308, 0x8308, 0x59E5, 0x59E5, 0x8308, 0x59E5, 0x8308, 0x59E5, 0x8308, 0x8308, 0x59E5, 0x59E5,
    0x8308, 0x59E5, 0x8308, 0x8308, 0x8308, 0x8308, 0x59E5, 0x59E5, 0x8308, 0x59E5, 0x8308, 0x59E5,
    0x8308, 0x8308, 0x59E5, 0x59E5, 0x8308, 0x59E5, 0x8308, 0x8308, 0x8308, 0x8308, 0x59E5, 0x59E5,
    0x8308, 0x59E5, 0x8308, 0x59E5, 0x8308, 0x8308, 0x59E5, 0x59E5, 0x8308, 0x59E5, 0x8308, 0x8308,
    0x8308, 0x8308, 0x59E5, 0x59E5, 0x8308, 0x59E5, 0x8308, 0x59E5, 0x8308, 0x8308, 0x59E5, 0x59E5,
    0x8308, 0x59E5, 0x8308, 0x8308, 0x8308, 0x8308, 0x59E5, 0x59E5, 0x8308, 0x59E5, 0x8308, 0x59E5,
    0x8308, 0x8308, 0x59E5, 0x59E5, 0x8308, 0x59E5, 0x8308, 0x8308, 0x8308, 0x8308, 0x59E5, 0x59E5,
    0x8308, 0x59E5, 0x8308, 0x59E5, 0x8308, 0x8308, 0x59E5, 0x59E5, 0x8308, 0x59E5, 0x8308, 0x8308,
    0x8308, 0x8308, 0x59E5, 0x59E5, 0x8308, 0x59E5, 0x8308, 0x59E5, 0x8308, 0x8308, 0x59E5, 0x59E5,
    0x8308, 0x59E5, 0x8308, 0x8308, 0x8308, 0x8308, 0x59E5, 0x59E5, 0x8308, 0x59E5, 0x8308, 0x59E5,
    0x8308, 0x8308, 0x8308, 0x8308, 0x8308, 0x8308, 0x59E5, 0x8308, 0x8308, 0x8308, 0x59E5, 0x8308,
    0x59E5, 0x8308, 0x8308, 0x59E5, 0x8308, 0x8308, 0x8308, 0x8308, 0x8308, 0x8308, 0x59E5, 0x8308,
    0x8308, 0x8308, 0x59E5, 0x8308, 0x59E5, 0x8308, 0x8308, 0x59E5, 0x8308, 0x8308, 0x8308, 0x8308,
    0x8308, 0x8308, 0x59E5, 0x8308, 0x8308, 0x8308, 0x59E5, 0x8308, 0x59E5, 0x8308, 0x8308, 0x59E5,
    0x8308, 0x8308, 0x8308, 0x8308, 0x8308, 0x8308, 0x59E5, 0x8308, 0x8308, 0x8308, 0x59E5, 0x8308,
    0x59E5, 0x8308, 0x8308, 0x59E5, 0x8308, 0x8308, 0x8308, 0x8308, 0x8308, 0x8308, 0x59E5, 0x8308,
    0x8308, 0x8308, 0x59E5, 0x8308, 0x59E5, 0x8308, 0x8308, 0x59E5, 0x8308, 0x8308, 0x8308, 0x8308,
    0x8308, 0x8308, 0x59E5, 0x8308, 0x8308, 0x8308, 0x59E5, 0x8308, 0x59E5, 0x8308, 0x8308, 0x59E5,
    0x8308, 0x8308, 0x8308, 0x8308, 0x8308, 0x8308, 0x59E5, 0x8308, 0x8308, 0x8308, 0x59E5, 0x8308,
    0x59E5, 0x8308, 0x8308, 0x59E5, 0x8308, 0x8308, 0x8308, 0x8308, 0x8308, 0x8308, 0x59E5, 0x8308,
    0x8308, 0x8308, 0x59E5, 0x8308, 0x59E5, 0x8308, 0x8308, 0x59E5, 0x8308, 0x8308, 0x8308, 0x8308,
    0x8308, 0x8308, 0x59E5, 0x8308, 0x8308, 0x8308, 0x59E5, 0x8308, 0x59E5, 0x8308, 0x8308, 0x59E5,
    0x8308, 0x8308, 0x8308, 0x8308, 0x8308, 0x8308, 0x59E5, 0x8308, 0x8308, 0x8308, 0x59E5, 0x8308,
    0x59E5, 0x8308, 0x8308, 0x59E5, 0x8308, 0x8308, 0x8308, 0x8308, 0x8308, 0x8308, 0x59E5, 0x8308,
    0x8308, 0x8308, 0x59E5, 0x8308, 0x59E5, 0x8308, 0x8308, 0x59E5, 0x8308, 0x8308, 0x8308, 0x8308,
    0x8308, 0x8308, 0x59E5, 0x8308, 0x8308, 0x8308, 0x59E5, 0x8308, 0x59E5, 0x8308, 0x8308, 0x59E5,
    0x8308, 0x8308, 0x8308, 0x8308, 0x8308, 0x8308, 0x59E5, 0x8308, 0x8308, 0x8308, 0x59E5, 0x8308,
    0x59E5, 0x8308, 0x8308, 0x59E5, 0x8308, 0x8308, 0x8308, 0x8308, 0x8308, 0x8308, 0x59E5, 0x8308,
    0x8308, 0x8308, 0x59E5, 0x8308, 0x59E5, 0x8308, 0x8308, 0x59E5, 0x8308, 0x8308, 0x8308, 0x8308,
    0x8308, 0x8308, 0x59E5, 0x8308, 0x8308, 0x8308, 0x59E5, 0x8308, 0x59E5, 0x8308, 0x8308, 0x59E5,
    0x8308, 0x8308, 0x8308, 0x8308, 0x8308, 0x8308, 0x59E5, 0x8308, 0x8308, 0x8308, 0x59E5, 0x8308,
    0x59E5, 0x8308, 0x8308, 0x59E5, 0x8308, 0x8308, 0x8308, 0x8308, 0x8308, 0x8308, 0x59E5, 0x8308,
    0x8308, 0x8308, 0x59E5, 0x8308, 0x59E5, 0x8308, 0x8308, 0x59E5, 0x8308, 0x8308, 0x8308, 0x8308,
    0x8308, 0x8308, 0x59E5, 0x8308, 0x8308, 0x8308, 0x59E5, 0x8308, 0x59E5, 0x8308, 0x8308, 0x59E5,
    0x8308, 0x8308, 0x8308, 0x8308, 0x8308, 0x8308, 0x59E5, 0x8308, 0x8308, 0x8308, 0x59E5, 0x8308,
    0x59E5, 0x8308, 0x8308, 0x59E5, 0x8308, 0x8308, 0x8308, 0x8308, 0x8308, 0x8308, 0x59E5, 0x8308,
    0x8308, 0x8308, 0x59E5, 0x8308, 0x59E5, 0x8308, 0x8308, 0x59E5, 0x8308, 0x8308, 0x8308, 0x8308,
    0x59E5, 0x59E5, 0x8308, 0x59E5, 0x59E5, 0x59E5, 0x59E5, 0x8308, 0x8308, 0x8308, 0x8308, 0x8308,
    0x8308, 0x8308, 0x8308, 0x8308, 0x59E5, 0x59E5, 0x8308, 0x59E5, 0x59E5, 0x59E5, 0x59E5, 0x8308,
    0x8308, 0x8308, 0x8308, 0x8308, 0x8308, 0x8308, 0x8308, 0x8308, 0x59E5, 0x59E5, 0x8308, 0x59E5,
    0x59E5, 0x59E5, 0x59E5, 0x8308, 0x8308, 0x8308, 0x8308, 0x8308, 0x8308, 0x8308, 0x8308, 0x8308,
    0x59E5, 0x59E5, 0x8308, 0x59E5, 0x59E5, 0x59E5, 0x59E5, 0x8308, 0x8308, 0x8308, 0x8308, 0x8308,
    0x8308, 0x8308, 0x8308, 0x8308, 0x59E5, 0x59E5, 0x8308, 0x59E5, 0x59E5, 0x59E5, 0x59E5, 0x8308,
    0x8308, 0x8308, 0x8308, 0x8308, 0x8308, 0x8308, 0x8308, 0x8308, 0x59E5, 0x59E5, 0x8308, 0x59E5,
    0x59E5, 0x59E5, 0x59E5, 0x8308, 0x8308, 0x8308, 0x8308, 0x8308, 0x8308, 0x8308, 0x8308, 0x8308,
    0x59E5, 0x59E5, 0x8308, 0x59E5, 0x59E5, 0x59E5, 0x59E5, 0x8308, 0x8308, 0x8308, 0x8308, 0x8308,
    0x8308, 0x8308, 0x8308, 0x8308, 0x59E5, 0x59E5, 0x8308, 0x59E5, 0x59E5, 0x59E5, 0x59E5, 0x8308,
    0x8308, 0x8308, 0x8308, 0x8308, 0x8308, 0x8308, 0x8308, 0x8308, 0x59E5, 0x59E5, 0x8308, 0x59E5,
    0x59E5, 0x59E5, 0x59E5, 0x8308, 0x8308, 0x8308, 0x8308, 0x8308, 0x8308, 0x8308, 0x8308, 0x8308,
    0x59E5, 0x59E5, 0x8308, 0x59E5, 0x59E5, 0x59E5, 0x59E5, 0x8308, 0x8308, 0x8308, 0x8308, 0x8308,
    0x8308, 0x8308, 0x8308, 0x8308, 0x59E5, 0x59E5, 0x8308, 0x59E5, 0x59E5, 0x59E5, 0x59E5, 0x8308,
    0x8308, 0x8308, 0x8308, 0x8308, 0x8308, 0x8308, 0x8308, 0x8308, 0x59E5, 0x59E5, 0x8308, 0x59E5,
    0x59E5, 0x59E5, 0x59E5, 0x8308, 0x8308, 0x8308, 0x8308, 0x8308, 0x8308, 0x8308, 0x8308, 0x8308,
    0x59E5, 0x59E5, 0x8308, 0x59E5, 0x59E5, 0x59E5, 0x59E5, 0x8308, 0x8308, 0x8308, 0x8308, 0x8308,
    0x8308, 0x8308, 0x8308, 0x8308, 0x59E5, 0x59E5, 0x8308, 0x59E5, 0x59E5, 0x59E5, 0x59E5, 0x8308,
    0x8308, 0x8308, 0x8308, 0x8308, 0x8308, 0x8308, 0x8308, 0x8308, 0x59E5, 0x59E5, 0x8308, 0x59E5,
    0x59E5, 0x59E5, 0x59E5, 0x8308, 0x8308, 0x8308, 0x8308, 0x8308, 0x8308, 0x8308, 0x8308, 0x8308,
    0x59E5, 0x59E5, 0x8308, 0x59E5, 0x59E5, 0x59E5, 0x59E5, 0x8308, 0x8308, 0x8308, 0x8308, 0x8308,
    0x8308, 0x8308, 0x8308, 0x8308, 0x59E5, 0x59E5, 0x8308, 0x59E5, 0x59E5, 0x59E5, 0x59E5, 0x8308,
    0x8308, 0x8308, 0x8308, 0x8308, 0x8308, 0x8308, 0x8308, 0x8308, 0x59E5, 0x59E5, 0x8308, 0x59E5,
    0x59E5, 0x59E5, 0x59E5, 0x8308, 0x8308, 0x8308, 0x8308, 0x8308, 0x8308, 0x8308, 0x8308, 0x8308,
    0x59E5, 0x59E5, 0x8308, 0x59E5, 0x59E5, 0x59E5, 0x59E5, 0x8308, 0x8308, 0x8308, 0x8308, 0x8308,
    0x8308, 0x8308, 0x8308, 0x8308, 0x59E5, 0x59E5, 0x8308, 0x59E5, 0x59E5, 0x59E5, 0x59E5, 0x8308,
    0x8308, 0x8308, 0x8308, 0x8308, 0x8308, 0x8308, 0x8308, 0x59E5, 0x8308, 0x8308, 0x8308, 0x8308,
    0x8308, 0x59E5, 0x59E5, 0x59E5, 0x8308, 0x8308, 0x8308, 0x8308, 0x8308, 0x8308, 0x8308, 0x59E5,
    0x8308, 0x8308, 0x8308, 0x8308, 0x8308, 0x59E5, 0x59E5, 0x59E5, 0x8308, 0x8308, 0x8308, 0x8308,
    0x8308, 0x8308, 0x8308, 0x59E5, 0x8308, 0x8308, 0x8308, 0x8308, 0x8308, 0x59E5, 0x59E5, 0x59E5,
    0x8308, 0x8308, 0x8308, 0x8308, 0x8308, 0x8308, 0x8308, 0x59E5, 0x8308, 0x8308, 0x8308, 0x8308,
    0x8308, 0x59E5, 0x59E5, 0x59E5, 0x8308, 0x8308, 0x8308, 0x8308, 0x8308, 0x8308, 0x8308, 0x59E5,
    0x8308, 0x8308, 0x8308, 0x8308, 0x8308, 0x59E5, 0x59E5, 0x59E5, 0x8308, 0x8308, 0x8308, 0x8308,
    0x8308, 0x8308, 0x8308, 0x59E5, 0x8308, 0x8308, 0x8308, 0x8308, 0x8308, 0x59E5, 0x59E5, 0x59E5,
    0x8308, 0x8308, 0x8308, 0x8308, 0x8308, 0x8308, 0x8308, 0x59E5, 0x8308, 0x8308, 0x8308, 0x8308,
    0x8308, 0x59E5, 0x59E5, 0x59E5, 0x8308, 0x8308, 0x8308, 0x8308, 0x8308, 0x8308, 0x8308, 0x59E5,
    0x8308, 0x8308, 0x8308, 0x8308, 0x8308, 0x59E5, 0x59E5, 0x59E5, 0x8308, 0x8308, 0x8308, 0x8308,
    0x8308, 0x8308, 0x8308, 0x59E5, 0x8308, 0x8308, 0x8308, 0x8308, 0x8308, 0x59E5, 0x59E5, 0x59E5,
    0x8308, 0x8308, 0x8308, 0x8308, 0x8308, 0x8308, 0x8308, 0x59E5, 0x8308, 0x8308, 0x8308, 0x8308,
    0x8308, 0x59E5, 0x59E5, 0x59E5, 0x8308, 0x8308, 0x8308, 0x8308, 0x8308, 0x8308, 0x8308, 0x59E5,
    0x8308, 0x8308, 0x8308, 0x8308, 0x8308, 0x59E5, 0x59E5, 0x59E5, 0x8308, 0x8308, 0x8308, 0x8308,
    0x8308, 0x8308, 0x8308, 0x59E5, 0x8308, 0x8308, 0x8308, 0x8308, 0x8308, 0x59E5, 0x59E5, 0x59E5,
    0x8308, 0x8308, 0x8308, 0x8308, 0x8308, 0x8308, 0x8308, 0x59E5, 0x8308, 0x8308, 0x8308, 0x8308,
    0x8308, 0x59E5, 0x59E5, 0x59E5, 0x8308, 0x8308, 0x8308, 0x8308, 0x8308, 0x8308, 0x8308, 0x59E5,
    0x8308, 0x8308, 0x8308, 0x8308, 0x8308, 0x59E5, 0x59E5, 0x59E5, 0x8308, 0x8308, 0x8308, 0x8308,
    0x8308, 0x8308, 0x8308, 0x59E5, 0x8308, 0x8308, 0x8308, 0x8308, 0x8308, 0x59E5, 0x59E5, 0x59E5,
    0x8308, 0x8308, 0x8308, 0x8308, 0x8308, 0x8308, 0x8308, 0x59E5, 0x8308, 0x8308, 0x8308, 0x8308,
    0x8308, 0x59E5, 0x59E5, 0x59E5, 0x8308, 0x8308, 0x8308, 0x8308, 0x8308, 0x8308, 0x8308, 0x59E5,
    0x8308, 0x8308, 0x8308, 0x8308, 0x8308, 0x59E5, 0x59E5, 0x59E5, 0x8308, 0x8308, 0x8308, 0x8308,
    0x8308, 0x8308, 0x8308, 0x59E5, 0x8308, 0x8308, 0x8308, 0x8308, 0x8308, 0x59E5, 0x59E5, 0x59E5,
    0x8308, 0x8308, 0x8308, 0x8308, 0x8308, 0x8308, 0x8308, 0x59E5, 0x8308, 0x8308, 0x8308, 0x8308,
    0x8308, 0x59E5, 0x59E5, 0x59E5, 0x8308, 0x8308, 0x8308, 0x8308, 0x8308, 0x8308, 0x8308, 0x59E5,
    0x8308, 0x8308, 0x8308, 0x8308, 0x8308, 0x59E5, 0x59E5, 0x59E5, 0x8308, 0x8308, 0x8308, 0x8308,
    0x8308, 0x8308, 0x59E5, 0x59E5, 0x8308, 0x8308, 0x8308, 0x8308, 0x59E5, 0x8308, 0x8308, 0x59E5,
    0x59E5, 0x8308, 0x8308, 0x8308, 0x8308, 0x8308, 0x59E5, 0x59E5, 0x8308, 0x8308, 0x8308, 0x8308,
    0x59E5, 0x8308, 0x8308, 0x59E5, 0x59E5, 0x8308, 0x8308, 0x8308, 0x8308, 0x8308, 0x59E5, 0x59E5,
    0x8308, 0x8308, 0x8308, 0x8308, 0x59E5, 0x8308, 0x8308, 0x59E5, 0x59E5, 0x8308, 0x8308, 0x8308,
    0x8308, 0x8308, 0x59E5, 0x59E5, 0x8308, 0x8308, 0x8308, 0x8308, 0x59E5, 0x8308, 0x8308, 0x59E5,
    0x59E5, 0x8308, 0x8308, 0x8308, 0x8308, 0x8308, 0x59E5, 0x59E5, 0x8308, 0x8308, 0x8308, 0x8308,
    0x59E5, 0x8308, 0x8308, 0x59E5, 0x59E5, 0x8308, 0x8308, 0x8308, 0x8308, 0x8308, 0x59E5, 0x59E5,
    0x8308, 0x8308, 0x8308, 0x8308, 0x59E5, 0x8308, 0x8308, 0x59E5, 0x59E5, 0x8308, 0x8308, 0x8308,
    0x8308, 0x8308, 0x59E5, 0x59E5, 0x8308, 0x8308, 0x8308, 0x8308, 0x59E5, 0x8308, 0x8308, 0x59E5,
    0x59E5, 0x8308, 0x8308, 0x8308, 0x8308, 0x8308, 0x59E5, 0x59E5, 0x8308, 0x8308, 0x8308, 0x8308,
    0x59E5, 0x8308, 0x8308, 0x59E5, 0x59E5, 0x8308, 0x8308, 0x8308, 0x8308, 0x8308, 0x59E5, 0x59E5,
    0x8308, 0x8308, 0x8308, 0x8308, 0x59E5, 0x8308, 0x8308, 0x59E5, 0x59E5, 0x8308, 0x8308, 0x8308,
    0x8308, 0x8308, 0x59E5, 0x59E5, 0x8308, 0x8308, 0x8308, 0x8308, 0x59E5, 0x8308, 0x8308, 0x59E5,
    0x59E5, 0x8308, 0x8308, 0x8308, 0x8308, 0x8308, 0x59E5, 0x59E5, 0x8308, 0x8308, 0x8308, 0x8308,
    0x59E5, 0x8308, 0x8308, 0x59E5, 0x59E5, 0x8308, 0x8308, 0x8308, 0x8308, 0x8308, 0x59E5, 0x59E5,
    0x8308, 0x8308, 0x8308, 0x8308, 0x59E5, 0x8308, 0x8308, 0x59E5, 0x59E5, 0x8308, 0x8308, 0x8308,
    0x8308, 0x8308, 0x59E5, 0x59E5, 0x8308, 0x8308, 0x8308, 0x8308, 0x59E5, 0x8308, 0x8308, 0x59E5,
    0x59E5, 0x8308, 0x8308, 0x8308, 0x8308, 0x8308, 0x59E5, 0x59E5, 0x8308, 0x8308, 0x8308, 0x8308,
    0x59E5, 0x8308, 0x8308, 0x59E5, 0x59E5, 0x8308, 0x8308, 0x8308, 0x8308, 0x8308, 0x59E5, 0x59E5,
    0x8308, 0x8308, 0x8308, 0x8308, 0x59E5, 0x8308, 0x8308, 0x59E5, 0x59E5, 0x8308, 0x8308, 0x8308,
    0x8308, 0x8308, 0x59E5, 0x59E5, 0x8308, 0x8308, 0x8308, 0x8308, 0x59E5, 0x8308, 0x8308, 0x59E5,
    0x59E5, 0x8308, 0x8308, 0x8308, 0x8308, 0x8308, 0x59E5, 0x59E5, 0x8308, 0x8308, 0x8308, 0x8308,
    0x59E5, 0x8308, 0x8308, 0x59E5, 0x59E5, 0x8308, 0x8308, 0x8308, 0x8308, 0x8308, 0x59E5, 0x59E5,
    0x8308, 0x8308, 0x8308, 0x8308, 0x59E5, 0x8308, 0x8308, 0x59E5, 0x59E5, 0x8308, 0x8308, 0x8308,
    0x8308, 0x8308, 0x59E5, 0x59E5, 0x8308, 0x8308, 0x8308, 0x8308, 0x59E5, 0x8308, 0x8308, 0x59E5,
    0x59E5, 0x8308, 0x8308, 0x8308, 0x8308, 0x8308, 0x59E5, 0x59E5, 0x8308, 0x8308, 0x8308, 0x8308,
    0x59E5, 0x8308, 0x8308, 0x59E5, 0x59E5, 0x8308, 0x8308, 0x8308, 0x59E5, 0x59E5, 0x59E5, 0x59E5,
    0x8308, 0x59E5, 0x8308, 0x8308, 0x59E5, 0x8308, 0x59E5, 0x8308, 0x59E5, 0x8308, 0x59E5, 0x59E5,
    0x59E5, 0x59E5, 0x59E5, 0x59E5, 0x8308, 0x59E5, 0x8308, 0x8308, 0x59E5, 0x8308, 0x59E5, 0x8308,
    0x59E5, 0x8308, 0x59E5, 0x59E5, 0x59E5, 0x59E5, 0x59E5, 0x59E5, 0x8308, 0x59E5, 0x8308, 0x8308,
    0x59E5, 0x8308, 0x59E5, 0x8308, 0x59E5, 0x8308, 0x59E5, 0x59E5, 0x59E5, 0x59E5, 0x59E5, 0x59E5,
    0x8308, 0x59E5, 0x8308, 0x8308, 0x59E5, 0x8308, 0x59E5, 0x8308, 0x59E5, 0x8308, 0x59E5, 0x59E5,
    0x59E5, 0x59E5, 0x59E5, 0x59E5, 0x8308, 0x59E5, 0x8308, 0x8308, 0x59E5, 0x8308, 0x59E5, 0x8308,
    0x59E5, 0x8308, 0x59E5, 0x59E5, 0x59E5, 0x59E5, 0x59E5, 0x59E5, 0x8308, 0x59E5, 0x8308, 0x8308,
    0x59E5, 0x8308, 0x59E5, 0x8308, 0x59E5, 0x8308, 0x59E5, 0x59E5, 0x59E5, 0x59E5, 0x59E5, 0x59E5,
    0x8308, 0x59E5, 0x8308, 0x8308, 0x59E5, 0x8308, 0x59E5, 0x8308, 0x59E5, 0x8308, 0x59E5, 0x59E5,
    0x59E5, 0x59E5, 0x59E5, 0x59E5, 0x8308, 0x59E5, 0x8308, 0x8308, 0x59E5, 0x8308, 0x59E5, 0x8308,
    0x59E5, 0x8308, 0x59E5, 0x59E5, 0x59E5, 0x59E5, 0x59E5, 0x59E5, 0x8308, 0x59E5, 0x8308, 0x8308,
    0x59E5, 0x8308, 0x59E5, 0x8308, 0x59E5, 0x8308, 0x59E5, 0x59E5, 0x59E5, 0x59E5, 0x59E5, 0x59E5,
    0x8308, 0x59E5, 0x8308, 0x8308, 0x59E5, 0x8308, 0x59E5, 0x8308, 0x59E5, 0x8308, 0x59E5, 0x59E5,
    0x59E5, 0x59E5, 0x59E5, 0x59E5, 0x8308, 0x59E5, 0x8308, 0x8308, 0x59E5, 0x8308, 0x59E5, 0x8308,
    0x59E5, 0x8308, 0x59E5, 0x59E5, 0x59E5, 0x59E5, 0x59E5, 0x59E5, 0x8308, 0x59E5, 0x8308, 0x8308,
    0x59E5, 0x8308, 0x59E5, 0x8308, 0x59E5, 0x8308, 0x59E5, 0x59E5, 0x59E5, 0x59E5, 0x59E5, 0x59E5,
    0x8308, 0x59E5, 0x8308, 0x8308, 0x59E5, 0x8308, 0x59E5, 0x8308, 0x59E5, 0x8308, 0x59E5, 0x59E5,
    0x59E5, 0x59E5, 0x59E5, 0x59E5, 0x8308, 0x59E5, 0x8308, 0x8308, 0x59E5, 0x8308, 0x59E5, 0x8308,
    0x59E5, 0x8308, 0x59E5, 0x59E5, 0x59E5, 0x59E5, 0x59E5, 0x59E5, 0x8308, 0x59E5, 0x8308, 0x8308,
    0x59E5, 0x8308, 0x59E5, 0x8308, 0x59E5, 0x8308, 0x59E5, 0x59E5, 0x59E5, 0x59E5, 0x59E5, 0x59E5,
    0x8308, 0x59E5, 0x8308, 0x8308, 0x59E5, 0x8308, 0x59E5, 0x8308, 0x59E5, 0x8308, 0x59E5, 0x59E5,
    0x59E5, 0x59E5, 0x59E5, 0x59E5, 0x8308, 0x59E5, 0x8308, 0x8308, 0x59E5, 0x8308, 0x59E5, 0x8308,
    0x59E5, 0x8308, 0x59E5, 0x59E5, 0x59E5, 0x59E5, 0x59E5, 0x59E5, 0x8308, 0x59E5, 0x8308, 0x8308,
    0x59E5, 0x8308, 0x59E5, 0x8308, 0x59E5, 0x8308, 0x59E5, 0x59E5, 0x59E5, 0x59E5, 0x59E5, 0x59E5,
    0x8308, 0x59E5, 0x8308, 0x8308, 0x59E5, 0x8308, 0x59E5, 0x8308, 0x59E5, 0x8308, 0x59E5, 0x59E5,
    0x59E5, 0x59E5, 0x59E5, 0x59E5, 0x8308, 0x59E5, 0x8308, 0x8308, 0x59E5, 0x8308, 0x59E5, 0x8308,
    0x59E5, 0x8308, 0x59E5, 0x59E5, 0x8308, 0x8308, 0x8308, 0x8308, 0x59E5, 0x8308, 0x8308, 0x8308,
    0x59E5, 0x8308, 0x59E5, 0x59E5, 0x8308, 0x8308, 0x59E5, 0x59E5, 0x8308, 0x8308, 0x8308, 0x8308,
    0x59E5, 0x8308, 0x8308, 0x8308, 0x59E5, 0x8308, 0x59E5, 0x59E5, 0x8308, 0x8308, 0x59E5, 0x59E5,
    0x8308, 0x8308, 0x8308, 0x8308, 0x59E5, 0x8308, 0x8308, 0x8308, 0x59E5, 0x8308, 0x59E5, 0x59E5,
    0x8308, 0x8308, 0x59E5, 0x59E5, 0x8308, 0x8308, 0x8308, 0x8308, 0x59E5, 0x8308, 0x8308, 0x8308,
    0x59E5, 0x8308, 0x59E5, 0x59E5, 0x8308, 0x8308, 0x59E5, 0x59E5, 0x8308, 0x8308, 0x8308, 0x8308,
    0x59E5, 0x8308, 0x8308, 0x8308, 0x59E5, 0x8308, 0x59E5, 0x59E5, 0x8308, 0x8308, 0x59E5, 0x59E5,
    0x8308, 0x8308, 0x8308, 0x8308, 0x59E5, 0x8308, 0x8308, 0x8308, 0x59E5, 0x8308, 0x59E5, 0x59E5,
    0x8308, 0x8308, 0x59E5, 0x59E5, 0x8308, 0x8308, 0x8308, 0x8308, 0x59E5, 0x8308, 0x8308, 0x8308,
    0x59E5, 0x8308, 0x59E5, 0x59E5, 0x8308, 0x8308, 0x59E5, 0x59E5, 0x8308, 0x8308, 0x8308, 0x8308,
    0x59E5, 0x8308, 0x8308, 0x8308, 0x59E5, 0x8308, 0x59E5, 0x59E5, 0x8308, 0x8308, 0x59E5, 0x59E5,
    0x8308, 0x8308, 0x8308, 0x8308, 0x59E5, 0x8308, 0x8308, 0x8308, 0x59E5, 0x8308, 0x59E5, 0x59E5,
    0x8308, 0x8308, 0x59E5, 0x59E5, 0x8308, 0x8308, 0x8308, 0x8308, 0x59E5, 0x8308, 0x8308, 0x8308,
    0x59E5, 0x8308, 0x59E5, 0x59E5, 0x8308, 0x8308, 0x59E5, 0x59E5, 0x8308, 0x8308, 0x8308, 0x8308,
    0x59E5, 0x8308, 0x8308, 0x8308, 0x59E5, 0x8308, 0x59E5, 0x59E5, 0x8308, 0x8308, 0x59E5, 0x59E5,
    0x8308, 0x8308, 0x8308, 0x8308, 0x59E5, 0x8308, 0x8308, 0x8308, 0x59E5, 0x8308, 0x59E5, 0x59E5,
    0x8308, 0x8308, 0x59E5, 0x59E5, 0x8308, 0x8308, 0x8308, 0x8308, 0x59E5, 0x8308, 0x8308, 0x8308,
    0x59E5, 0x8308, 0x59E5, 0x59E5, 0x8308, 0x8308, 0x59E5, 0x59E5, 0x8308, 0x8308, 0x8308, 0x8308,
    0x59E5, 0x8308, 0x8308, 0x8308, 0x59E5, 0x8308, 0x59E5, 0x59E5, 0x8308, 0x8308, 0x59E5, 0x59E5,
    0x8308, 0x8308, 0x8308, 0x8308, 0x59E5, 0x8308, 0x8308, 0x8308, 0x59E5, 0x8308, 0x59E5, 0x59E5,
    0x8308, 0x8308, 0x59E5, 0x59E5, 0x8308, 0x8308, 0x8308, 0x8308, 0x59E5, 0x8308, 0x8308, 0x8308,
    0x59E5, 0x8308, 0x59E5, 0x59E5, 0x8308, 0x8308, 0x59E5, 0x59E5, 0x8308, 0x8308, 0x8308, 0x8308,
    0x59E5, 0x8308, 0x8308, 0x8308, 0x59E5, 0x8308, 0x59E5, 0x59E5, 0x8308, 0x8308, 0x59E5, 0x59E5,
    0x8308, 0x8308, 0x8308, 0x8308, 0x59E5, 0x8308, 0x8308, 0x8308, 0x59E5, 0x8308, 0x59E5, 0x59E5,
    0x8308, 0x8308, 0x59E5, 0x59E5, 0x8308, 0x8308, 0x8308, 0x8308, 0x59E5, 0x8308, 0x8308, 0x8308,
    0x59E5, 0x8308, 0x59E5, 0x59E5, 0x8308, 0x8308, 0x59E5, 0x59E5, 0x8308, 0x8308, 0x8308, 0x8308,
    0x59E5, 0x8308, 0x8308, 0x8308, 0x59E5, 0x8308, 0x59E5, 0x59E5, 0x8308, 0x8308, 0x59E5, 0x59E5,
    0x59E5, 0x8308, 0x59E5, 0x8308, 0x8308, 0x8308, 0x8308, 0x8308, 0x8308, 0x8308, 0x59E5, 0x59E5,
    0x8308, 0x8308, 0x59E5, 0x59E5, 0x59E5, 0x8308, 0x59E5, 0x8308, 0x8308, 0x8308, 0x8308, 0x8308,
    0x8308, 0x8308, 0x59E5, 0x59E5, 0x8308, 0x8308, 0x59E5, 0x59E5, 0x59E5, 0x8308, 0x59E5, 0x8308,
    0x8308, 0x8308, 0x8308, 0x8308, 0x8308, 0x8308, 0x59E5, 0x59E5, 0x8308, 0x8308, 0x59E5, 0x59E5,
    0x59E5, 0x8308, 0x59E5, 0x8308, 0x8308, 0x8308, 0x8308, 0x8308, 0x8308, 0x8308, 0x59E5, 0x59E5,
    0x8308, 0x8308, 0x59E5, 0x59E5, 0x59E5, 0x8308, 0x59E5, 0x8308, 0x8308, 0x8308, 0x8308, 0x8308,
    0x8308, 0x8308, 0x59E5, 0x59E5, 0x8308, 0x8308, 0x59E5, 0x59E5, 0x59E5, 0x8308, 0x59E5, 0x8308,
    0x8308, 0x8308, 0x8308, 0x8308, 0x8308, 0x8308, 0x59E5, 0x59E5, 0x8308, 0x8308, 0x59E5, 0x59E5,
    0x59E5, 0x8308, 0x59E5, 0x8308, 0x8308, 0x8308, 0x8308, 0x8308, 0x8308, 0x8308, 0x59E5, 0x59E5,
    0x8308, 0x8308, 0x59E5, 0x59E5, 0x59E5, 0x8308, 0x59E5, 0x8308, 0x8308, 0x8308, 0x8308, 0x8308,
    0x8308, 0x8308, 0x59E5, 0x59E5, 0x8308, 0x8308, 0x59E5, 0x59E5, 0x59E5, 0x8308, 0x59E5, 0x8308,
    0x8308, 0x8308, 0x8308, 0x8308, 0x8308, 0x8308, 0x59E5, 0x59E5, 0x8308, 0x8308, 0x59E5, 0x59E5,
    0x59E5, 0x8308, 0x59E5, 0x8308, 0x8308, 0x8308, 0x8308, 0x8308, 0x8308, 0x8308, 0x59E5, 0x59E5,
    0x8308, 0x8308, 0x59E5, 0x59E5, 0x59E5, 0x8308, 0x59E5, 0x8308, 0x8308, 0x8308, 0x8308, 0x8308,
    0x8308, 0x8308, 0x59E5, 0x59E5, 0x8308, 0x8308, 0x59E5, 0x59E5, 0x59E5, 0x8308, 0x59E5, 0x8308,
    0x8308, 0x8308, 0x8308, 0x8308, 0x8308, 0x8308, 0x59E5, 0x59E5, 0x8308, 0x8308, 0x59E5, 0x59E5,
    0x59E5, 0x8308, 0x59E5, 0x8308, 0x8308, 0x8308, 0x8308, 0x8308, 0x8308, 0x8308, 0x59E5, 0x59E5,
    0x8308, 0x8308, 0x59E5, 0x59E5, 0x59E5, 0x8308, 0x59E5, 0x8308, 0x8308, 0x8308, 0x8308, 0x8308,
    0x8308, 0x8308, 0x59E5, 0x59E5, 0x8308, 0x8308, 0x59E5, 0x59E5, 0x59E5, 0x8308, 0x59E5, 0x8308,
    0x8308, 0x8308, 0x8308, 0x8308, 0x8308, 0x8308, 0x59E5, 0x59E5, 0x8308, 0x8308, 0x59E5, 0x59E5,
    0x59E5, 0x8308, 0x59E5, 0x8308, 0x8308, 0x8308, 0x8308, 0x8308, 0x8308, 0x8308, 0x59E5, 0x59E5,
    0x8308, 0x8308, 0x59E5, 0x59E5, 0x59E5, 0x8308, 0x59E5, 0x8308, 0x8308, 0x8308, 0x8308, 0x8308,
    0x8308, 0x8308, 0x59E5, 0x59E5, 0x8308, 0x8308, 0x59E5, 0x59E5, 0x59E5, 0x8308, 0x59E5, 0x8308,
    0x8308, 0x8308, 0x8308, 0x8308, 0x8308, 0x8308, 0x59E5, 0x59E5, 0x8308, 0x8308, 0x59E5, 0x59E5,
    0x59E5, 0x8308, 0x59E5, 0x8308, 0x8308, 0x8308, 0x8308, 0x8308, 0x8308, 0x8308, 0x59E5, 0x59E5,
    0x8308, 0x8308, 0x59E5, 0x59E5, 0x59E5, 0x8308, 0x59E5, 0x8308, 0x8308, 0x8308, 0x8308, 0x8308,
    0x8308, 0x8308, 0x59E5, 0x59E5, 0x8308, 0x8308, 0x59E5, 0x59E5, 0x8308, 0x8308, 0x59E5, 0x8308,
    0x8308, 0x8308, 0x8308, 0x59E5, 0x59E5, 0x8308, 0x59E5, 0x8308, 0x59E5, 0x8308, 0x8308, 0x59E5,
    0x8308, 0x8308, 0x59E5, 0x8308, 0x8308, 0x8308, 0x8308, 0x59E5, 0x59E5, 0x8308, 0x59E5, 0x8308,
    0x59E5, 0x8308, 0x8308, 0x59E5, 0x8308, 0x8308, 0x59E5, 0x8308, 0x8308, 0x8308, 0x8308, 0x59E5,
    0x59E5, 0x8308, 0x59E5, 0x8308, 0x59E5, 0x8308, 0x8308, 0x59E5, 0x8308, 0x8308, 0x59E5, 0x8308,
    0x8308, 0x8308, 0x8308, 0x59E5, 0x59E5, 0x8308, 0x59E5, 0x8308, 0x59E5, 0x8308, 0x8308, 0x59E5,
    0x8308, 0x8308, 0x59E5, 0x8308, 0x8308, 0x8308, 0x8308, 0x59E5, 0x59E5, 0x8308, 0x59E5, 0x8308,
    0x59E5, 0x8308, 0x8308, 0x59E5, 0x8308, 0x8308, 0x59E5, 0x8308, 0x8308, 0x8308, 0x8308, 0x59E5,
    0x59E5, 0x8308, 0x59E5, 0x8308, 0x59E5, 0x8308, 0x8308, 0x59E5, 0x8308, 0x8308, 0x59E5, 0x8308,
    0x8308, 0x8308, 0x8308, 0x59E5, 0x59E5, 0x8308, 0x59E5, 0x8308, 0x59E5, 0x8308, 0x8308, 0x59E5,
    0x8308, 0x8308, 0x59E5, 0x8308, 0x8308, 0x8308, 0x8308, 0x59E5, 0x59E5, 0x8308, 0x59E5, 0x8308,
    0x59E5, 0x8308, 0x8308, 0x59E5, 0x8308, 0x8308, 0x59E5, 0x8308, 0x8308, 0x8308, 0x8308, 0x59E5,
    0x59E5, 0x8308, 0x59E5, 0x8308, 0x59E5, 0x8308, 0x8308, 0x59E5, 0x8308, 0x8308, 0x59E5, 0x8308,
    0x8308, 0x8308, 0x8308, 0x59E5, 0x59E5, 0x8308, 0x59E5, 0x8308, 0x59E5, 0x8308, 0x8308, 0x59E5,
    0x8308, 0x8308, 0x59E5, 0x8308, 0x8308, 0x8308, 0x8308, 0x59E5, 0x59E5, 0x8308, 0x59E5, 0x8308,
    0x59E5, 0x8308, 0x8308, 0x59E5, 0x8308, 0x8308, 0x59E5, 0x8308, 0x8308, 0x8308, 0x8308, 0x59E5,
    0x59E5, 0x8308, 0x59E5, 0x8308, 0x59E5, 0x8308, 0x8308, 0x59E5, 0x8308, 0x8308, 0x59E5, 0x8308,
    0x8308, 0x8308, 0x8308, 0x59E5, 0x59E5, 0x8308, 0x59E5, 0x8308, 0x59E5, 0x8308, 0x8308, 0x59E5,
    0x8308, 0x8308, 0x59E5, 0x8308, 0x8308, 0x8308, 0x8308, 0x59E5, 0x59E5, 0x8308, 0x59E5, 0x8308,
    0x59E5, 0x8308, 0x8308, 0x59E5, 0x8308, 0x8308, 0x59E5, 0x8308, 0x8308, 0x8308, 0x8308, 0x59E5,
    0x59E5, 0x8308, 0x59E5, 0x8308, 0x59E5, 0x8308, 0x8308, 0x59E5, 0x8308, 0x8308, 0x59E5, 0x8308,
    0x8308, 0x8308, 0x8308, 0x59E5, 0x59E5, 0x8308, 0x59E5, 0x8308, 0x59E5, 0x8308, 0x8308, 0x59E5,
    0x8308, 0x8308, 0x59E5, 0x8308, 0x8308, 0x8308, 0x8308, 0x59E5, 0x59E5, 0x8308, 0x59E5, 0x8308,
    0x59E5, 0x8308, 0x8308, 0x59E5, 0x8308, 0x8308, 0x59E5, 0x8308, 0x8308, 0x8308, 0x8308, 0x59E5,
    0x59E5, 0x8308, 0x59E5, 0x8308, 0x59E5, 0x8308, 0x8308, 0x59E5, 0x8308, 0x8308, 0x59E5, 0x8308,
    0x8308, 0x8308, 0x8308, 0x59E5, 0x59E5, 0x8308, 0x59E5, 0x8308, 0x59E5, 0x8308, 0x8308, 0x59E5,
    0x8308, 0x8308, 0x59E5, 0x8308, 0x8308, 0x8308, 0x8308, 0x59E5, 0x59E5, 0x8308, 0x59E5, 0x8308,
    0x59E5, 0x8308, 0x8308, 0x59E5, 0x59E5, 0x8308, 0x59E5, 0x59E5, 0x8308, 0x8308, 0x8308, 0x59E5,
    0x8308, 0x59E5, 0x59E5, 0x59E5, 0x8308, 0x59E5, 0x59E5, 0x8308, 0x59E5, 0x8308, 0x59E5, 0x59E5,
    0x8308, 0x8308, 0x8308, 0x59E5, 0x8308, 0x59E5, 0x59E5, 0x59E5, 0x8308, 0x59E5, 0x59E5, 0x8308,
    0x59E5, 0x8308, 0x59E5, 0x59E5, 0x8308, 0x8308, 0x8308, 0x59E5, 0x8308, 0x59E5, 0x59E5, 0x59E5,
    0x8308, 0x59E5, 0x59E5, 0x8308, 0x59E5, 0x8308, 0x59E5, 0x59E5, 0x8308, 0x8308, 0x8308, 0x59E5,
    0x8308, 0x59E5, 0x59E5, 0x59E5, 0x8308, 0x59E5, 0x59E5, 0x8308, 0x59E5, 0x8308, 0x59E5, 0x59E5,
    0x8308, 0x8308, 0x8308, 0x59E5, 0x8308, 0x59E5, 0x59E5, 0x59E5, 0x8308, 0x59E5, 0x59E5, 0x8308,
    0x59E5, 0x8308, 0x59E5, 0x59E5, 0x8308, 0x8308, 0x8308, 0x59E5, 0x8308, 0x59E5, 0x59E5, 0x59E5,
    0x8308, 0x59E5, 0x59E5, 0x8308, 0x59E5, 0x8308, 0x59E5, 0x59E5, 0x8308, 0x8308, 0x8308, 0x59E5,
    0x8308, 0x59E5, 0x59E5, 0x59E5, 0x8308, 0x59E5, 0x59E5, 0x8308, 0x59E5, 0x8308, 0x59E5, 0x59E5,
    0x8308, 0x8308, 0x8308, 0x59E5, 0x8308, 0x59E5, 0x59E5, 0x59E5, 0x8308, 0x59E5, 0x59E5, 0x8308,
    0x59E5, 0x8308, 0x59E5, 0x59E5, 0x8308, 0x8308, 0x8308, 0x59E5, 0x8308, 0x59E5, 0x59E5, 0x59E5,
    0x8308, 0x59E5, 0x59E5, 0x8308, 0x59E5, 0x8308, 0x59E5, 0x59E5, 0x8308, 0x8308, 0x8308, 0x59E5,
    0x8308, 0x59E5, 0x59E5, 0x59E5, 0x8308, 0x59E5, 0x59E5, 0x8308, 0x59E5, 0x8308, 0x59E5, 0x59E5,
    0x8308, 0x8308, 0x8308, 0x59E5, 0x8308, 0x59E5, 0x59E5, 0x59E5, 0x8308, 0x59E5, 0x59E5, 0x8308,
    0x59E5, 0x8308, 0x59E5, 0x59E5, 0x8308, 0x8308, 0x8308, 0x59E5, 0x8308, 0x59E5, 0x59E5, 0x59E5,
    0x8308, 0x59E5, 0x59E5, 0x8308, 0x59E5, 0x8308, 0x59E5, 0x59E5, 0x8308, 0x8308, 0x8308, 0x59E5,
    0x8308, 0x59E5, 0x59E5, 0x59E5, 0x8308, 0x59E5, 0x59E5, 0x8308, 0x59E5, 0x8308, 0x59E5, 0x59E5,
    0x8308, 0x8308, 0x8308, 0x59E5, 0x8308, 0x59E5, 0x59E5, 0x59E5, 0x8308, 0x59E5, 0x59E5, 0x8308,
    0x59E5, 0x8308, 0x59E5, 0x59E5, 0x8308, 0x8308, 0x8308, 0x59E5, 0x8308, 0x59E5, 0x59E5, 0x59E5,
    0x8308, 0x59E5, 0x59E5, 0x8308, 0x59E5, 0x8308, 0x59E5, 0x59E5, 0x8308, 0x8308, 0x8308, 0x59E5,
    0x8308, 0x59E5, 0x59E5, 0x59E5, 0x8308, 0x59E5, 0x59E5, 0x8308, 0x59E5, 0x8308, 0x59E5, 0x59E5,
    0x8308, 0x8308, 0x8308, 0x59E5, 0x8308, 0x59E5, 0x59E5, 0x59E5, 0x8308, 0x59E5, 0x59E5, 0x8308,
    0x59E5, 0x8308, 0x59E5, 0x59E5, 0x8308, 0x8308, 0x8308, 0x59E5, 0x8308, 0x59E5, 0x59E5, 0x59E5,
    0x8308, 0x59E5, 0x59E5, 0x8308, 0x59E5, 0x8308, 0x59E5, 0x59E5, 0x8308, 0x8308, 0x8308, 0x59E5,
    0x8308, 0x59E5, 0x59E5, 0x59E5, 0x8308, 0x59E5, 0x59E5, 0x8308, 0x59E5, 0x8308, 0x59E5, 0x59E5,
    0x8308, 0x8308, 0x8308, 0x59E5, 0x8308, 0x59E5, 0x59E5, 0x59E5, 0x8308, 0x59E5, 0x59E5, 0x8308,
    0x8308, 0x59E5, 0x8308, 0x8308, 0x8308, 0x8308, 0x8308, 0x8308, 0x59E5, 0x59E5, 0x59E5, 0x8308,
    0x8308, 0x8308, 0x59E5, 0x8308, 0x8308, 0x59E5, 0x8308, 0x8308, 0x8308, 0x8308, 0x8308, 0x8308,
    0x59E5, 0x59E5, 0x59E5, 0x8308, 0x8308, 0x8308, 0x59E5, 0x8308, 0x8308, 0x59E5, 0x8308, 0x8308,
    0x8308, 0x8308, 0x8308, 0x8308, 0x59E5, 0x59E5, 0x59E5, 0x8308, 0x8308, 0x8308, 0x59E5, 0x8308,
    0x8308, 0x59E5, 0x8308, 0x8308, 0x8308, 0x8308, 0x8308, 0x8308, 0x59E5, 0x59E5, 0x59E5, 0x8308,
    0x8308, 0x8308, 0x59E5, 0x8308, 0x8308, 0x59E5, 0x8308, 0x8308, 0x8308, 0x8308, 0x8308, 0x8308,
    0x59E5, 0x59E5, 0x59E5, 0x8308, 0x8308, 0x8308, 0x59E5, 0x8308, 0x8308, 0x59E5, 0x8308, 0x8308,
    0x8308, 0x8308, 0x8308, 0x8308, 0x59E5, 0x59E5, 0x59E5, 0x8308, 0x8308, 0x8308, 0x59E5, 0x8308,
    0x8308, 0x59E5, 0x8308, 0x8308, 0x8308, 0x8308, 0x8308, 0x8308, 0x59E5, 0x59E5, 0x59E5, 0x8308,
    0x8308, 0x8308, 0x59E5, 0x8308, 0x8308, 0x59E5, 0x8308, 0x8308, 0x8308, 0x8308, 0x8308, 0x8308,
    0x59E5, 0x59E5, 0x59E5, 0x8308, 0x8308, 0x8308, 0x59E5, 0x8308, 0x8308, 0x59E5, 0x8308, 0x8308,
    0x8308, 0x8308, 0x8308, 0x8308, 0x59E5, 0x59E5, 0x59E5, 0x8308, 0x8308, 0x8308, 0x59E5, 0x8308,
    0x8308, 0x59E5, 0x8308, 0x8308, 0x8308, 0x8308, 0x8308, 0x8308, 0x59E5, 0x59E5, 0x59E5, 0x8308,
    0x8308, 0x8308, 0x59E5, 0x8308, 0x8308, 0x59E5, 0x8308, 0x8308, 0x8308, 0x8308, 0x8308, 0x8308,
    0x59E5, 0x59E5, 0x59E5, 0x8308, 0x8308, 0x8308, 0x59E5, 0x8308, 0x8308, 0x59E5, 0x8308, 0x8308,
    0x8308, 0x8308, 0x8308, 0x8308, 0x59E5, 0x59E5, 0x59E5, 0x8308, 0x8308, 0x8308, 0x59E5, 0x8308,
    0x8308, 0x59E5, 0x8308, 0x8308, 0x8308, 0x8308, 0x8308, 0x8308, 0x59E5, 0x59E5, 0x59E5, 0x8308,
    0x8308, 0x8308, 0x59E5, 0x8308, 0x8308, 0x59E5, 0x8308, 0x8308, 0x8308, 0x8308, 0x8308, 0x8308,
    0x59E5, 0x59E5, 0x59E5, 0x8308, 0x8308, 0x8308, 0x59E5, 0x8308, 0x8308, 0x59E5, 0x8308, 0x8308,
    0x8308, 0x8308, 0x8308, 0x8308, 0x59E5, 0x59E5, 0x59E5, 0x8308, 0x8308, 0x8308, 0x59E5, 0x8308,
    0x8308, 0x59E5, 0x8308, 0x8308, 0x8308, 0x8308, 0x8308, 0x8308, 0x59E5, 0x59E5, 0x59E5, 0x8308,
    0x8308, 0x8308, 0x59E5, 0x8308, 0x8308, 0x59E5, 0x8308, 0x8308, 0x8308, 0x8308, 0x8308, 0x8308,
    0x59E5, 0x59E5, 0x59E5, 0x8308, 0x8308, 0x8308, 0x59E5, 0x8308, 0x8308, 0x59E5, 0x8308, 0x8308,
    0x8308, 0x8308, 0x8308, 0x8308, 0x59E5, 0x59E5, 0x59E5, 0x8308, 0x8308, 0x8308, 0x59E5, 0x8308,
    0x8308, 0x59E5, 0x8308, 0x8308, 0x8308, 0x8308, 0x8308, 0x8308, 0x59E5, 0x59E5, 0x59E5, 0x8308,
    0x8308, 0x8308, 0x59E5, 0x8308, 0x8308, 0x59E5, 0x8308, 0x8308, 0x8308, 0x8308, 0x8308, 0x8308,
    0x59E5, 0x59E5, 0x59E5, 0x8308, 0x8308, 0x8308, 0x59E5, 0x8308, 0x8308, 0x8308, 0x8308, 0x8308,
    0x59E5, 0x8308, 0x8308, 0x8308, 0x8308, 0x8308, 0x8308, 0x8308, 0x8308, 0x8308, 0x8308, 0x8308,
    0x8308, 0x8308, 0x8308, 0x8308, 0x59E5, 0x8308, 0x8308, 0x8308, 0x8308, 0x8308, 0x8308, 0x8308,
    0x8308, 0x8308, 0x8308, 0x8308, 0x8308, 0x8308, 0x8308, 0x8308, 0x59E5, 0x8308, 0x8308, 0x8308,
    0x8308, 0x8308, 0x8308, 0x8308, 0x8308, 0x8308, 0x8308, 0x8308, 0x8308, 0x8308, 0x8308, 0x8308,
    0x59E5, 0x8308, 0x8308, 0x8308, 0x8308, 0x8308, 0x8308, 0x8308, 0x8308, 0x8308, 0x8308, 0x8308,
    0x8308, 0x8308, 0x8308, 0x8308, 0x59E5, 0x8308, 0x8308, 0x8308, 0x8308, 0x8308, 0x8308, 0x8308,
    0x8308, 0x8308, 0x8308, 0x8308, 0x8308, 0x8308, 0x8308, 0x8308, 0x59E5, 0x8308, 0x8308, 0x8308,
    0x8308, 0x8308, 0x8308, 0x8308, 0x8308, 0x8308, 0x8308, 0x8308, 0x8308, 0x8308, 0x8308, 0x8308,
    0x59E5, 0x8308, 0x8308, 0x8308, 0x8308, 0x8308, 0x8308, 0x8308, 0x8308, 0x8308, 0x8308, 0x8308,
    0x8308, 0x8308, 0x8308, 0x8308, 0x59E5, 0x8308, 0x8308, 0x8308, 0x8308, 0x8308, 0x8308, 0x8308,
    0x8308, 0x8308, 0x8308, 0x8308, 0x8308, 0x8308, 0x8308, 0x8308, 0x59E5, 0x8308, 0x8308, 0x8308,
    0x8308, 0x8308, 0x8308, 0x8308, 0x8308, 0x8308, 0x8308, 0x8308, 0x8308, 0x8308, 0x8308, 0x8308,
    0x59E5, 0x8308, 0x8308, 0x8308, 0x8308, 0x8308, 0x8308, 0x8308, 0x8308, 0x8308, 0x8308, 0x8308,
    0x8308, 0x8308, 0x8308, 0x8308, 0x59E5, 0x8308, 0x8308, 0x8308, 0x8308, 0x8308, 0x8308, 0x8308,
    0x8308, 0x8308, 0x8308, 0x8308, 0x8308, 0x8308, 0x8308, 0x8308, 0x59E5, 0x8308, 0x8308, 0x8308,
    0x8308, 0x8308, 0x8308, 0x8308, 0x8308, 0x8308, 0x8308, 0x8308, 0x8308, 0x8308, 0x8308, 0x8308,
    0x59E5, 0x8308, 0x8308, 0x8308, 0x8308, 0x8308, 0x8308, 0x8308, 0x8308, 0x8308, 0x8308, 0x8308,
    0x8308, 0x8308, 0x8308, 0x8308, 0x59E5, 0x8308, 0x8308, 0x8308, 0x8308, 0x8308, 0x8308, 0x8308,
    0x8308, 0x8308, 0x8308, 0x8308, 0x8308, 0x8308, 0x8308, 0x8308, 0x59E5, 0x8308, 0x8308, 0x8308,
    0x8308, 0x8308, 0x8308, 0x8308, 0x8308, 0x8308, 0x8308, 0x8308, 0x8308, 0x8308, 0x8308, 0x8308,
    0x59E5, 0x8308, 0x8308, 0x8308, 0x8308, 0x8308, 0x8308, 0x8308, 0x8308, 0x8308, 0x8308, 0x8308,
    0x8308, 0x8308, 0x8308, 0x8308, 0x59E5, 0x8308, 0x8308, 0x8308, 0x8308, 0x8308, 0x8308, 0x8308,
    0x8308, 0x8308, 0x8308, 0x8308, 0x8308, 0x8308, 0x8308, 0x8308, 0x59E5, 0x8308, 0x8308, 0x8308,
    0x8308, 0x8308, 0x8308, 0x8308, 0x8308, 0x8308, 0x8308, 0x8308, 0x8308, 0x8308, 0x8308, 0x8308,
    0x59E5, 0x8308, 0x8308, 0x8308, 0x8308, 0x8308, 0x8308, 0x8308, 0x8308, 0x8308, 0x8308, 0x8308,
    0x8308, 0x8308, 0x8308, 0x8308, 0x59E5, 0x8308, 0x8308, 0x8308, 0x8308, 0x8308, 0x8308, 0x8308,
    0x8308, 0x8308, 0x8308, 0x8308, 0x8308, 0x8308, 0x8308, 0x8308, 0x8308, 0x8308, 0x8308, 0x8308,
    0x59E5, 0x8308, 0x8308, 0x8308, 0x8308, 0x8308, 0x8308, 0x8308, 0x8308, 0x8308, 0x8308, 0x8308,
    0x8308, 0x8308, 0x8308, 0x8308, 0x59E5, 0x8308, 0x8308, 0x8308, 0x8308, 0x8308, 0x8308, 0x8308,
    0x8308, 0x8308, 0x8308, 0x8308, 0x8308, 0x8308, 0x8308, 0x8308, 0x59E5, 0x8308, 0x8308, 0x8308,
    0x8308, 0x8308, 0x8308, 0x8308, 0x8308, 0x8308, 0x8308, 0x8308, 0x8308, 0x8308, 0x8308, 0x8308,
    0x59E5, 0x8308, 0x8308, 0x8308, 0x8308, 0x8308, 0x8308, 0x8308, 0x8308, 0x8308, 0x8308, 0x8308,
    0x8308, 0x8308, 0x8308, 0x8308, 0x59E5, 0x8308, 0x8308, 0x8308, 0x8308, 0x8308, 0x8308, 0x8308,
    0x8308, 0x8308, 0x8308, 0x8308, 0x8308, 0x8308, 0x8308, 0x8308, 0x59E5, 0x8308, 0x8308, 0x8308,
    0x8308, 0x8308, 0x8308, 0x8308, 0x8308, 0x8308, 0x8308, 0x8308, 0x8308, 0x8308, 0x8308, 0x8308,
    0x59E5, 0x8308, 0x8308, 0x8308, 0x8308, 0x8308, 0x8308, 0x8308, 0x8308, 0x8308, 0x8308, 0x8308,
    0x8308, 0x8308, 0x8308, 0x8308, 0x59E5, 0x8308, 0x8308, 0x8308, 0x8308, 0x8308, 0x8308, 0x8308,
    0x8308, 0x8308, 0x8308, 0x8308, 0x8308, 0x8308, 0x8308, 0x8308, 0x59E5, 0x8308, 0x8308, 0x8308,
    0x8308, 0x8308, 0x8308, 0x8308, 0x8308, 0x8308, 0x8308, 0x8308, 0x8308, 0x8308, 0x8308, 0x8308,
    0x59E5, 0x8308, 0x8308, 0x8308, 0x8308, 0x8308, 0x8308, 0x8308, 0x8308, 0x8308, 0x8308, 0x8308,
    0x8308, 0x8308, 0x8308, 0x8308, 0x59E5, 0x8308, 0x8308, 0x8308, 0x8308, 0x8308, 0x8308, 0x8308,
    0x8308, 0x8308, 0x8308, 0x8308, 0x8308, 0x8308, 0x8308, 0x8308, 0x59E5, 0x8308, 0x8308, 0x8308,
    0x8308, 0x8308, 0x8308, 0x8308, 0x8308, 0x8308, 0x8308, 0x8308, 0x8308, 0x8308, 0x8308, 0x8308,
    0x59E5, 0x8308, 0x8308, 0x8308, 0x8308, 0x8308, 0x8308, 0x8308, 0x8308, 0x8308, 0x8308, 0x8308,
    0x8308, 0x8308, 0x8308, 0x8308, 0x59E5, 0x8308, 0x8308, 0x8308, 0x8308, 0x8308, 0x8308, 0x8308,
    0x8308, 0x8308, 0x8308, 0x8308, 0x8308, 0x8308, 0x8308, 0x8308, 0x59E5, 0x8308, 0x8308, 0x8308,
    0x8308, 0x8308, 0x8308, 0x8308, 0x8308, 0x8308, 0x8308, 0x8308, 0x8308, 0x8308, 0x8308, 0x8308,
    0x59E5, 0x8308, 0x8308, 0x8308, 0x8308, 0x8308, 0x8308, 0x8308, 0x8308, 0x8308, 0x8308, 0x8308,
    0x8308, 0x8308, 0x8308, 0x8308, 0x59E5, 0x8308, 0x8308, 0x8308, 0x8308, 0x8308, 0x8308, 0x8308,
    0x8308, 0x8308, 0x8308, 0x8308, 0x8308, 0x8308, 0x8308, 0x8308, 0x59E5, 0x8308, 0x8308, 0x8308,
    0x8308, 0x8308, 0x8308, 0x8308, 0x8308, 0x8308, 0x8308, 0x8308, 0x8308, 0x8308, 0x8308, 0x8308,
    0x59E5, 0x8308, 0x8308, 0x8308, 0x8308, 0x8308, 0x8308, 0x8308, 0x8308, 0x8308, 0x8308, 0x8308,
    0x8308, 0x8308, 0x8308, 0x8308, 0x59E5, 0x8308, 0x8308, 0x8308, 0x8308, 0x8308, 0x8308, 0x8308,
    0x8308, 0x8308, 0x59E5, 0x8308, 0x59E5, 0x8308, 0x8308, 0x59E5, 0x8308, 0x8308, 0x8308, 0x8308,
    0x59E5, 0x59E5, 0x8308, 0x8308, 0x8308, 0x8308, 0x59E5, 0x8308, 0x59E5, 0x8308, 0x8308, 0x59E5,
    0x8308, 0x8308, 0x8308, 0x8308, 0x59E5, 0x59E5, 0x8308, 0x8308, 0x8308, 0x8308, 0x59E5, 0x8308,
    0x59E5, 0x8308, 0x8308, 0x59E5, 0x8308, 0x8308, 0x8308, 0x8308, 0x59E5, 0x59E5, 0x8308, 0x8308,
    0x8308, 0x8308, 0x59E5, 0x8308, 0x59E5, 0x8308, 0x8308, 0x59E5, 0x8308, 0x8308, 0x8308, 0x8308,
    0x59E5, 0x59E5, 0x8308, 0x8308, 0x8308, 0x8308, 0x59E5, 0x8308, 0x59E5, 0x8308, 0x8308, 0x59E5,
    0x8308, 0x8308, 0x8308, 0x8308, 0x59E5, 0x59E5, 0x8308, 0x8308, 0x8308, 0x8308, 0x59E5, 0x8308,
    0x59E5, 0x8308, 0x8308, 0x59E5, 0x8308, 0x8308, 0x8308, 0x8308, 0x59E5, 0x59E5, 0x8308, 0x8308,
    0x8308, 0x8308, 0x59E5, 0x8308, 0x59E5, 0x8308, 0x8308, 0x59E5, 0x8308, 0x8308, 0x8308, 0x8308,
    0x59E5, 0x59E5, 0x8308, 0x8308, 0x8308, 0x8308, 0x59E5, 0x8308, 0x59E5, 0x8308, 0x8308, 0x59E5,
    0x8308, 0x8308, 0x8308, 0x8308, 0x59E5, 0x59E5, 0x8308, 0x8308, 0x8308, 0x8308, 0x59E5, 0x8308,
    0x59E5, 0x8308, 0x8308, 0x59E5, 0x8308, 0x8308, 0x8308, 0x8308, 0x59E5, 0x59E5, 0x8308, 0x8308,
    0x8308, 0x8308, 0x59E5, 0x8308, 0x59E5, 0x8308, 0x8308, 0x59E5, 0x8308, 0x8308, 0x8308, 0x8308,
    0x59E5, 0x59E5, 0x8308, 0x8308, 0x8308, 0x8308, 0x59E5, 0x8308, 0x59E5, 0x8308, 0x8308, 0x59E5,
    0x8308, 0x8308, 0x8308, 0x8308, 0x59E5, 0x59E5, 0x8308, 0x8308, 0x8308, 0x8308, 0x59E5, 0x8308,
    0x59E5, 0x8308, 0x8308, 0x59E5, 0x8308, 0x8308, 0x8308, 0x8308, 0x59E5, 0x59E5, 0x8308, 0x8308,
    0x8308, 0x8308, 0x59E5, 0x8308, 0x59E5, 0x8308, 0x8308, 0x59E5, 0x8308, 0x8308, 0x8308, 0x8308,
    0x59E5, 0x59E5, 0x8308, 0x8308, 0x8308, 0x8308, 0x59E5, 0x8308, 0x59E5, 0x8308, 0x8308, 0x59E5,
    0x8308, 0x8308, 0x8308, 0x8308, 0x59E5, 0x59E5, 0x8308, 0x8308, 0x8308, 0x8308, 0x59E5, 0x8308,
    0x59E5, 0x8308, 0x8308, 0x59E5, 0x8308, 0x8308, 0x8308, 0x8308, 0x59E5, 0x59E5, 0x8308, 0x8308,
    0x8308, 0x8308, 0x59E5, 0x8308, 0x59E5, 0x8308, 0x8308, 0x59E5, 0x8308, 0x8308, 0x8308, 0x8308,
    0x59E5, 0x59E5, 0x8308, 0x8308, 0x8308, 0x8308, 0x59E5, 0x8308, 0x59E5, 0x8308, 0x8308, 0x59E5,
    0x8308, 0x8308, 0x8308, 0x8308, 0x59E5, 0x59E5, 0x8308, 0x8308, 0x8308, 0x8308, 0x59E5, 0x8308,
    0x59E5, 0x8308, 0x8308, 0x59E5, 0x8308, 0x8308, 0x8308, 0x8308, 0x59E5, 0x59E5, 0x8308, 0x8308,
    0x8308, 0x8308, 0x59E5, 0x8308, 0x59E5, 0x8308, 0x8308, 0x59E5, 0x8308, 0x8308, 0x8308, 0x8308,
    0x59E5, 0x59E5, 0x8308, 0x8308, 0x8308, 0x8308, 0x59E5, 0x8308, 0x59E5, 0x8308, 0x8308, 0x59E5,
    0x8308, 0x8308, 0x8308, 0x8308, 0x59E5, 0x59E5, 0x8308, 0x8308, 0x59E5, 0x59E5, 0x8308, 0x8308,
    0x8308, 0x8308, 0x8308, 0x8308, 0x59E5, 0x8308, 0x8308, 0x8308, 0x8308, 0x8308, 0x8308, 0x8308,
    0x59E5, 0x59E5, 0x8308, 0x8308, 0x8308, 0x8308, 0x8308, 0x8308, 0x59E5, 0x8308, 0x8308, 0x8308,
    0x8308, 0x8308, 0x8308, 0x8308, 0x59E5, 0x59E5, 0x8308, 0x8308, 0x8308, 0x8308, 0x8308, 0x8308,
    0x59E5, 0x8308, 0x8308, 0x8308, 0x8308, 0x8308, 0x8308, 0x8308, 0x59E5, 0x59E5, 0x8308, 0x8308,
    0x8308, 0x8308, 0x8308, 0x8308, 0x59E5, 0x8308, 0x8308, 0x8308, 0x8308, 0x8308, 0x8308, 0x8308,
    0x59E5, 0x59E5, 0x8308, 0x8308, 0x8308, 0x8308, 0x8308, 0x8308, 0x59E5, 0x8308, 0x8308, 0x8308,
    0x8308, 0x8308, 0x8308, 0x8308, 0x59E5, 0x59E5, 0x8308, 0x8308, 0x8308, 0x8308, 0x8308, 0x8308,
    0x59E5, 0x8308, 0x8308, 0x8308, 0x8308, 0x8308, 0x8308, 0x8308, 0x59E5, 0x59E5, 0x8308, 0x8308,
    0x8308, 0x8308, 0x8308, 0x8308, 0x59E5, 0x8308, 0x8308, 0x8308, 0x8308, 0x8308, 0x8308, 0x8308,
    0x59E5, 0x59E5, 0x8308, 0x8308, 0x8308, 0x8308, 0x8308, 0x8308, 0x59E5, 0x8308, 0x8308, 0x8308,
    0x8308, 0x8308, 0x8308, 0x8308, 0x59E5, 0x59E5, 0x8308, 0x8308, 0x8308, 0x8308, 0x8308, 0x8308,
    0x59E5, 0x8308, 0x8308, 0x8308, 0x8308, 0x8308, 0x8308, 0x8308, 0x59E5, 0x59E5, 0x8308, 0x8308,
    0x8308, 0x8308, 0x8308, 0x8308, 0x59E5, 0x8308, 0x8308, 0x8308, 0x8308, 0x8308, 0x8308, 0x8308,
    0x59E5, 0x59E5, 0x8308, 0x8308, 0x8308, 0x8308, 0x8308, 0x8308, 0x59E5, 0x8308, 0x8308, 0x8308,
    0x8308, 0x8308, 0x8308, 0x8308, 0x59E5, 0x59E5, 0x8308, 0x8308, 0x8308, 0x8308, 0x8308, 0x8308,
    0x59E5, 0x8308, 0x8308, 0x8308, 0x8308, 0x8308, 0x8308, 0x8308, 0x59E5, 0x59E5, 0x8308, 0x8308,
    0x8308, 0x8308, 0x8308, 0x8308, 0x59E5, 0x8308, 0x8308, 0x8308, 0x8308, 0x8308, 0x8308, 0x8308,
    0x59E5, 0x59E5, 0x8308, 0x8308, 0x8308, 0x8308, 0x8308, 0x8308, 0x59E5, 0x8308, 0x8308, 0x8308,
    0x8308, 0x8308, 0x8308, 0x8308, 0x59E5, 0x59E5, 0x8308, 0x8308, 0x8308, 0x8308, 0x8308, 0x8308,
    0x59E5, 0x8308, 0x8308, 0x8308, 0x8308, 0x8308, 0x8308, 0x8308, 0x59E5, 0x59E5, 0x8308, 0x8308,
    0x8308, 0x8308, 0x8308, 0x8308, 0x59E5, 0x8308, 0x8308, 0x8308, 0x8308, 0x8308, 0x8308, 0x8308,
    0x59E5, 0x59E5, 0x8308, 0x8308, 0x8308, 0x8308, 0x8308, 0x8308, 0x59E5, 0x8308, 0x8308, 0x8308,
    0x8308, 0x8308, 0x8308, 0x8308, 0x59E5, 0x59E5, 0x8308, 0x8308, 0x8308, 0x8308, 0x8308, 0x8308,
    0x59E5, 0x8308, 0x8308, 0x8308, 0x8308, 0x8308, 0x8308, 0x8308, 0x59E5, 0x59E5, 0x8308, 0x8308,
    0x8308, 0x8308, 0x8308, 0x8308, 0x59E5, 0x8308, 0x8308, 0x8308, 0x8308, 0x8308, 0x8308, 0x8308,
    0x59E5, 0x59E5, 0x8308, 0x8308, 0x8308, 0x8308, 0x8308, 0x8308, 0x59E5, 0x8308, 0x8308, 0x8308,
    0x8308, 0x8308, 0x8308, 0x8308, 0x59E5, 0x8308, 0x8308, 0x8308, 0x8308, 0x8308, 0x59E5, 0x59E5,
    0x8308, 0x59E5, 0x59E5, 0x8308, 0x8308, 0x8308, 0x8308, 0x8308, 0x59E5, 0x8308, 0x8308, 0x8308,
    0x8308, 0x8308, 0x59E5, 0x59E5, 0x8308, 0x59E5, 0x59E5, 0x8308, 0x8308, 0x8308, 0x8308, 0x8308,
    0x59E5, 0x8308, 0x8308, 0x8308, 0x8308, 0x8308, 0x59E5, 0x59E5, 0x8308, 0x59E5, 0x59E5, 0x8308,
    0x8308, 0x8308, 0x8308, 0x8308, 0x59E5, 0x8308, 0x8308, 0x8308, 0x8308, 0x8308, 0x59E5, 0x59E5,
    0x8308, 0x59E5, 0x59E5, 0x8308, 0x8308, 0x8308, 0x8308, 0x8308, 0x59E5, 0x8308, 0x8308, 0x8308,
    0x8308, 0x8308, 0x59E5, 0x59E5, 0x8308, 0x59E5, 0x59E5, 0x8308, 0x8308, 0x8308, 0x8308, 0x8308,
    0x59E5, 0x8308, 0x8308, 0x8308, 0x8308, 0x8308, 0x59E5, 0x59E5, 0x8308, 0x59E5, 0x59E5, 0x8308,
    0x8308, 0x8308, 0x8308, 0x8308, 0x59E5, 0x8308, 0x8308, 0x8308, 0x8308, 0x8308, 0x59E5, 0x59E5,
    0x8308, 0x59E5, 0x59E5, 0x8308, 0x8308, 0x8308, 0x8308, 0x8308, 0x59E5, 0x8308, 0x8308, 0x8308,
    0x8308, 0x8308, 0x59E5, 0x59E5, 0x8308, 0x59E5, 0x59E5, 0x8308, 0x8308, 0x8308, 0x8308, 0x8308,
    0x59E5, 0x8308, 0x8308, 0x8308, 0x8308, 0x8308, 0x59E5, 0x59E5, 0x8308, 0x59E5, 0x59E5, 0x8308,
    0x8308, 0x8308, 0x8308, 0x8308, 0x59E5, 0x8308, 0x8308, 0x8308, 0x8308, 0x8308, 0x59E5, 0x59E5,
    0x8308, 0x59E5, 0x59E5, 0x8308, 0x8308, 0x8308, 0x8308, 0x8308, 0x59E5, 0x8308, 0x8308, 0x8308,
    0x8308, 0x8308, 0x59E5, 0x59E5, 0x8308, 0x59E5, 0x59E5, 0x8308, 0x8308, 0x8308, 0x8308, 0x8308,
    0x59E5, 0x8308, 0x8308, 0x8308, 0x8308, 0x8308, 0x59E5, 0x59E5, 0x8308, 0x59E5, 0x59E5, 0x8308,
    0x8308, 0x8308, 0x8308, 0x8308, 0x59E5, 0x8308, 0x8308, 0x8308, 0x8308, 0x8308, 0x59E5, 0x59E5,
    0x8308, 0x59E5, 0x59E5, 0x8308, 0x8308, 0x8308, 0x8308, 0x8308, 0x59E5, 0x8308, 0x8308, 0x8308,
    0x8308, 0x8308, 0x59E5, 0x59E5, 0x8308, 0x59E5, 0x59E5, 0x8308, 0x8308, 0x8308, 0x8308, 0x8308,
    0x59E5, 0x8308, 0x8308, 0x8308, 0x8308, 0x8308, 0x59E5, 0x59E5, 0x8308, 0x59E5, 0x59E5, 0x8308,
    0x8308, 0x8308, 0x8308, 0x8308, 0x59E5, 0x8308, 0x8308, 0x8308, 0x8308, 0x8308, 0x59E5, 0x59E5,
    0x8308, 0x59E5, 0x59E5, 0x8308, 0x8308, 0x8308, 0x8308, 0x8308, 0x59E5, 0x8308, 0x8308, 0x8308,
    0x8308, 0x8308, 0x59E5, 0x59E5, 0x8308, 0x59E5, 0x59E5, 0x8308, 0x8308, 0x8308, 0x8308, 0x8308,
    0x59E5, 0x8308, 0x8308, 0x8308, 0x8308, 0x8308, 0x59E5, 0x59E5, 0x8308, 0x59E5, 0x59E5, 0x8308,
    0x8308, 0x8308, 0x8308, 0x8308, 0x59E5, 0x8308, 0x8308, 0x8308, 0x8308, 0x8308, 0x59E5, 0x59E5,
    0x8308, 0x59E5, 0x59E5, 0x8308, 0x8308, 0x8308, 0x8308, 0x8308, 0x59E5, 0x8308, 0x8308, 0x8308,
    0x8308, 0x8308, 0x59E5, 0x59E5, 0x8308, 0x59E5, 0x59E5, 0x8308, 0x8308, 0x8308, 0x8308, 0x8308,
    0x8308, 0x8308, 0x59E5, 0x59E5, 0x8308, 0x59E5, 0x8308, 0x8308, 0x8308, 0x8308, 0x59E5, 0x59E5,
    0x8308, 0x59E5, 0x8308, 0x59E5, 0x8308, 0x8308, 0x59E5, 0x59E5, 0x8308, 0x59E5, 0x8308, 0x8308,
    0x8308, 0x8308, 0x59E5, 0x59E5, 0x8308, 0x59E5, 0x8308, 0x59E5, 0x8308, 0x8308, 0x59E5, 0x59E5,
    0x8308, 0x59E5, 0x8308, 0x8308, 0x8308, 0x8308, 0x59E5, 0x59E5, 0x8308, 0x59E5, 0x8308, 0x59E5,
    0x8308, 0x8308, 0x59E5, 0x59E5, 0x8308, 0x59E5, 0x8308, 0x8308, 0x8308, 0x8308, 0x59E5, 0x59E5,
    0x8308, 0x59E5, 0x8308, 0x59E5, 0x8308, 0x8308, 0x59E5, 0x59E5, 0x8308, 0x59E5, 0x8308, 0x8308,
    0x8308, 0x8308, 0x59E5, 0x59E5, 0x8308, 0x59E5, 0x8308, 0x59E5, 0x8308, 0x8308, 0x59E5, 0x59E5,
    0x8308, 0x59E5, 0x8308, 0x8308, 0x8308, 0x8308, 0x59E5, 0x59E5, 0x8308, 0x59E5, 0x8308, 0x59E5,
    0x8308, 0x8308, 0x59E5, 0x59E5, 0x8308, 0x59E5, 0x8308, 0x8308, 0x8308, 0x8308, 0x59E5, 0x59E5,
    0x8308, 0x59E5, 0x8308, 0x59E5, 0x8308, 0x8308, 0x59E5, 0x59E5, 0x8308, 0x59E5, 0x8308, 0x8308,
    0x8308, 0x8308, 0x59E5, 0x59E5, 0x8308, 0x59E5, 0x8308, 0x59E5, 0x8308, 0x8308, 0x59E5, 0x59E5,
    0x8308, 0x59E5, 0x8308, 0x8308, 0x8308, 0x8308, 0x59E5, 0x59E5, 0x8308, 0x59E5, 0x8308, 0x59E5,
    0x8308, 0x8308, 0x59E5, 0x59E5, 0x8308, 0x59E5, 0x8308, 0x8308, 0x8308, 0x8308, 0x59E5, 0x59E5,
    0x8308, 0x59E5, 0x8308, 0x59E5, 0x8308, 0x8308, 0x59E5, 0x59E5, 0x8308, 0x59E5, 0x8308, 0x8308,
    0x8308, 0x8308, 0x59E5, 0x59E5, 0x8308, 0x59E5, 0x8308, 0x59E5, 0x8308, 0x8308, 0x59E5, 0x59E5,
    0x8308, 0x59E5, 0x8308, 0x8308, 0x8308, 0x8308, 0x59E5, 0x59E5, 0x8308, 0x59E5, 0x8308, 0x59E5,
    0x8308, 0x8308, 0x59E5, 0x59E5, 0x8308, 0x59E5, 0x8308, 0x8308, 0x8308, 0x8308, 0x59E5, 0x59E5,
    0x8308, 0x59E5, 0x8308, 0x59E5, 0x8308, 0x8308, 0x59E5, 0x59E5, 0x8308, 0x59E5, 0x8308, 0x8308,
    0x8308, 0x8308, 0x59E5, 0x59E5, 0x8308, 0x59E5, 0x8308, 0x59E5, 0x8308, 0x8308, 0x59E5, 0x59E5,
    0x8308, 0x59E5, 0x8308, 0x8308, 0x8308, 0x8308, 0x59E5, 0x59E5, 0x8308, 0x59E5, 0x8308, 0x59E5,
    0x8308, 0x8308, 0x59E5, 0x59E5, 0x8308, 0x59E5, 0x8308, 0x8308, 0x8308, 0x8308, 0x59E5, 0x59E5,
    0x8308, 0x59E5, 0x8308, 0x59E5, 0x8308, 0x8308, 0x59E5, 0x59E5, 0x8308, 0x59E5, 0x8308, 0x8308,
    0x8308, 0x8308, 0x59E5, 0x59E5, 0x8308, 0x59E5, 0x8308, 0x59E5, 0x8308, 0x8308, 0x59E5, 0x59E5,
    0x8308, 0x59E5, 0x8308, 0x8308, 0x8308, 0x8308, 0x59E5, 0x59E5, 0x8308, 0x59E5, 0x8308, 0x59E5,
    0x8308, 0x8308, 0x59E5, 0x59E5, 0x8308, 0x59E5, 0x8308, 0x8308, 0x8308, 0x8308, 0x59E5, 0x59E5,
    0x8308, 0x59E5, 0x8308, 0x59E5, 0x8308, 0x8308, 0x59E5, 0x59E5, 0x8308, 0x59E5, 0x8308, 0x8308,
    0x8308, 0x8308, 0x59E5, 0x59E5, 0x8308, 0x59E5, 0x8308, 0x59E5, 0x8308, 0x8308, 0x8308, 0x8308,
    0x8308, 0x8308, 0x59E5, 0x8308, 0x8308, 0x8308, 0x59E5, 0x8308, 0x59E5, 0x8308, 0x8308, 0x59E5,
    0x8308, 0x8308, 0x8308, 0x8308, 0x8308, 0x8308, 0x59E5, 0x8308, 0x8308, 0x8308, 0x59E5, 0x8308,
    0x59E5, 0x8308, 0x8308, 0x59E5, 0x8308, 0x8308, 0x8308, 0x8308, 0x8308, 0x8308, 0x59E5, 0x8308,
    0x8308, 0x8308, 0x59E5, 0x8308, 0x59E5, 0x8308, 0x8308, 0x59E5, 0x8308, 0x8308, 0x8308, 0x8308,
    0x8308, 0x8308, 0x59E5, 0x8308, 0x8308, 0x8308, 0x59E5, 0x8308, 0x59E5, 0x8308, 0x8308, 0x59E5,
    0x8308, 0x8308, 0x8308, 0x8308, 0x8308, 0x8308, 0x59E5, 0x8308, 0x8308, 0x8308, 0x59E5, 0x8308,
    0x59E5, 0x8308, 0x8308, 0x59E5, 0x8308, 0x8308, 0x8308, 0x8308, 0x8308, 0x8308, 0x59E5, 0x8308,
    0x8308, 0x8308, 0x59E5, 0x8308, 0x59E5, 0x8308, 0x8308, 0x59E5, 0x8308, 0x8308, 0x8308, 0x8308,
    0x8308, 0x8308, 0x59E5, 0x8308, 0x8308, 0x8308, 0x59E5, 0x8308, 0x59E5, 0x8308, 0x8308, 0x59E5,
    0x8308, 0x8308, 0x8308, 0x8308, 0x8308, 0x8308, 0x59E5, 0x8308, 0x8308, 0x8308, 0x59E5, 0x8308,
    0x59E5, 0x8308, 0x8308, 0x59E5, 0x8308, 0x8308, 0x8308, 0x8308, 0x8308, 0x8308, 0x59E5, 0x8308,
    0x8308, 0x8308, 0x59E5, 0x8308, 0x59E5, 0x8308, 0x8308, 0x59E5, 0x8308, 0x8308, 0x8308, 0x8308,
    0x8308, 0x8308, 0x59E5, 0x8308, 0x8308, 0x8308, 0x59E5, 0x8308, 0x59E5, 0x8308, 0x8308, 0x59E5,
    0x8308, 0x8308, 0x8308, 0x8308, 0x8308, 0x8308, 0x59E5, 0x8308, 0x8308, 0x8308, 0x59E5, 0x8308,
    0x59E5, 0x8308, 0x8308, 0x59E5, 0x8308, 0x8308, 0x8308, 0x8308, 0x8308, 0x8308, 0x59E5, 0x8308,
    0x8308, 0x8308, 0x59E5, 0x8308, 0x59E5, 0x8308, 0x8308, 0x59E5, 0x8308, 0x8308, 0x8308, 0x8308,
    0x8308, 0x8308, 0x59E5, 0x8308, 0x8308, 0x8308, 0x59E5, 0x8308, 0x59E5, 0x8308, 0x8308, 0x59E5,
    0x8308, 0x8308, 0x8308, 0x8308, 0x8308, 0x8308, 0x59E5, 0x8308, 0x8308, 0x8308, 0x59E5, 0x8308,
    0x59E5, 0x8308, 0x8308, 0x59E5, 0x8308, 0x8308, 0x8308, 0x8308, 0x8308, 0x8308, 0x59E5, 0x8308,
    0x8308, 0x8308, 0x59E5, 0x8308, 0x59E5, 0x8308, 0x8308, 0x59E5, 0x8308, 0x8308, 0x8308, 0x8308,
    0x8308, 0x8308, 0x59E5, 0x8308, 0x8308, 0x8308, 0x59E5, 0x8308, 0x59E5, 0x8308, 0x8308, 0x59E5,
    0x8308, 0x8308, 0x8308, 0x8308, 0x8308, 0x8308, 0x59E5, 0x8308, 0x8308, 0x8308, 0x59E5, 0x8308,
    0x59E5, 0x8308, 0x8308, 0x59E5, 0x8308, 0x8308, 0x8308, 0x8308, 0x8308, 0x8308, 0x59E5, 0x8308,
    0x8308, 0x8308, 0x59E5, 0x8308, 0x59E5, 0x8308, 0x8308, 0x59E5, 0x8308, 0x8308, 0x8308, 0x8308,
    0x8308, 0x8308, 0x59E5, 0x8308, 0x8308, 0x8308, 0x59E5, 0x8308, 0x59E5, 0x8308, 0x8308, 0x59E5,
    0x8308, 0x8308, 0x8308, 0x8308, 0x8308, 0x8308, 0x59E5, 0x8308, 0x8308, 0x8308, 0x59E5, 0x8308,
    0x59E5, 0x8308, 0x8308, 0x59E5, 0x8308, 0x8308, 0x8308, 0x8308, 0x59E5, 0x59E5, 0x8308, 0x59E5,
    0x59E5, 0x59E5, 0x59E5, 0x8308, 0x8308, 0x8308, 0x8308, 0x8308, 0x8308, 0x8308, 0x8308, 0x8308,
    0x59E5, 0x59E5, 0x8308, 0x59E5, 0x59E5, 0x59E5, 0x59E5, 0x8308, 0x8308, 0x8308, 0x8308, 0x8308,
    0x8308, 0x8308, 0x8308, 0x8308, 0x59E5, 0x59E5, 0x8308, 0x59E5, 0x59E5, 0x59E5, 0x59E5, 0x8308,
    0x8308, 0x8308, 0x8308, 0x8308, 0x8308, 0x8308, 0x8308, 0x8308, 0x59E5, 0x59E5, 0x8308, 0x59E5,
    0x59E5, 0x59E5, 0x59E5, 0x8308, 0x8308, 0x8308, 0x8308, 0x8308, 0x8308, 0x8308, 0x8308, 0x8308,
    0x59E5, 0x59E5, 0x8308, 0x59E5, 0x59E5, 0x59E5, 0x59E5, 0x8308, 0x8308, 0x8308, 0x8308, 0x8308,
    0x8308, 0x8308, 0x8308, 0x8308, 0x59E5, 0x59E5, 0x8308, 0x59E5, 0x59E5, 0x59E5, 0x59E5, 0x8308,
    0x8308, 0x8308, 0x8308, 0x8308, 0x8308, 0x8308, 0x8308, 0x8308, 0x59E5, 0x59E5, 0x8308, 0x59E5,
    0x59E5, 0x59E5, 0x59E5, 0x8308, 0x8308, 0x8308, 0x8308, 0x8308, 0x8308, 0x8308, 0x8308, 0x8308,
    0x59E5, 0x59E5, 0x8308, 0x59E5, 0x59E5, 0x59E5, 0x59E5, 0x8308, 0x8308, 0x8308, 0x8308, 0x8308,
    0x8308, 0x8308, 0x8308, 0x8308, 0x59E5, 0x59E5, 0x8308, 0x59E5, 0x59E5, 0x59E5, 0x59E5, 0x8308,
    0x8308, 0x8308, 0x8308, 0x8308, 0x8308, 0x8308, 0x8308, 0x8308, 0x59E5, 0x59E5, 0x8308, 0x59E5,
    0x59E5, 0x59E5, 0x59E5, 0x8308, 0x8308, 0x8308, 0x8308, 0x8308, 0x8308, 0x8308, 0x8308, 0x8308,
    0x59E5, 0x59E5, 0x8308, 0x59E5, 0x59E5, 0x59E5, 0x59E5, 0x8308, 0x8308, 0x8308, 0x8308, 0x8308,
    0x8308, 0x8308, 0x8308, 0x8308, 0x59E5, 0x59E5, 0x8308, 0x59E5, 0x59E5, 0x59E5, 0x59E5, 0x8308,
    0x8308, 0x8308, 0x8308, 0x8308, 0x8308, 0x8308, 0x8308, 0x8308, 0x59E5, 0x59E5, 0x8308, 0x59E5,
    0x59E5, 0x59E5, 0x59E5, 0x8308, 0x8308, 0x8308, 0x8308, 0x8308, 0x8308, 0x8308, 0x8308, 0x8308,
    0x59E5, 0x59E5, 0x8308, 0x59E5, 0x59E5, 0x59E5, 0x59E5, 0x8308, 0x8308, 0x8308, 0x8308, 0x8308,
    0x8308, 0x8308, 0x8308, 0x8308, 0x59E5, 0x59E5, 0x8308, 0x59E5, 0x59E5, 0x59E5, 0x59E5, 0x8308,
    0x8308, 0x8308, 0x8308, 0x8308, 0x8308, 0x8308, 0x8308, 0x8308, 0x59E5, 0x59E5, 0x8308, 0x59E5,
    0x59E5, 0x59E5, 0x59E5, 0x8308, 0x8308, 0x8308, 0x8308, 0x8308, 0x8308, 0x8308, 0x8308, 0x8308,
    0x59E5, 0x59E5, 0x8308, 0x59E5, 0x59E5, 0x59E5, 0x59E5, 0x8308, 0x8308, 0x8308, 0x8308, 0x8308,
    0x8308, 0x8308, 0x8308, 0x8308, 0x59E5, 0x59E5, 0x8308, 0x59E5, 0x59E5, 0x59E5, 0x59E5, 0x8308,
    0x8308, 0x8308, 0x8308, 0x8308, 0x8308, 0x8308, 0x8308, 0x8308, 0x59E5, 0x59E5, 0x8308, 0x59E5,
    0x59E5, 0x59E5, 0x59E5, 0x8308, 0x8308, 0x8308, 0x8308, 0x8308, 0x8308, 0x8308, 0x8308, 0x8308,
    0x59E5, 0x59E5, 0x8308, 0x59E5, 0x59E5, 0x59E5, 0x59E5, 0x8308, 0x8308, 0x8308, 0x8308, 0x8308,
    0x8308, 0x8308, 0x8308, 0x59E5, 0x8308, 0x8308, 0x8308, 0x8308, 0x8308, 0x59E5, 0x59E5, 0x59E5,
    0x8308, 0x8308, 0x8308, 0x8308, 0x8308, 0x8308, 0x8308, 0x59E5, 0x8308, 0x8308, 0x8308, 0x8308,
    0x8308, 0x59E5, 0x59E5, 0x59E5, 0x8308, 0x8308, 0x8308, 0x8308, 0x8308, 0x8308, 0x8308, 0x59E5,
    0x8308, 0x8308, 0x8308, 0x8308, 0x8308, 0x59E5, 0x59E5, 0x59E5, 0x8308, 0x8308, 0x8308, 0x8308,
    0x8308, 0x8308, 0x8308, 0x59E5, 0x8308, 0x8308, 0x8308, 0x8308, 0x8308, 0x59E5, 0x59E5, 0x59E5,
    0x8308, 0x8308, 0x8308, 0x8308, 0x8308, 0x8308, 0x8308, 0x59E5, 0x8308, 0x8308, 0x8308, 0x8308,
    0x8308, 0x59E5, 0x59E5, 0x59E5, 0x8308, 0x8308, 0x8308, 0x8308, 0x8308, 0x8308, 0x8308, 0x59E5,
    0x8308, 0x8308, 0x8308, 0x8308, 0x8308, 0x59E5, 0x59E5, 0x59E5, 0x8308, 0x8308, 0x8308, 0x8308,
    0x8308, 0x8308, 0x8308, 0x59E5, 0x8308, 0x8308, 0x8308, 0x8308, 0x8308, 0x59E5, 0x59E5, 0x59E5,
    0x8308, 0x8308, 0x8308, 0x8308, 0x8308, 0x8308, 0x8308, 0x59E5, 0x8308, 0x8308, 0x8308, 0x8308,
    0x8308, 0x59E5, 0x59E5, 0x59E5, 0x8308, 0x8308, 0x8308, 0x8308, 0x8308, 0x8308, 0x8308, 0x59E5,
    0x8308, 0x8308, 0x8308, 0x8308, 0x8308, 0x59E5, 0x59E5, 0x59E5, 0x8308, 0x8308, 0x8308, 0x8308,
    0x8308, 0x8308, 0x8308, 0x59E5, 0x8308, 0x8308, 0x8308, 0x8308, 0x8308, 0x59E5, 0x59E5, 0x59E5,
    0x8308, 0x8308, 0x8308, 0x8308, 0x8308, 0x8308, 0x8308, 0x59E5, 0x8308, 0x8308, 0x8308, 0x8308,
    0x8308, 0x59E5, 0x59E5, 0x59E5, 0x8308, 0x8308, 0x8308, 0x8308, 0x8308, 0x8308, 0x8308, 0x59E5,
    0x8308, 0x8308, 0x8308, 0x8308, 0x8308, 0x59E5, 0x59E5, 0x59E5, 0x8308, 0x8308, 0x8308, 0x8308,
    0x8308, 0x8308, 0x8308, 0x59E5, 0x8308, 0x8308, 0x8308, 0x8308, 0x8308, 0x59E5, 0x59E5, 0x59E5,
    0x8308, 0x8308, 0x8308, 0x8308, 0x8308, 0x8308, 0x8308, 0x59E5, 0x8308, 0x8308, 0x8308, 0x8308,
    0x8308, 0x59E5, 0x59E5, 0x59E5, 0x8308, 0x8308, 0x8308, 0x8308, 0x8308, 0x8308, 0x8308, 0x59E5,
    0x8308, 0x8308, 0x8308, 0x8308, 0x8308, 0x59E5, 0x59E5, 0x59E5, 0x8308, 0x8308, 0x8308, 0x8308,
    0x8308, 0x8308, 0x8308, 0x59E5, 0x8308, 0x8308, 0x8308, 0x8308, 0x8308, 0x59E5, 0x59E5, 0x59E5,
    0x8308, 0x8308, 0x8308, 0x8308, 0x8308, 0x8308, 0x8308, 0x59E5, 0x8308, 0x8308, 0x8308, 0x8308,
    0x8308, 0x59E5, 0x59E5, 0x59E5, 0x8308, 0x8308, 0x8308, 0x8308, 0x8308, 0x8308, 0x8308, 0x59E5,
    0x8308, 0x8308, 0x8308, 0x8308, 0x8308, 0x59E5, 0x59E5, 0x59E5, 0x8308, 0x8308, 0x8308, 0x8308,
    0x8308, 0x8308, 0x8308, 0x59E5, 0x8308, 0x8308, 0x8308, 0x8308, 0x8308, 0x59E5, 0x59E5, 0x59E5,
    0x8308, 0x8308, 0x8308, 0x8308, 0x8308, 0x8308, 0x8308, 0x59E5, 0x8308, 0x8308, 0x8308, 0x8308,
    0x8308, 0x59E5, 0x59E5, 0x59E5, 0x8308, 0x8308, 0x8308, 0x8308, 0x8308, 0x8308, 0x59E5, 0x59E5,
    0x8308, 0x8308, 0x8308, 0x8308, 0x59E5, 0x8308, 0x8308, 0x59E5, 0x59E5, 0x8308, 0x8308, 0x8308,
    0x8308, 0x8308, 0x59E5, 0x59E5, 0x8308, 0x8308, 0x8308, 0x8308, 0x59E5, 0x8308, 0x8308, 0x59E5,
    0x59E5, 0x8308, 0x8308, 0x8308, 0x8308, 0x8308, 0x59E5, 0x59E5, 0x8308, 0x8308, 0x8308, 0x8308,
    0x59E5, 0x8308, 0x8308, 0x59E5, 0x59E5, 0x8308, 0x8308, 0x8308, 0x8308, 0x8308, 0x59E5, 0x59E5,
    0x8308, 0x8308, 0x8308, 0x8308, 0x59E5, 0x8308, 0x8308, 0x59E5, 0x59E5, 0x8308, 0x8308, 0x8308,
    0x8308, 0x8308, 0x59E5, 0x59E5, 0x8308, 0x8308, 0x8308, 0x8308, 0x59E5, 0x8308, 0x8308, 0x59E5,
    0x59E5, 0x8308, 0x8308, 0x8308, 0x8308, 0x8308, 0x59E5, 0x59E5, 0x8308, 0x8308, 0x8308, 0x8308,
    0x59E5, 0x8308, 0x8308, 0x59E5, 0x59E5, 0x8308, 0x8308, 0x8308, 0x8308, 0x8308, 0x59E5, 0x59E5,
    0x8308, 0x8308, 0x8308, 0x8308, 0x59E5, 0x8308, 0x8308, 0x59E5, 0x59E5, 0x8308, 0x8308, 0x8308,
    0x8308, 0x8308, 0x59E5, 0x59E5, 0x8308, 0x8308, 0x8308, 0x8308, 0x59E5, 0x8308, 0x8308, 0x59E5,
    0x59E5, 0x8308, 0x8308, 0x8308, 0x8308, 0x8308, 0x59E5, 0x59E5, 0x8308, 0x8308, 0x8308, 0x8308,
    0x59E5, 0x8308, 0x8308, 0x59E5, 0x59E5, 0x8308, 0x8308, 0x8308, 0x8308, 0x8308, 0x59E5, 0x59E5,
    0x8308, 0x8308, 0x8308, 0x8308, 0x59E5, 0x8308, 0x8308, 0x59E5, 0x59E5, 0x8308, 0x8308, 0x8308,
    0x8308, 0x8308, 0x59E5, 0x59E5, 0x8308, 0x8308, 0x8308, 0x8308, 0x59E5, 0x8308, 0x8308, 0x59E5,
    0x59E5, 0x8308, 0x8308, 0x8308, 0x8308, 0x8308, 0x59E5, 0x59E5, 0x8308, 0x8308, 0x8308, 0x8308,
    0x59E5, 0x8308, 0x8308, 0x59E5, 0x59E5, 0x8308, 0x8308, 0x8308, 0x8308, 0x8308, 0x59E5, 0x59E5,
    0x8308, 0x8308, 0x8308, 0x8308, 0x59E5, 0x8308, 0x8308, 0x59E5, 0x59E5, 0x8308, 0x8308, 0x8308,
    0x8308, 0x8308, 0x59E5, 0x59E5, 0x8308, 0x8308, 0x8308, 0x8308, 0x59E5, 0x8308, 0x8308, 0x59E5,
    0x59E5, 0x8308, 0x8308, 0x8308, 0x8308, 0x8308, 0x59E5, 0x59E5, 0x8308, 0x8308, 0x8308, 0x8308,
    0x59E5, 0x8308, 0x8308, 0x59E5, 0x59E5, 0x8308, 0x8308, 0x8308, 0x8308, 0x8308, 0x59E5, 0x59E5,
    0x8308, 0x8308, 0x8308, 0x8308, 0x59E5, 0x8308, 0x8308, 0x59E5, 0x59E5, 0x8308, 0x8308, 0x8308,
    0x8308, 0x8308, 0x59E5, 0x59E5, 0x8308, 0x8308, 0x8308, 0x8308, 0x59E5, 0x8308, 0x8308, 0x59E5,
    0x59E5, 0x8308, 0x8308, 0x8308, 0x8308, 0x8308, 0x59E5, 0x59E5, 0x8308, 0x8308, 0x8308, 0x8308,
    0x59E5, 0x8308, 0x8308, 0x59E5, 0x59E5, 0x8308, 0x8308, 0x8308, 0x8308, 0x8308, 0x59E5, 0x59E5,
    0x8308, 0x8308, 0x8308, 0x8308, 0x59E5, 0x8308, 0x8308, 0x59E5, 0x59E5, 0x8308, 0x8308, 0x8308,
    0x8308, 0x8308, 0x59E5, 0x59E5, 0x8308, 0x8308, 0x8308, 0x8308, 0x59E5, 0x8308, 0x8308, 0x59E5,
    0x59E5, 0x8308, 0x8308, 0x8308, 0x59E5, 0x59E5, 0x59E5, 0x59E5, 0x8308, 0x59E5, 0x8308, 0x8308,
    0x59E5, 0x8308, 0x59E5, 0x8308, 0x59E5, 0x8308, 0x59E5, 0x59E5, 0x59E5, 0x59E5, 0x59E5, 0x59E5,
    0x8308, 0x59E5, 0x8308, 0x8308, 0x59E5, 0x8308, 0x59E5, 0x8308, 0x59E5, 0x8308, 0x59E5, 0x59E5,
    0x59E5, 0x59E5, 0x59E5, 0x59E5, 0x8308, 0x59E5, 0x8308, 0x8308, 0x59E5, 0x8308, 0x59E5, 0x8308,
    0x59E5, 0x8308, 0x59E5, 0x59E5, 0x59E5, 0x59E5, 0x59E5, 0x59E5, 0x8308, 0x59E5, 0x8308, 0x8308,
    0x59E5, 0x8308, 0x59E5, 0x8308, 0x59E5, 0x8308, 0x59E5, 0x59E5, 0x59E5, 0x59E5, 0x59E5, 0x59E5,
    0x8308, 0x59E5, 0x8308, 0x8308, 0x59E5, 0x8308, 0x59E5, 0x8308, 0x59E5, 0x8308, 0x59E5, 0x59E5,
    0x59E5, 0x59E5, 0x59E5, 0x59E5, 0x8308, 0x59E5, 0x8308, 0x8308, 0x59E5, 0x8308, 0x59E5, 0x8308,
    0x59E5, 0x8308, 0x59E5, 0x59E5, 0x59E5, 0x59E5, 0x59E5, 0x59E5, 0x8308, 0x59E5, 0x8308, 0x8308,
    0x59E5, 0x8308, 0x59E5, 0x8308, 0x59E5, 0x8308, 0x59E5, 0x59E5, 0x59E5, 0x59E5, 0x59E5, 0x59E5,
    0x8308, 0x59E5, 0x8308, 0x8308, 0x59E5, 0x8308, 0x59E5, 0x8308, 0x59E5, 0x8308, 0x59E5, 0x59E5,
    0x59E5, 0x59E5, 0x59E5, 0x59E5, 0x8308, 0x59E5, 0x8308, 0x8308, 0x59E5, 0x8308, 0x59E5, 0x8308,
    0x59E5, 0x8308, 0x59E5, 0x59E5, 0x59E5, 0x59E5, 0x59E5, 0x59E5, 0x8308, 0x59E5, 0x8308, 0x8308,
    0x59E5, 0x8308, 0x59E5, 0x8308, 0x59E5, 0x8308, 0x59E5, 0x59E5, 0x59E5, 0x59E5, 0x59E5, 0x59E5,
    0x8308, 0x59E5, 0x8308, 0x8308, 0x59E5, 0x8308, 0x59E5, 0x8308, 0x59E5, 0x8308, 0x59E5, 0x59E5,
    0x59E5, 0x59E5, 0x59E5, 0x59E5, 0x8308, 0x59E5, 0x8308, 0x8308, 0x59E5, 0x8308, 0x59E5, 0x8308,
    0x59E5, 0x8308, 0x59E5, 0x59E5, 0x59E5, 0x59E5, 0x59E5, 0x59E5, 0x8308, 0x59E5, 0x8308, 0x8308,
    0x59E5, 0x8308, 0x59E5, 0x8308, 0x59E5, 0x8308, 0x59E5, 0x59E5, 0x59E5, 0x59E5, 0x59E5, 0x59E5,
    0x8308, 0x59E5, 0x8308, 0x8308, 0x59E5, 0x8308, 0x59E5, 0x8308, 0x59E5, 0x8308, 0x59E5, 0x59E5,
    0x59E5, 0x59E5, 0x59E5, 0x59E5, 0x8308, 0x59E5, 0x8308, 0x8308, 0x59E5, 0x8308, 0x59E5, 0x8308,
    0x59E5, 0x8308, 0x59E5, 0x59E5, 0x59E5, 0x59E5, 0x59E5, 0x59E5, 0x8308, 0x59E5, 0x8308, 0x8308,
    0x59E5, 0x8308, 0x59E5, 0x8308, 0x59E5, 0x8308, 0x59E5, 0x59E5, 0x59E5, 0x59E5, 0x59E5, 0x59E5,
    0x8308, 0x59E5, 0x8308, 0x8308, 0x59E5, 0x8308, 0x59E5, 0x8308, 0x59E5, 0x8308, 0x59E5, 0x59E5,
    0x59E5, 0x59E5, 0x59E5, 0x59E5, 0x8308, 0x59E5, 0x8308, 0x8308, 0x59E5, 0x8308, 0x59E5, 0x8308,
    0x59E5, 0x8308, 0x59E5, 0x59E5, 0x59E5, 0x59E5, 0x59E5, 0x59E5, 0x8308, 0x59E5, 0x8308, 0x8308,
    0x59E5, 0x8308, 0x59E5, 0x8308, 0x59E5, 0x8308, 0x59E5, 0x59E5, 0x59E5, 0x59E5, 0x59E5, 0x59E5,
    0x8308, 0x59E5, 0x8308, 0x8308, 0x59E5, 0x8308, 0x59E5, 0x8308, 0x59E5, 0x8308, 0x59E5, 0x59E5,
    0x8308, 0x8308, 0x8308, 0x8308, 0x59E5, 0x8308, 0x8308, 0x8308, 0x59E5, 0x8308, 0x59E5, 0x59E5,
    0x8308, 0x8308, 0x59E5, 0x59E5, 0x8308, 0x8308, 0x8308, 0x8308, 0x59E5, 0x8308, 0x8308, 0x8308,
    0x59E5, 0x8308, 0x59E5, 0x59E5, 0x8308, 0x8308, 0x59E5, 0x59E5, 0x8308, 0x8308, 0x8308, 0x8308,
    0x59E5, 0x8308, 0x8308, 0x8308, 0x59E5, 0x8308, 0x59E5, 0x59E5, 0x8308, 0x8308, 0x59E5, 0x59E5,
    0x8308, 0x8308, 0x8308, 0x8308, 0x59E5, 0x8308, 0x8308, 0x8308, 0x59E5, 0x8308, 0x59E5, 0x59E5,
    0x8308, 0x8308, 0x59E5, 0x59E5, 0x8308, 0x8308, 0x8308, 0x8308, 0x59E5, 0x8308, 0x8308, 0x8308,
    0x59E5, 0x8308, 0x59E5, 0x59E5, 0x8308, 0x8308, 0x59E5, 0x59E5, 0x8308, 0x8308, 0x8308, 0x8308,
    0x59E5, 0x8308, 0x8308, 0x8308, 0x59E5, 0x8308, 0x59E5, 0x59E5, 0x8308, 0x8308, 0x59E5, 0x59E5,
    0x8308, 0x8308, 0x8308, 0x8308, 0x59E5, 0x8308, 0x8308, 0x8308, 0x59E5, 0x8308, 0x59E5, 0x59E5,
    0x8308, 0x8308, 0x59E5, 0x59E5, 0x8308, 0x8308, 0x8308, 0x8308, 0x59E5, 0x8308, 0x8308, 0x8308,
    0x59E5, 0x8308, 0x59E5, 0x59E5, 0x8308, 0x8308, 0x59E5, 0x59E5, 0x8308, 0x8308, 0x8308, 0x8308,
    0x59E5, 0x8308, 0x8308, 0x8308, 0x59E5, 0x8308, 0x59E5, 0x59E5, 0x8308, 0x8308, 0x59E5, 0x59E5,
    0x8308, 0x8308, 0x8308, 0x8308, 0x59E5, 0x8308, 0x8308, 0x8308, 0x59E5, 0x8308, 0x59E5, 0x59E5,
    0x8308, 0x8308, 0x59E5, 0x59E5, 0x8308, 0x8308, 0x8308, 0x8308, 0x59E5, 0x8308, 0x8308, 0x8308,
    0x59E5, 0x8308, 0x59E5, 0x59E5, 0x8308, 0x8308, 0x59E5, 0x59E5, 0x8308, 0x8308, 0x8308, 0x8308,
    0x59E5, 0x8308, 0x8308, 0x8308, 0x59E5, 0x8308, 0x59E5, 0x59E5, 0x8308, 0x8308, 0x59E5, 0x59E5,
    0x8308, 0x8308, 0x8308, 0x8308, 0x59E5, 0x8308, 0x8308, 0x8308, 0x59E5, 0x8308, 0x59E5, 0x59E5,
    0x8308, 0x8308, 0x59E5, 0x59E5, 0x8308, 0x8308, 0x8308, 0x8308, 0x59E5, 0x8308, 0x8308, 0x8308,
    0x59E5, 0x8308, 0x59E5, 0x59E5, 0x8308, 0x8308, 0x59E5, 0x59E5, 0x8308, 0x8308, 0x8308, 0x8308,
    0x59E5, 0x8308, 0x8308, 0x8308, 0x59E5, 0x8308, 0x59E5, 0x59E5, 0x8308, 0x8308, 0x59E5, 0x59E5,
    0x8308, 0x8308, 0x8308, 0x8308, 0x59E5, 0x8308, 0x8308, 0x8308, 0x59E5, 0x8308, 0x59E5, 0x59E5,
    0x8308, 0x8308, 0x59E5, 0x59E5, 0x8308, 0x8308, 0x8308, 0x8308, 0x59E5, 0x8308, 0x8308, 0x8308,
    0x59E5, 0x8308, 0x59E5, 0x59E5, 0x8308, 0x8308, 0x59E5, 0x59E5, 0x8308, 0x8308, 0x8308, 0x8308,
    0x59E5, 0x8308, 0x8308, 0x8308, 0x59E5, 0x8308, 0x59E5, 0x59E5, 0x8308, 0x8308, 0x59E5, 0x59E5,
    0x8308, 0x8308, 0x8308, 0x8308, 0x59E5, 0x8308, 0x8308, 0x8308, 0x59E5, 0x8308, 0x59E5, 0x59E5,
    0x8308, 0x8308, 0x59E5, 0x59E5, 0x8308, 0x8308, 0x8308, 0x8308, 0x59E5, 0x8308, 0x8308, 0x8308,
    0x59E5, 0x8308, 0x59E5, 0x59E5, 0x8308, 0x8308, 0x59E5, 0x59E5, 0x59E5, 0x8308, 0x59E5, 0x8308,
    0x8308, 0x8308, 0x8308, 0x8308, 0x8308, 0x8308, 0x59E5, 0x59E5, 0x8308, 0x8308, 0x59E5, 0x59E5,
    0x59E5, 0x8308, 0x59E5, 0x8308, 0x8308, 0x8308, 0x8308, 0x8308, 0x8308, 0x8308, 0x59E5, 0x59E5,
    0x8308, 0x8308, 0x59E5, 0x59E5, 0x59E5, 0x8308, 0x59E5, 0x8308, 0x8308, 0x8308, 0x8308, 0x8308,
    0x8308, 0x8308, 0x59E5, 0x59E5, 0x8308, 0x8308, 0x59E5, 0x59E5, 0x59E5, 0x8308, 0x59E5, 0x8308,
    0x8308, 0x8308, 0x8308, 0x8308, 0x8308, 0x8308, 0x59E5, 0x59E5, 0x8308, 0x8308, 0x59E5, 0x59E5,
    0x59E5, 0x8308, 0x59E5, 0x8308, 0x8308, 0x8308, 0x8308, 0x8308, 0x8308, 0x8308, 0x59E5, 0x59E5,
    0x8308, 0x8308, 0x59E5, 0x59E5, 0x59E5, 0x8308, 0x59E5, 0x8308, 0x8308, 0x8308, 0x8308, 0x8308,
    0x8308, 0x8308, 0x59E5, 0x59E5, 0x8308, 0x8308, 0x59E5, 0x59E5, 0x59E5, 0x8308, 0x59E5, 0x8308,
    0x8308, 0x8308, 0x8308, 0x8308, 0x8308, 0x8308, 0x59E5, 0x59E5, 0x8308, 0x8308, 0x59E5, 0x59E5,
    0x59E5, 0x8308, 0x59E5, 0x8308, 0x8308, 0x8308, 0x8308, 0x8308, 0x8308, 0x8308, 0x59E5, 0x59E5,
    0x8308, 0x8308, 0x59E5, 0x59E5, 0x59E5, 0x8308, 0x59E5, 0x8308, 0x8308, 0x8308, 0x8308, 0x8308,
    0x8308, 0x8308, 0x59E5, 0x59E5, 0x8308, 0x8308, 0x59E5, 0x59E5, 0x59E5, 0x8308, 0x59E5, 0x8308,
    0x8308, 0x8308, 0x8308, 0x8308, 0x8308, 0x8308, 0x59E5, 0x59E5, 0x8308, 0x8308, 0x59E5, 0x59E5,
    0x59E5, 0x8308, 0x59E5, 0x8308, 0x8308, 0x8308, 0x8308, 0x8308, 0x8308, 0x8308, 0x59E5, 0x59E5,
    0x8308, 0x8308, 0x59E5, 0x59E5, 0x59E5, 0x8308, 0x59E5, 0x8308, 0x8308, 0x8308, 0x8308, 0x8308,
    0x8308, 0x8308, 0x59E5, 0x59E5, 0x8308, 0x8308, 0x59E5, 0x59E5, 0x59E5, 0x8308, 0x59E5, 0x8308,
    0x8308, 0x8308, 0x8308, 0x8308, 0x8308, 0x8308, 0x59E5, 0x59E5, 0x8308, 0x8308, 0x59E5, 0x59E5,
    0x59E5, 0x8308, 0x59E5, 0x8308, 0x8308, 0x8308, 0x8308, 0x8308, 0x8308, 0x8308, 0x59E5, 0x59E5,
    0x8308, 0x8308, 0x59E5, 0x59E5, 0x59E5, 0x8308, 0x59E5, 0x8308, 0x8308, 0x8308, 0x8308, 0x8308,
    0x8308, 0x8308, 0x59E5, 0x59E5, 0x8308, 0x8308, 0x59E5, 0x59E5, 0x59E5, 0x8308, 0x59E5, 0x8308,
    0x8308, 0x8308, 0x8308, 0x8308, 0x8308, 0x8308, 0x59E5, 0x59E5, 0x8308, 0x8308, 0x59E5, 0x59E5,
    0x59E5, 0x8308, 0x59E5, 0x8308, 0x8308, 0x8308, 0x8308, 0x8308, 0x8308, 0x8308, 0x59E5, 0x59E5,
    0x8308, 0x8308, 0x59E5, 0x59E5, 0x59E5, 0x8308, 0x59E5, 0x8308, 0x8308, 0x8308, 0x8308, 0x8308,
    0x8308, 0x8308, 0x59E5, 0x59E5, 0x8308, 0x8308, 0x59E5, 0x59E5, 0x59E5, 0x8308, 0x59E5, 0x8308,
    0x8308, 0x8308, 0x8308, 0x8308, 0x8308, 0x8308, 0x59E5, 0x59E5, 0x8308, 0x8308, 0x59E5, 0x59E5,
    0x59E5, 0x8308, 0x59E5, 0x8308, 0x8308, 0x8308, 0x8308, 0x8308, 0x8308, 0x8308, 0x59E5, 0x59E5,
    0x8308, 0x8308, 0x59E5, 0x59E5, 0x8308, 0x8308, 0x59E5, 0x8308, 0x8308, 0x8308, 0x8308, 0x59E5,
    0x59E5, 0x8308, 0x59E5, 0x8308, 0x59E5, 0x8308, 0x8308, 0x59E5, 0x8308, 0x8308, 0x59E5, 0x8308,
    0x8308, 0x8308, 0x8308, 0x59E5, 0x59E5, 0x8308, 0x59E5, 0x8308, 0x59E5, 0x8308, 0x8308, 0x59E5,
    0x8308, 0x8308, 0x59E5, 0x8308, 0x8308, 0x8308, 0x8308, 0x59E5, 0x59E5, 0x8308, 0x59E5, 0x8308,
    0x59E5, 0x8308, 0x8308, 0x59E5, 0x8308, 0x8308, 0x59E5, 0x8308, 0x8308, 0x8308, 0x8308, 0x59E5,
    0x59E5, 0x8308, 0x59E5, 0x8308, 0x59E5, 0x8308, 0x8308, 0x59E5, 0x8308, 0x8308, 0x59E5, 0x8308,
    0x8308, 0x8308, 0x8308, 0x59E5, 0x59E5, 0x8308, 0x59E5, 0x8308, 0x59E5, 0x8308, 0x8308, 0x59E5,
    0x8308, 0x8308, 0x59E5, 0x8308, 0x8308, 0x8308, 0x8308, 0x59E5, 0x59E5, 0x8308, 0x59E5, 0x8308,
    0x59E5, 0x8308, 0x8308, 0x59E5, 0x8308, 0x8308, 0x59E5, 0x8308, 0x8308, 0x8308, 0x8308, 0x59E5,
    0x59E5, 0x8308, 0x59E5, 0x8308, 0x59E5, 0x8308, 0x8308, 0x59E5, 0x8308, 0x8308, 0x59E5, 0x8308,
    0x8308, 0x8308, 0x8308, 0x59E5, 0x59E5, 0x8308, 0x59E5, 0x8308, 0x59E5, 0x8308, 0x8308, 0x59E5,
    0x8308, 0x8308, 0x59E5, 0x8308, 0x8308, 0x8308, 0x8308, 0x59E5, 0x59E5, 0x8308, 0x59E5, 0x8308,
    0x59E5, 0x8308, 0x8308, 0x59E5, 0x8308, 0x8308, 0x59E5, 0x8308, 0x8308, 0x8308, 0x8308, 0x59E5,
    0x59E5, 0x8308, 0x59E5, 0x8308, 0x59E5, 0x8308, 0x8308, 0x59E5, 0x8308, 0x8308, 0x59E5, 0x8308,
    0x8308, 0x8308, 0x8308, 0x59E5, 0x59E5, 0x8308, 0x59E5, 0x8308, 0x59E5, 0x8308, 0x8308, 0x59E5,
    0x8308, 0x8308, 0x59E5, 0x8308, 0x8308, 0x8308, 0x8308, 0x59E5, 0x59E5, 0x8308, 0x59E5, 0x8308,
    0x59E5, 0x8308, 0x8308, 0x59E5, 0x8308, 0x8308, 0x59E5, 0x8308, 0x8308, 0x8308, 0x8308, 0x59E5,
    0x59E5, 0x8308, 0x59E5, 0x8308, 0x59E5, 0x8308, 0x8308, 0x59E5, 0x8308, 0x8308, 0x59E5, 0x8308,
    0x8308, 0x8308, 0x8308, 0x59E5, 0x59E5, 0x8308, 0x59E5, 0x8308, 0x59E5, 0x8308, 0x8308, 0x59E5,
    0x8308, 0x8308, 0x59E5, 0x8308, 0x8308, 0x8308, 0x8308, 0x59E5, 0x59E5, 0x8308, 0x59E5, 0x8308,
    0x59E5, 0x8308, 0x8308, 0x59E5, 0x8308, 0x8308, 0x59E5, 0x8308, 0x8308, 0x8308, 0x8308, 0x59E5,
    0x59E5, 0x8308, 0x59E5, 0x8308, 0x59E5, 0x8308, 0x8308, 0x59E5, 0x8308, 0x8308, 0x59E5, 0x8308,
    0x8308, 0x8308, 0x8308, 0x59E5, 0x59E5, 0x8308, 0x59E5, 0x8308, 0x59E5, 0x8308, 0x8308, 0x59E5,
    0x8308, 0x8308, 0x59E5, 0x8308, 0x8308, 0x8308, 0x8308, 0x59E5, 0x59E5, 0x8308, 0x59E5, 0x8308,
    0x59E5, 0x8308, 0x8308, 0x59E5, 0x8308, 0x8308, 0x59E5, 0x8308, 0x8308, 0x8308, 0x8308, 0x59E5,
    0x59E5, 0x8308, 0x59E5, 0x8308, 0x59E5, 0x8308, 0x8308, 0x59E5, 0x8308, 0x8308, 0x59E5, 0x8308,
    0x8308, 0x8308, 0x8308, 0x59E5, 0x59E5, 0x8308, 0x59E5, 0x8308, 0x59E5, 0x8308, 0x8308, 0x59E5,
    0x59E5, 0x8308, 0x59E5, 0x59E5, 0x8308, 0x8308, 0x8308, 0x59E5, 0x8308, 0x59E5, 0x59E5, 0x59E5,
    0x8308, 0x59E5, 0x59E5, 0x8308, 0x59E5, 0x8308, 0x59E5, 0x59E5, 0x8308, 0x8308, 0x8308, 0x59E5,
    0x8308, 0x59E5, 0x59E5, 0x59E5, 0x8308, 0x59E5, 0x59E5, 0x8308, 0x59E5, 0x8308, 0x59E5, 0x59E5,
    0x8308, 0x8308, 0x8308, 0x59E5, 0x8308, 0x59E5, 0x59E5, 0x59E5, 0x8308, 0x59E5, 0x59E5, 0x8308,
    0x59E5, 0x8308, 0x59E5, 0x59E5, 0x8308, 0x8308, 0x8308, 0x59E5, 0x8308, 0x59E5, 0x59E5, 0x59E5,
    0x8308, 0x59E5, 0x59E5, 0x8308, 0x59E5, 0x8308, 0x59E5, 0x59E5, 0x8308, 0x8308, 0x8308, 0x59E5,
    0x8308, 0x59E5, 0x59E5, 0x59E5, 0x8308, 0x59E5, 0x59E5, 0x8308, 0x59E5, 0x8308, 0x59E5, 0x59E5,
    0x8308, 0x8308, 0x8308, 0x59E5, 0x8308, 0x59E5, 0x59E5, 0x59E5, 0x8308, 0x59E5, 0x59E5, 0x8308,
    0x59E5, 0x8308, 0x59E5, 0x59E5, 0x8308, 0x8308, 0x8308, 0x59E5, 0x8308, 0x59E5, 0x59E5, 0x59E5,
    0x8308, 0x59E5, 0x59E5, 0x8308, 0x59E5, 0x8308, 0x59E5, 0x59E5, 0x8308, 0x8308, 0x8308, 0x59E5,
    0x8308, 0x59E5, 0x59E5, 0x59E5, 0x8308, 0x59E5, 0x59E5, 0x8308, 0x59E5, 0x8308, 0x59E5, 0x59E5,
    0x8308, 0x8308, 0x8308, 0x59E5, 0x8308, 0x59E5, 0x59E5, 0x59E5, 0x8308, 0x59E5, 0x59E5, 0x8308,
    0x59E5, 0x8308, 0x59E5, 0x59E5, 0x8308, 0x8308, 0x8308, 0x59E5, 0x8308, 0x59E5, 0x59E5, 0x59E5,
    0x8308, 0x59E5, 0x59E5, 0x8308, 0x59E5, 0x8308, 0x59E5, 0x59E5, 0x8308, 0x8308, 0x8308, 0x59E5,
    0x8308, 0x59E5, 0x59E5, 0x59E5, 0x8308, 0x59E5, 0x59E5, 0x8308, 0x59E5, 0x8308, 0x59E5, 0x59E5,
    0x8308, 0x8308, 0x8308, 0x59E5, 0x8308, 0x59E5, 0x59E5, 0x59E5, 0x8308, 0x59E5, 0x59E5, 0x8308,
    0x59E5, 0x8308, 0x59E5, 0x59E5, 0x8308, 0x8308, 0x8308, 0x59E5, 0x8308, 0x59E5, 0x59E5, 0x59E5,
    0x8308, 0x59E5, 0x59E5, 0x8308, 0x59E5, 0x8308, 0x59E5, 0x59E5, 0x8308, 0x8308, 0x8308, 0x59E5,
    0x8308, 0x59E5, 0x59E5, 0x59E5, 0x8308, 0x59E5, 0x59E5, 0x8308, 0x59E5, 0x8308, 0x59E5, 0x59E5,
    0x8308, 0x8308, 0x8308, 0x59E5, 0x8308, 0x59E5, 0x59E5, 0x59E5, 0x8308, 0x59E5, 0x59E5, 0x8308,
    0x59E5, 0x8308, 0x59E5, 0x59E5, 0x8308, 0x8308, 0x8308, 0x59E5, 0x8308, 0x59E5, 0x59E5, 0x59E5,
    0x8308, 0x59E5, 0x59E5, 0x8308, 0x59E5, 0x8308, 0x59E5, 0x59E5, 0x8308, 0x8308, 0x8308, 0x59E5,
    0x8308, 0x59E5, 0x59E5, 0x59E5, 0x8308, 0x59E5, 0x59E5, 0x8308, 0x59E5, 0x8308, 0x59E5, 0x59E5,
    0x8308, 0x8308, 0x8308, 0x59E5, 0x8308, 0x59E5, 0x59E5, 0x59E5, 0x8308, 0x59E5, 0x59E5, 0x8308,
    0x59E5, 0x8308, 0x59E5, 0x59E5, 0x8308, 0x8308, 0x8308, 0x59E5, 0x8308, 0x59E5, 0x59E5, 0x59E5,
    0x8308, 0x59E5, 0x59E5, 0x8308, 0x59E5, 0x8308, 0x59E5, 0x59E5, 0x8308, 0x8308, 0x8308, 0x59E5,
    0x8308, 0x59E5, 0x59E5, 0x59E5, 0x8308, 0x59E5, 0x59E5, 0x8308, 0x8308, 0x59E5, 0x8308, 0x8308,
    0x8308, 0x8308, 0x8308, 0x8308, 0x59E5, 0x59E5, 0x59E5, 0x8308, 0x8308, 0x8308, 0x59E5, 0x8308,
    0x8308, 0x59E5, 0x8308, 0x8308, 0x8308, 0x8308, 0x8308, 0x8308, 0x59E5, 0x59E5, 0x59E5, 0x8308,
    0x8308, 0x8308, 0x59E5, 0x8308, 0x8308, 0x59E5, 0x8308, 0x8308, 0x8308, 0x8308, 0x8308, 0x8308,
    0x59E5, 0x59E5, 0x59E5, 0x8308, 0x8308, 0x8308, 0x59E5, 0x8308, 0x8308, 0x59E5, 0x8308, 0x8308,
    0x8308, 0x8308, 0x8308, 0x8308, 0x59E5, 0x59E5, 0x59E5, 0x8308, 0x8308, 0x8308, 0x59E5, 0x8308,
    0x8308, 0x59E5, 0x8308, 0x8308, 0x8308, 0x8308, 0x8308, 0x8308, 0x59E5, 0x59E5, 0x59E5, 0x8308,
    0x8308, 0x8308, 0x59E5, 0x8308, 0x8308, 0x59E5, 0x8308, 0x8308, 0x8308, 0x8308, 0x8308, 0x8308,
    0x59E5, 0x59E5, 0x59E5, 0x8308, 0x8308, 0x8308, 0x59E5, 0x8308, 0x8308, 0x59E5, 0x8308, 0x8308,
    0x8308, 0x8308, 0x8308, 0x8308, 0x59E5, 0x59E5, 0x59E5, 0x8308, 0x8308, 0x8308, 0x59E5, 0x8308,
    0x8308, 0x59E5, 0x8308, 0x8308, 0x8308, 0x8308, 0x8308, 0x8308, 0x59E5, 0x59E5, 0x59E5, 0x8308,
    0x8308, 0x8308, 0x59E5, 0x8308, 0x8308, 0x59E5, 0x8308, 0x8308, 0x8308, 0x8308, 0x8308, 0x8308,
    0x59E5, 0x59E5, 0x59E5, 0x8308, 0x8308, 0x8308, 0x59E5, 0x8308, 0x8308, 0x59E5, 0x8308, 0x8308,
    0x8308, 0x8308, 0x8308, 0x8308, 0x59E5, 0x59E5, 0x59E5, 0x8308, 0x8308, 0x8308, 0x59E5, 0x8308,
    0x8308, 0x59E5, 0x8308, 0x8308, 0x8308, 0x8308, 0x8308, 0x8308, 0x59E5, 0x59E5, 0x59E5, 0x8308,
    0x8308, 0x8308, 0x59E5, 0x8308, 0x8308, 0x59E5, 0x8308, 0x8308, 0x8308, 0x8308, 0x8308, 0x8308,
    0x59E5, 0x59E5, 0x59E5, 0x8308, 0x8308, 0x8308, 0x59E5, 0x8308, 0x8308, 0x59E5, 0x8308, 0x8308,
    0x8308, 0x8308, 0x8308, 0x8308, 0x59E5, 0x59E5, 0x59E5, 0x8308, 0x8308, 0x8308, 0x59E5, 0x8308,
    0x8308, 0x59E5, 0x8308, 0x8308, 0x8308, 0x8308, 0x8308, 0x8308, 0x59E5, 0x59E5, 0x59E5, 0x8308,
    0x8308, 0x8308, 0x59E5, 0x8308, 0x8308, 0x59E5, 0x8308, 0x8308, 0x8308, 0x8308, 0x8308, 0x8308,
    0x59E5, 0x59E5, 0x59E5, 0x8308, 0x8308, 0x8308, 0x59E5, 0x8308, 0x8308, 0x59E5, 0x8308, 0x8308,
    0x8308, 0x8308, 0x8308, 0x8308, 0x59E5, 0x59E5, 0x59E5, 0x8308, 0x8308, 0x8308, 0x59E5, 0x8308,
    0x8308, 0x59E5, 0x8308, 0x8308, 0x8308, 0x8308, 0x8308, 0x8308, 0x59E5, 0x59E5, 0x59E5, 0x8308,
    0x8308, 0x8308, 0x59E5, 0x8308, 0x8308, 0x59E5, 0x8308, 0x8308, 0x8308, 0x8308, 0x8308, 0x8308,
    0x59E5, 0x59E5, 0x59E5, 0x8308, 0x8308, 0x8308, 0x59E5, 0x8308, 0x8308, 0x59E5, 0x8308, 0x8308,
    0x8308, 0x8308, 0x8308, 0x8308, 0x59E5, 0x59E5, 0x59E5, 0x8308, 0x8308, 0x8308, 0x59E5, 0x8308,
    0x8308, 0x59E5, 0x8308, 0x8308, 0x8308, 0x8308, 0x8308, 0x8308, 0x59E5, 0x59E5, 0x59E5, 0x8308,
    0x8308, 0x8308, 0x59E5, 0x8308,
};
